image,label_id,label_name,source_row,lesion_id,fold
ISIC_0024306,1,NV,0,HAM_0000550,5
ISIC_0024307,1,NV,1,HAM_0003577,4
ISIC_0024308,1,NV,2,HAM_0001477,8
ISIC_0024309,1,NV,3,HAM_0000484,2
ISIC_0024310,0,MEL,4,HAM_0003350,3
ISIC_0024311,1,NV,5,HAM_0000981,0
ISIC_0024312,4,BKL,6,HAM_0001359,5
ISIC_0024313,0,MEL,7,HAM_0002869,3
ISIC_0024314,1,NV,8,HAM_0002198,6
ISIC_0024315,0,MEL,9,HAM_0007538,3
ISIC_0024316,1,NV,10,HAM_0002718,9
ISIC_0024317,1,NV,11,HAM_0003951,9
ISIC_0024318,5,DF,12,HAM_0002450,0
ISIC_0024319,1,NV,13,HAM_0003062,4
ISIC_0024320,1,NV,14,HAM_0005039,1
ISIC_0024321,1,NV,15,HAM_0003511,7
ISIC_0024322,1,NV,16,HAM_0001538,6
ISIC_0024323,0,MEL,17,HAM_0002493,1
ISIC_0024324,4,BKL,18,HAM_0000351,1
ISIC_0024325,1,NV,19,HAM_0002044,7
ISIC_0024326,1,NV,20,HAM_0001812,1
ISIC_0024327,1,NV,21,HAM_0005939,3
ISIC_0024328,1,NV,22,HAM_0002701,3
ISIC_0024329,3,AKIEC,23,HAM_0002954,3
ISIC_0024330,5,DF,24,HAM_0006188,0
ISIC_0024331,2,BCC,25,HAM_0004662,8
ISIC_0024332,2,BCC,26,HAM_0002240,3
ISIC_0024333,0,MEL,27,HAM_0007511,1
ISIC_0024334,1,NV,28,HAM_0001472,3
ISIC_0024335,1,NV,29,HAM_0004431,1
ISIC_0024336,4,BKL,30,HAM_0006732,2
ISIC_0024337,4,BKL,31,HAM_0005136,3
ISIC_0024338,4,BKL,32,HAM_0002809,8
ISIC_0024339,1,NV,33,HAM_0005781,6
ISIC_0024340,1,NV,34,HAM_0001160,9
ISIC_0024341,1,NV,35,HAM_0002951,3
ISIC_0024342,1,NV,36,HAM_0001981,4
ISIC_0024343,1,NV,37,HAM_0000150,6
ISIC_0024344,1,NV,38,HAM_0000380,8
ISIC_0024345,2,BCC,39,HAM_0006872,0
ISIC_0024346,1,NV,40,HAM_0003411,2
ISIC_0024347,1,NV,41,HAM_0003121,2
ISIC_0024348,1,NV,42,HAM_0002426,5
ISIC_0024349,1,NV,43,HAM_0000025,0
ISIC_0024350,1,NV,44,HAM_0006264,3
ISIC_0024351,0,MEL,45,HAM_0001349,4
ISIC_0024352,1,NV,46,HAM_0004897,8
ISIC_0024353,1,NV,47,HAM_0002847,6
ISIC_0024354,1,NV,48,HAM_0004117,3
ISIC_0024355,1,NV,49,HAM_0001525,4
ISIC_0024356,1,NV,50,HAM_0000689,3
ISIC_0024357,1,NV,51,HAM_0005676,4
ISIC_0024358,4,BKL,52,HAM_0000933,9
ISIC_0024359,1,NV,53,HAM_0001112,2
ISIC_0024360,2,BCC,54,HAM_0005530,2
ISIC_0024361,1,NV,55,HAM_0005605,1
ISIC_0024362,1,NV,56,HAM_0001758,1
ISIC_0024363,1,NV,57,HAM_0004534,6
ISIC_0024364,1,NV,58,HAM_0004535,6
ISIC_0024365,1,NV,59,HAM_0001534,2
ISIC_0024366,1,NV,60,HAM_0002300,4
ISIC_0024367,0,MEL,61,HAM_0001726,3
ISIC_0024368,1,NV,62,HAM_0003465,7
ISIC_0024369,1,NV,63,HAM_0004657,1
ISIC_0024370,6,VASC,64,HAM_0001780,8
ISIC_0024371,4,BKL,65,HAM_0000806,0
ISIC_0024372,3,AKIEC,66,HAM_0005389,9
ISIC_0024373,1,NV,67,HAM_0003297,2
ISIC_0024374,1,NV,68,HAM_0005361,9
ISIC_0024375,6,VASC,69,HAM_0005245,4
ISIC_0024376,1,NV,70,HAM_0000984,7
ISIC_0024377,1,NV,71,HAM_0002088,6
ISIC_0024378,1,NV,72,HAM_0001580,5
ISIC_0024379,1,NV,73,HAM_0003772,3
ISIC_0024380,1,NV,74,HAM_0002936,4
ISIC_0024381,4,BKL,75,HAM_0001057,6
ISIC_0024382,4,BKL,76,HAM_0004632,6
ISIC_0024383,4,BKL,77,HAM_0003668,3
ISIC_0024384,1,NV,78,HAM_0001029,5
ISIC_0024385,1,NV,79,HAM_0006164,3
ISIC_0024386,5,DF,80,HAM_0005112,9
ISIC_0024387,1,NV,81,HAM_0004156,1
ISIC_0024388,1,NV,82,HAM_0002667,2
ISIC_0024389,1,NV,83,HAM_0001760,6
ISIC_0024390,1,NV,84,HAM_0003645,0
ISIC_0024391,1,NV,85,HAM_0002449,9
ISIC_0024392,1,NV,86,HAM_0006311,3
ISIC_0024393,1,NV,87,HAM_0001432,7
ISIC_0024394,1,NV,88,HAM_0002547,4
ISIC_0024395,1,NV,89,HAM_0000813,7
ISIC_0024396,5,DF,90,HAM_0002450,3
ISIC_0024397,1,NV,91,HAM_0001501,5
ISIC_0024398,1,NV,92,HAM_0001672,1
ISIC_0024399,1,NV,93,HAM_0004064,8
ISIC_0024400,0,MEL,94,HAM_0006751,0
ISIC_0024401,1,NV,95,HAM_0002178,0
ISIC_0024402,6,VASC,96,HAM_0004542,1
ISIC_0024403,2,BCC,97,HAM_0003680,2
ISIC_0024404,1,NV,98,HAM_0005076,1
ISIC_0024405,1,NV,99,HAM_0001060,0
ISIC_0024406,1,NV,100,HAM_0007480,9
ISIC_0024407,1,NV,101,HAM_0002775,4
ISIC_0024408,4,BKL,102,HAM_0004768,5
ISIC_0024409,4,BKL,103,HAM_0000835,6
ISIC_0024410,0,MEL,104,HAM_0007530,3
ISIC_0024411,2,BCC,105,HAM_0001390,4
ISIC_0024412,4,BKL,106,HAM_0003835,3
ISIC_0024413,1,NV,107,HAM_0001110,9
ISIC_0024414,1,NV,108,HAM_0006226,9
ISIC_0024415,1,NV,109,HAM_0005586,9
ISIC_0024416,1,NV,110,HAM_0002172,6
ISIC_0024417,1,NV,111,HAM_0003473,3
ISIC_0024418,3,AKIEC,112,HAM_0003380,7
ISIC_0024419,1,NV,113,HAM_0001792,3
ISIC_0024420,4,BKL,114,HAM_0006201,7
ISIC_0024421,1,NV,115,HAM_0001260,1
ISIC_0024422,4,BKL,116,HAM_0001605,3
ISIC_0024423,1,NV,117,HAM_0006485,3
ISIC_0024424,1,NV,118,HAM_0006333,2
ISIC_0024425,1,NV,119,HAM_0006342,6
ISIC_0024426,4,BKL,120,HAM_0001597,9
ISIC_0024427,1,NV,121,HAM_0003988,0
ISIC_0024428,1,NV,122,HAM_0000923,6
ISIC_0024429,1,NV,123,HAM_0006272,3
ISIC_0024430,1,NV,124,HAM_0007269,4
ISIC_0024431,2,BCC,125,HAM_0002134,3
ISIC_0024432,2,BCC,126,HAM_0002083,8
ISIC_0024433,1,NV,127,HAM_0001675,7
ISIC_0024434,1,NV,128,HAM_0006716,4
ISIC_0024435,4,BKL,129,HAM_0003317,2
ISIC_0024436,2,BCC,130,HAM_0005392,9
ISIC_0024437,1,NV,131,HAM_0002566,2
ISIC_0024438,1,NV,132,HAM_0002251,1
ISIC_0024439,1,NV,133,HAM_0005631,3
ISIC_0024440,1,NV,134,HAM_0001879,7
ISIC_0024441,1,NV,135,HAM_0007516,0
ISIC_0024442,1,NV,136,HAM_0001439,0
ISIC_0024443,2,BCC,137,HAM_0002269,1
ISIC_0024444,1,NV,138,HAM_0005543,2
ISIC_0024445,4,BKL,139,HAM_0000243,0
ISIC_0024446,4,BKL,140,HAM_0001475,5
ISIC_0024447,1,NV,141,HAM_0007429,2
ISIC_0024448,2,BCC,142,HAM_0005417,8
ISIC_0024449,0,MEL,143,HAM_0001950,3
ISIC_0024450,3,AKIEC,144,HAM_0005505,5
ISIC_0024451,1,NV,145,HAM_0003737,9
ISIC_0024452,2,BCC,146,HAM_0005971,1
ISIC_0024453,4,BKL,147,HAM_0005514,7
ISIC_0024454,2,BCC,148,HAM_0005180,1
ISIC_0024455,1,NV,149,HAM_0006585,6
ISIC_0024456,1,NV,150,HAM_0003612,8
ISIC_0024457,2,BCC,151,HAM_0006843,2
ISIC_0024458,1,NV,152,HAM_0005590,5
ISIC_0024459,0,MEL,153,HAM_0005846,8
ISIC_0024460,1,NV,154,HAM_0007135,8
ISIC_0024461,2,BCC,155,HAM_0002313,5
ISIC_0024462,1,NV,156,HAM_0006693,3
ISIC_0024463,3,AKIEC,157,HAM_0004568,4
ISIC_0024464,1,NV,158,HAM_0005604,6
ISIC_0024465,1,NV,159,HAM_0006377,3
ISIC_0024466,1,NV,160,HAM_0001891,6
ISIC_0024467,1,NV,161,HAM_0002819,5
ISIC_0024468,3,AKIEC,162,HAM_0006301,1
ISIC_0024469,1,NV,163,HAM_0001468,2
ISIC_0024470,3,AKIEC,164,HAM_0006220,3
ISIC_0024471,4,BKL,165,HAM_0000299,8
ISIC_0024472,2,BCC,166,HAM_0001654,6
ISIC_0024473,1,NV,167,HAM_0001414,8
ISIC_0024474,1,NV,168,HAM_0002102,9
ISIC_0024475,6,VASC,169,HAM_0003873,7
ISIC_0024476,1,NV,170,HAM_0002007,1
ISIC_0024477,4,BKL,171,HAM_0000259,5
ISIC_0024478,1,NV,172,HAM_0002682,7
ISIC_0024479,1,NV,173,HAM_0006469,1
ISIC_0024480,1,NV,174,HAM_0000866,6
ISIC_0024481,0,MEL,175,HAM_0003315,7
ISIC_0024482,0,MEL,176,HAM_0007054,5
ISIC_0024483,1,NV,177,HAM_0004266,5
ISIC_0024484,1,NV,178,HAM_0000278,3
ISIC_0024485,1,NV,179,HAM_0006172,9
ISIC_0024486,1,NV,180,HAM_0002002,0
ISIC_0024487,1,NV,181,HAM_0007053,6
ISIC_0024488,1,NV,182,HAM_0003783,9
ISIC_0024489,4,BKL,183,HAM_0000710,2
ISIC_0024490,4,BKL,184,HAM_0000985,4
ISIC_0024491,1,NV,185,HAM_0002452,3
ISIC_0024492,1,NV,186,HAM_0006736,7
ISIC_0024493,1,NV,187,HAM_0006689,8
ISIC_0024494,4,BKL,188,HAM_0002933,6
ISIC_0024495,4,BKL,189,HAM_0006466,1
ISIC_0024496,0,MEL,190,HAM_0001703,7
ISIC_0024497,1,NV,191,HAM_0006757,9
ISIC_0024498,4,BKL,192,HAM_0002462,4
ISIC_0024499,1,NV,193,HAM_0000708,6
ISIC_0024500,1,NV,194,HAM_0004465,1
ISIC_0024501,1,NV,195,HAM_0007044,4
ISIC_0024502,1,NV,196,HAM_0001732,0
ISIC_0024503,1,NV,197,HAM_0001142,2
ISIC_0024504,2,BCC,198,HAM_0000189,1
ISIC_0024505,4,BKL,199,HAM_0000364,1
ISIC_0024506,1,NV,200,HAM_0004340,1
ISIC_0024507,1,NV,201,HAM_0001017,2
ISIC_0024508,1,NV,202,HAM_0006598,9
ISIC_0024509,1,NV,203,HAM_0002966,1
ISIC_0024510,1,NV,204,HAM_0007453,4
ISIC_0024511,3,AKIEC,205,HAM_0001505,9
ISIC_0024512,1,NV,206,HAM_0000539,9
ISIC_0024513,1,NV,207,HAM_0003712,7
ISIC_0024514,1,NV,208,HAM_0002201,3
ISIC_0024515,2,BCC,209,HAM_0003373,6
ISIC_0024516,0,MEL,210,HAM_0002523,1
ISIC_0024517,3,AKIEC,211,HAM_0001894,7
ISIC_0024518,1,NV,212,HAM_0004985,0
ISIC_0024519,1,NV,213,HAM_0007543,1
ISIC_0024520,1,NV,214,HAM_0003113,8
ISIC_0024521,1,NV,215,HAM_0007330,5
ISIC_0024522,3,AKIEC,216,HAM_0005650,4
ISIC_0024523,1,NV,217,HAM_0006246,7
ISIC_0024524,1,NV,218,HAM_0000468,2
ISIC_0024525,0,MEL,219,HAM_0005540,6
ISIC_0024526,1,NV,220,HAM_0000290,8
ISIC_0024527,1,NV,221,HAM_0001278,6
ISIC_0024528,1,NV,222,HAM_0002857,3
ISIC_0024529,1,NV,223,HAM_0004432,2
ISIC_0024530,1,NV,224,HAM_0001235,3
ISIC_0024531,1,NV,225,HAM_0006552,6
ISIC_0024532,1,NV,226,HAM_0004415,8
ISIC_0024533,1,NV,227,HAM_0003239,4
ISIC_0024534,1,NV,228,HAM_0003207,8
ISIC_0024535,1,NV,229,HAM_0001287,9
ISIC_0024536,1,NV,230,HAM_0003273,3
ISIC_0024537,0,MEL,231,HAM_0001729,1
ISIC_0024538,1,NV,232,HAM_0000397,4
ISIC_0024539,3,AKIEC,233,HAM_0002551,8
ISIC_0024540,1,NV,234,HAM_0000159,2
ISIC_0024541,1,NV,235,HAM_0004502,1
ISIC_0024542,1,NV,236,HAM_0000224,4
ISIC_0024543,1,NV,237,HAM_0004749,8
ISIC_0024544,1,NV,238,HAM_0007336,1
ISIC_0024545,0,MEL,239,HAM_0006803,2
ISIC_0024546,0,MEL,240,HAM_0000952,6
ISIC_0024547,4,BKL,241,HAM_0005790,5
ISIC_0024548,1,NV,242,HAM_0007441,8
ISIC_0024549,1,NV,243,HAM_0002385,2
ISIC_0024550,2,BCC,244,HAM_0005721,1
ISIC_0024551,1,NV,245,HAM_0002629,8
ISIC_0024552,0,MEL,246,HAM_0000653,9
ISIC_0024553,5,DF,247,HAM_0005330,5
ISIC_0024554,0,MEL,248,HAM_0004507,3
ISIC_0024555,1,NV,249,HAM_0004407,8
ISIC_0024556,1,NV,250,HAM_0003151,7
ISIC_0024557,1,NV,251,HAM_0001247,2
ISIC_0024558,1,NV,252,HAM_0003041,8
ISIC_0024559,1,NV,253,HAM_0003257,8
ISIC_0024560,1,NV,254,HAM_0000886,7
ISIC_0024561,1,NV,255,HAM_0000707,1
ISIC_0024562,3,AKIEC,256,HAM_0002745,2
ISIC_0024563,1,NV,257,HAM_0000497,6
ISIC_0024564,2,BCC,258,HAM_0002666,5
ISIC_0024565,1,NV,259,HAM_0005486,7
ISIC_0024566,1,NV,260,HAM_0005755,0
ISIC_0024567,1,NV,261,HAM_0000628,1
ISIC_0024568,1,NV,262,HAM_0007386,2
ISIC_0024569,1,NV,263,HAM_0002046,2
ISIC_0024570,1,NV,264,HAM_0006307,8
ISIC_0024571,0,MEL,265,HAM_0006699,0
ISIC_0024572,2,BCC,266,HAM_0005657,0
ISIC_0024573,2,BCC,267,HAM_0005804,2
ISIC_0024574,1,NV,268,HAM_0005390,6
ISIC_0024575,3,AKIEC,269,HAM_0004722,5
ISIC_0024576,1,NV,270,HAM_0003936,3
ISIC_0024577,1,NV,271,HAM_0005531,4
ISIC_0024578,1,NV,272,HAM_0004518,1
ISIC_0024579,3,AKIEC,273,HAM_0000005,5
ISIC_0024580,1,NV,274,HAM_0003405,6
ISIC_0024581,4,BKL,275,HAM_0001995,0
ISIC_0024582,2,BCC,276,HAM_0006727,0
ISIC_0024583,1,NV,277,HAM_0004652,6
ISIC_0024584,1,NV,278,HAM_0001391,8
ISIC_0024585,1,NV,279,HAM_0004230,3
ISIC_0024586,0,MEL,280,HAM_0003832,5
ISIC_0024587,1,NV,281,HAM_0002645,9
ISIC_0024588,1,NV,282,HAM_0006931,4
ISIC_0024589,1,NV,283,HAM_0000413,1
ISIC_0024590,2,BCC,284,HAM_0004511,0
ISIC_0024591,1,NV,285,HAM_0006068,7
ISIC_0024592,4,BKL,286,HAM_0000236,2
ISIC_0024593,1,NV,287,HAM_0007369,5
ISIC_0024594,1,NV,288,HAM_0000892,6
ISIC_0024595,2,BCC,289,HAM_0004027,9
ISIC_0024596,1,NV,290,HAM_0004802,3
ISIC_0024597,1,NV,291,HAM_0003303,7
ISIC_0024598,1,NV,292,HAM_0000748,6
ISIC_0024599,1,NV,293,HAM_0004839,9
ISIC_0024600,1,NV,294,HAM_0002499,1
ISIC_0024601,1,NV,295,HAM_0001874,1
ISIC_0024602,4,BKL,296,HAM_0002984,3
ISIC_0024603,1,NV,297,HAM_0006141,9
ISIC_0024604,1,NV,298,HAM_0003767,0
ISIC_0024605,1,NV,299,HAM_0001045,3
ISIC_0024606,1,NV,300,HAM_0006576,6
ISIC_0024607,1,NV,301,HAM_0002563,8
ISIC_0024608,1,NV,302,HAM_0000231,3
ISIC_0024609,1,NV,303,HAM_0003498,2
ISIC_0024610,1,NV,304,HAM_0002676,3
ISIC_0024611,1,NV,305,HAM_0000385,5
ISIC_0024612,4,BKL,306,HAM_0000383,3
ISIC_0024613,1,NV,307,HAM_0001291,7
ISIC_0024614,1,NV,308,HAM_0001257,2
ISIC_0024615,1,NV,309,HAM_0003308,4
ISIC_0024616,1,NV,310,HAM_0004241,6
ISIC_0024617,1,NV,311,HAM_0003035,2
ISIC_0024618,1,NV,312,HAM_0006030,6
ISIC_0024619,1,NV,313,HAM_0006829,9
ISIC_0024620,1,NV,314,HAM_0001881,8
ISIC_0024621,1,NV,315,HAM_0000314,1
ISIC_0024622,1,NV,316,HAM_0004771,1
ISIC_0024623,4,BKL,317,HAM_0003458,9
ISIC_0024624,0,MEL,318,HAM_0000210,7
ISIC_0024625,1,NV,319,HAM_0005780,6
ISIC_0024626,4,BKL,320,HAM_0007621,1
ISIC_0024627,1,NV,321,HAM_0002992,9
ISIC_0024628,1,NV,322,HAM_0002454,0
ISIC_0024629,1,NV,323,HAM_0005793,4
ISIC_0024630,0,MEL,324,HAM_0007511,9
ISIC_0024631,1,NV,325,HAM_0000046,9
ISIC_0024632,2,BCC,326,HAM_0001666,8
ISIC_0024633,1,NV,327,HAM_0006254,5
ISIC_0024634,2,BCC,328,HAM_0005933,3
ISIC_0024635,4,BKL,329,HAM_0003410,9
ISIC_0024636,1,NV,330,HAM_0001987,1
ISIC_0024637,1,NV,331,HAM_0006812,1
ISIC_0024638,1,NV,332,HAM_0002850,3
ISIC_0024639,1,NV,333,HAM_0003797,7
ISIC_0024640,0,MEL,334,HAM_0005467,2
ISIC_0024641,1,NV,335,HAM_0005860,6
ISIC_0024642,1,NV,336,HAM_0000947,4
ISIC_0024643,4,BKL,337,HAM_0005101,2
ISIC_0024644,0,MEL,338,HAM_0004171,5
ISIC_0024645,1,NV,339,HAM_0000004,3
ISIC_0024646,3,AKIEC,340,HAM_0006252,2
ISIC_0024647,0,MEL,341,HAM_0006764,6
ISIC_0024648,1,NV,342,HAM_0002304,8
ISIC_0024649,1,NV,343,HAM_0001151,1
ISIC_0024650,1,NV,344,HAM_0003324,0
ISIC_0024651,1,NV,345,HAM_0001681,2
ISIC_0024652,0,MEL,346,HAM_0003428,5
ISIC_0024653,1,NV,347,HAM_0003525,5
ISIC_0024654,3,AKIEC,348,HAM_0005705,7
ISIC_0024655,1,NV,349,HAM_0000013,8
ISIC_0024656,1,NV,350,HAM_0003779,3
ISIC_0024657,1,NV,351,HAM_0005537,1
ISIC_0024658,1,NV,352,HAM_0003127,7
ISIC_0024659,1,NV,353,HAM_0001514,7
ISIC_0024660,1,NV,354,HAM_0001441,4
ISIC_0024661,1,NV,355,HAM_0000743,8
ISIC_0024662,6,VASC,356,HAM_0007532,5
ISIC_0024663,1,NV,357,HAM_0000640,2
ISIC_0024664,1,NV,358,HAM_0001604,0
ISIC_0024665,2,BCC,359,HAM_0003866,7
ISIC_0024666,2,BCC,360,HAM_0005435,9
ISIC_0024667,1,NV,361,HAM_0000248,8
ISIC_0024668,1,NV,362,HAM_0005007,9
ISIC_0024669,6,VASC,363,HAM_0006617,7
ISIC_0024670,1,NV,364,HAM_0002935,7
ISIC_0024671,1,NV,365,HAM_0001098,0
ISIC_0024672,4,BKL,366,HAM_0005790,7
ISIC_0024673,2,BCC,367,HAM_0003429,9
ISIC_0024674,1,NV,368,HAM_0007096,3
ISIC_0024675,0,MEL,369,HAM_0001600,0
ISIC_0024676,4,BKL,370,HAM_0007513,9
ISIC_0024677,1,NV,371,HAM_0003337,7
ISIC_0024678,1,NV,372,HAM_0000011,2
ISIC_0024679,0,MEL,373,HAM_0000593,3
ISIC_0024680,1,NV,374,HAM_0006323,6
ISIC_0024681,1,NV,375,HAM_0006341,7
ISIC_0024682,1,NV,376,HAM_0004864,8
ISIC_0024683,1,NV,377,HAM_0006913,8
ISIC_0024684,1,NV,378,HAM_0002481,7
ISIC_0024685,1,NV,379,HAM_0006798,2
ISIC_0024686,1,NV,380,HAM_0001051,4
ISIC_0024687,1,NV,381,HAM_0005247,7
ISIC_0024688,0,MEL,382,HAM_0001444,4
ISIC_0024689,1,NV,383,HAM_0000610,0
ISIC_0024690,1,NV,384,HAM_0005295,7
ISIC_0024691,1,NV,385,HAM_0001201,9
ISIC_0024692,1,NV,386,HAM_0004744,5
ISIC_0024693,1,NV,387,HAM_0000559,2
ISIC_0024694,1,NV,388,HAM_0001130,2
ISIC_0024695,1,NV,389,HAM_0006529,7
ISIC_0024696,4,BKL,390,HAM_0001082,1
ISIC_0024697,1,NV,391,HAM_0006108,8
ISIC_0024698,1,NV,392,HAM_0001751,2
ISIC_0024699,1,NV,393,HAM_0007605,4
ISIC_0024700,0,MEL,394,HAM_0001726,5
ISIC_0024701,0,MEL,395,HAM_0000917,7
ISIC_0024702,0,MEL,396,HAM_0000903,8
ISIC_0024703,1,NV,397,HAM_0001295,9
ISIC_0024704,1,NV,398,HAM_0001936,7
ISIC_0024705,4,BKL,399,HAM_0007355,6
ISIC_0024706,6,VASC,400,HAM_0001038,9
ISIC_0024707,3,AKIEC,401,HAM_0005448,2
ISIC_0024708,4,BKL,402,HAM_0003868,5
ISIC_0024709,4,BKL,403,HAM_0004832,7
ISIC_0024710,3,AKIEC,404,HAM_0004609,0
ISIC_0024711,4,BKL,405,HAM_0004947,0
ISIC_0024712,1,NV,406,HAM_0002364,3
ISIC_0024713,1,NV,407,HAM_0005955,9
ISIC_0024714,1,NV,408,HAM_0002715,1
ISIC_0024715,1,NV,409,HAM_0003815,1
ISIC_0024716,1,NV,410,HAM_0001058,8
ISIC_0024717,1,NV,411,HAM_0004887,1
ISIC_0024718,1,NV,412,HAM_0003345,7
ISIC_0024719,1,NV,413,HAM_0007154,4
ISIC_0024720,1,NV,414,HAM_0002076,7
ISIC_0024721,1,NV,415,HAM_0005466,9
ISIC_0024722,1,NV,416,HAM_0005452,1
ISIC_0024723,1,NV,417,HAM_0007373,6
ISIC_0024724,1,NV,418,HAM_0000679,5
ISIC_0024725,1,NV,419,HAM_0006720,5
ISIC_0024726,4,BKL,420,HAM_0005125,7
ISIC_0024727,1,NV,421,HAM_0004700,7
ISIC_0024728,1,NV,422,HAM_0005098,7
ISIC_0024729,0,MEL,423,HAM_0002011,2
ISIC_0024730,1,NV,424,HAM_0003188,0
ISIC_0024731,1,NV,425,HAM_0001298,8
ISIC_0024732,0,MEL,426,HAM_0002509,6
ISIC_0024733,0,MEL,427,HAM_0001964,7
ISIC_0024734,1,NV,428,HAM_0007445,3
ISIC_0024735,1,NV,429,HAM_0006378,3
ISIC_0024736,1,NV,430,HAM_0003762,8
ISIC_0024737,1,NV,431,HAM_0003219,4
ISIC_0024738,1,NV,432,HAM_0000203,4
ISIC_0024739,0,MEL,433,HAM_0001910,4
ISIC_0024740,4,BKL,434,HAM_0005420,5
ISIC_0024741,4,BKL,435,HAM_0000770,1
ISIC_0024742,1,NV,436,HAM_0000111,9
ISIC_0024743,2,BCC,437,HAM_0004495,2
ISIC_0024744,1,NV,438,HAM_0004434,8
ISIC_0024745,1,NV,439,HAM_0007437,8
ISIC_0024746,1,NV,440,HAM_0004623,1
ISIC_0024747,6,VASC,441,HAM_0001566,4
ISIC_0024748,4,BKL,442,HAM_0003420,3
ISIC_0024749,1,NV,443,HAM_0005204,7
ISIC_0024750,1,NV,444,HAM_0000616,4
ISIC_0024751,1,NV,445,HAM_0004870,6
ISIC_0024752,1,NV,446,HAM_0002708,6
ISIC_0024753,1,NV,447,HAM_0004895,8
ISIC_0024754,1,NV,448,HAM_0007042,0
ISIC_0024755,1,NV,449,HAM_0006133,0
ISIC_0024756,0,MEL,450,HAM_0007272,5
ISIC_0024757,1,NV,451,HAM_0004370,8
ISIC_0024758,4,BKL,452,HAM_0005968,9
ISIC_0024759,1,NV,453,HAM_0006249,1
ISIC_0024760,4,BKL,454,HAM_0003856,3
ISIC_0024761,4,BKL,455,HAM_0005053,7
ISIC_0024762,1,NV,456,HAM_0005154,8
ISIC_0024763,3,AKIEC,457,HAM_0006524,2
ISIC_0024764,1,NV,458,HAM_0007246,1
ISIC_0024765,1,NV,459,HAM_0005087,4
ISIC_0024766,1,NV,460,HAM_0004386,7
ISIC_0024767,0,MEL,461,HAM_0003212,1
ISIC_0024768,1,NV,462,HAM_0003024,7
ISIC_0024769,1,NV,463,HAM_0002863,2
ISIC_0024770,4,BKL,464,HAM_0000106,3
ISIC_0024771,3,AKIEC,465,HAM_0006301,9
ISIC_0024772,4,BKL,466,HAM_0002400,8
ISIC_0024773,4,BKL,467,HAM_0000844,1
ISIC_0024774,4,BKL,468,HAM_0002903,7
ISIC_0024775,1,NV,469,HAM_0004561,1
ISIC_0024776,1,NV,470,HAM_0000209,5
ISIC_0024777,1,NV,471,HAM_0001895,4
ISIC_0024778,1,NV,472,HAM_0001115,9
ISIC_0024779,1,NV,473,HAM_0003631,8
ISIC_0024780,1,NV,474,HAM_0002374,9
ISIC_0024781,1,NV,475,HAM_0003919,5
ISIC_0024782,4,BKL,476,HAM_0004004,5
ISIC_0024783,1,NV,477,HAM_0007223,8
ISIC_0024784,1,NV,478,HAM_0001479,5
ISIC_0024785,1,NV,479,HAM_0004926,9
ISIC_0024786,4,BKL,480,HAM_0002227,2
ISIC_0024787,2,BCC,481,HAM_0005379,2
ISIC_0024788,1,NV,482,HAM_0001121,9
ISIC_0024789,1,NV,483,HAM_0004575,6
ISIC_0024790,1,NV,484,HAM_0001941,4
ISIC_0024791,1,NV,485,HAM_0002940,7
ISIC_0024792,0,MEL,486,HAM_0001847,0
ISIC_0024793,1,NV,487,HAM_0000996,2
ISIC_0024794,1,NV,488,HAM_0006811,4
ISIC_0024795,2,BCC,489,HAM_0004420,3
ISIC_0024796,1,NV,490,HAM_0003052,6
ISIC_0024797,1,NV,491,HAM_0000828,6
ISIC_0024798,1,NV,492,HAM_0000044,6
ISIC_0024799,2,BCC,493,HAM_0001573,1
ISIC_0024800,3,AKIEC,494,HAM_0007088,1
ISIC_0024801,1,NV,495,HAM_0003635,5
ISIC_0024802,1,NV,496,HAM_0002156,7
ISIC_0024803,1,NV,497,HAM_0001168,6
ISIC_0024804,1,NV,498,HAM_0006733,6
ISIC_0024805,0,MEL,499,HAM_0005724,0
ISIC_0024806,0,MEL,500,HAM_0000373,3
ISIC_0024807,1,NV,501,HAM_0006922,5
ISIC_0024808,1,NV,502,HAM_0000668,5
ISIC_0024809,1,NV,503,HAM_0003874,4
ISIC_0024810,1,NV,504,HAM_0001628,5
ISIC_0024811,1,NV,505,HAM_0007452,8
ISIC_0024812,1,NV,506,HAM_0000036,3
ISIC_0024813,1,NV,507,HAM_0006742,2
ISIC_0024814,4,BKL,508,HAM_0005896,0
ISIC_0024815,1,NV,509,HAM_0005166,9
ISIC_0024816,1,NV,510,HAM_0007434,0
ISIC_0024817,1,NV,511,HAM_0000447,4
ISIC_0024818,1,NV,512,HAM_0006645,9
ISIC_0024819,1,NV,513,HAM_0002063,6
ISIC_0024820,1,NV,514,HAM_0005843,3
ISIC_0024821,1,NV,515,HAM_0001172,1
ISIC_0024822,1,NV,516,HAM_0006131,3
ISIC_0024823,0,MEL,517,HAM_0004779,7
ISIC_0024824,1,NV,518,HAM_0005188,6
ISIC_0024825,4,BKL,519,HAM_0000893,8
ISIC_0024826,1,NV,520,HAM_0000522,0
ISIC_0024827,1,NV,521,HAM_0001125,3
ISIC_0024828,1,NV,522,HAM_0001587,6
ISIC_0024829,2,BCC,523,HAM_0007535,2
ISIC_0024830,1,NV,524,HAM_0001410,0
ISIC_0024831,1,NV,525,HAM_0007468,4
ISIC_0024832,4,BKL,526,HAM_0001773,1
ISIC_0024833,2,BCC,527,HAM_0005617,1
ISIC_0024834,1,NV,528,HAM_0003345,0
ISIC_0024835,1,NV,529,HAM_0006357,7
ISIC_0024836,1,NV,530,HAM_0002291,3
ISIC_0024837,1,NV,531,HAM_0000509,7
ISIC_0024838,1,NV,532,HAM_0002264,6
ISIC_0024839,4,BKL,533,HAM_0000425,4
ISIC_0024840,1,NV,534,HAM_0006705,9
ISIC_0024841,1,NV,535,HAM_0002368,4
ISIC_0024842,1,NV,536,HAM_0000977,3
ISIC_0024843,3,AKIEC,537,HAM_0004376,4
ISIC_0024844,1,NV,538,HAM_0007217,7
ISIC_0024845,5,DF,539,HAM_0003487,4
ISIC_0024846,1,NV,540,HAM_0001212,0
ISIC_0024847,1,NV,541,HAM_0003570,2
ISIC_0024848,2,BCC,542,HAM_0007474,3
ISIC_0024849,1,NV,543,HAM_0004573,8
ISIC_0024850,4,BKL,544,HAM_0007393,6
ISIC_0024851,4,BKL,545,HAM_0007078,1
ISIC_0024852,1,NV,546,HAM_0003870,8
ISIC_0024853,0,MEL,547,HAM_0000645,4
ISIC_0024854,1,NV,548,HAM_0000226,5
ISIC_0024855,1,NV,549,HAM_0003627,2
ISIC_0024856,1,NV,550,HAM_0004009,0
ISIC_0024857,1,NV,551,HAM_0004360,7
ISIC_0024858,1,NV,552,HAM_0004732,9
ISIC_0024859,1,NV,553,HAM_0003390,5
ISIC_0024860,1,NV,554,HAM_0002765,7
ISIC_0024861,1,NV,555,HAM_0005892,9
ISIC_0024862,1,NV,556,HAM_0007422,8
ISIC_0024863,1,NV,557,HAM_0002359,7
ISIC_0024864,0,MEL,558,HAM_0003167,0
ISIC_0024865,0,MEL,559,HAM_0001734,3
ISIC_0024866,1,NV,560,HAM_0007068,1
ISIC_0024867,6,VASC,561,HAM_0007568,8
ISIC_0024868,1,NV,562,HAM_0003080,4
ISIC_0024869,1,NV,563,HAM_0007373,3
ISIC_0024870,1,NV,564,HAM_0003686,6
ISIC_0024871,4,BKL,565,HAM_0001312,4
ISIC_0024872,1,NV,566,HAM_0005823,7
ISIC_0024873,1,NV,567,HAM_0004925,9
ISIC_0024874,1,NV,568,HAM_0000403,6
ISIC_0024875,0,MEL,569,HAM_0007617,8
ISIC_0024876,1,NV,570,HAM_0004680,4
ISIC_0024877,4,BKL,571,HAM_0003574,8
ISIC_0024878,1,NV,572,HAM_0005635,7
ISIC_0024879,1,NV,573,HAM_0001387,7
ISIC_0024880,4,BKL,574,HAM_0005157,2
ISIC_0024881,4,BKL,575,HAM_0004696,8
ISIC_0024882,1,NV,576,HAM_0000961,2
ISIC_0024883,4,BKL,577,HAM_0006541,5
ISIC_0024884,1,NV,578,HAM_0001140,7
ISIC_0024885,2,BCC,579,HAM_0005243,8
ISIC_0024886,0,MEL,580,HAM_0001353,8
ISIC_0024887,1,NV,581,HAM_0003457,5
ISIC_0024888,1,NV,582,HAM_0006199,1
ISIC_0024889,1,NV,583,HAM_0000197,8
ISIC_0024890,4,BKL,584,HAM_0007439,6
ISIC_0024891,1,NV,585,HAM_0004763,9
ISIC_0024892,1,NV,586,HAM_0001419,1
ISIC_0024893,4,BKL,587,HAM_0002058,1
ISIC_0024894,1,NV,588,HAM_0003879,8
ISIC_0024895,1,NV,589,HAM_0004797,9
ISIC_0024896,1,NV,590,HAM_0003711,2
ISIC_0024897,2,BCC,591,HAM_0003716,8
ISIC_0024898,0,MEL,592,HAM_0002534,8
ISIC_0024899,1,NV,593,HAM_0002033,4
ISIC_0024900,0,MEL,594,HAM_0004593,0
ISIC_0024901,1,NV,595,HAM_0001606,0
ISIC_0024902,1,NV,596,HAM_0000505,1
ISIC_0024903,1,NV,597,HAM_0004238,4
ISIC_0024904,6,VASC,598,HAM_0002914,3
ISIC_0024905,1,NV,599,HAM_0007392,2
ISIC_0024906,1,NV,600,HAM_0002217,8
ISIC_0024907,1,NV,601,HAM_0007196,7
ISIC_0024908,1,NV,602,HAM_0003241,4
ISIC_0024909,4,BKL,603,HAM_0002757,3
ISIC_0024910,4,BKL,604,HAM_0000238,9
ISIC_0024911,0,MEL,605,HAM_0006896,3
ISIC_0024912,1,NV,606,HAM_0007613,4
ISIC_0024913,3,AKIEC,607,HAM_0001495,5
ISIC_0024914,1,NV,608,HAM_0000100,4
ISIC_0024915,4,BKL,609,HAM_0003789,4
ISIC_0024916,1,NV,610,HAM_0003590,6
ISIC_0024917,1,NV,611,HAM_0007280,1
ISIC_0024918,0,MEL,612,HAM_0007530,1
ISIC_0024919,1,NV,613,HAM_0006349,0
ISIC_0024920,1,NV,614,HAM_0005731,1
ISIC_0024921,1,NV,615,HAM_0005936,9
ISIC_0024922,1,NV,616,HAM_0003223,4
ISIC_0024923,3,AKIEC,617,HAM_0001004,2
ISIC_0024924,1,NV,618,HAM_0004724,3
ISIC_0024925,3,AKIEC,619,HAM_0006592,0
ISIC_0024926,1,NV,620,HAM_0006367,3
ISIC_0024927,1,NV,621,HAM_0002964,6
ISIC_0024928,1,NV,622,HAM_0004239,5
ISIC_0024929,0,MEL,623,HAM_0001753,4
ISIC_0024930,0,MEL,624,HAM_0002196,9
ISIC_0024931,2,BCC,625,HAM_0005488,7
ISIC_0024932,0,MEL,626,HAM_0004898,6
ISIC_0024933,1,NV,627,HAM_0000266,3
ISIC_0024934,1,NV,628,HAM_0002652,5
ISIC_0024935,1,NV,629,HAM_0005160,8
ISIC_0024936,1,NV,630,HAM_0006363,9
ISIC_0024937,1,NV,631,HAM_0006318,1
ISIC_0024938,1,NV,632,HAM_0001817,5
ISIC_0024939,1,NV,633,HAM_0000074,8
ISIC_0024940,0,MEL,634,HAM_0002375,4
ISIC_0024941,1,NV,635,HAM_0004133,3
ISIC_0024942,1,NV,636,HAM_0002220,3
ISIC_0024943,4,BKL,637,HAM_0006988,4
ISIC_0024944,1,NV,638,HAM_0003296,5
ISIC_0024945,1,NV,639,HAM_0004863,0
ISIC_0024946,3,AKIEC,640,HAM_0005264,0
ISIC_0024947,4,BKL,641,HAM_0001721,3
ISIC_0024948,3,AKIEC,642,HAM_0004034,3
ISIC_0024949,2,BCC,643,HAM_0005669,2
ISIC_0024950,1,NV,644,HAM_0006493,5
ISIC_0024951,0,MEL,645,HAM_0001531,9
ISIC_0024952,0,MEL,646,HAM_0007488,6
ISIC_0024953,1,NV,647,HAM_0000252,9
ISIC_0024954,1,NV,648,HAM_0006175,2
ISIC_0024955,1,NV,649,HAM_0001956,0
ISIC_0024956,1,NV,650,HAM_0005904,6
ISIC_0024957,1,NV,651,HAM_0005179,0
ISIC_0024958,0,MEL,652,HAM_0002613,2
ISIC_0024959,1,NV,653,HAM_0000485,1
ISIC_0024960,1,NV,654,HAM_0000489,0
ISIC_0024961,0,MEL,655,HAM_0006006,0
ISIC_0024962,0,MEL,656,HAM_0004779,5
ISIC_0024963,1,NV,657,HAM_0005620,9
ISIC_0024964,1,NV,658,HAM_0007251,9
ISIC_0024965,1,NV,659,HAM_0000733,4
ISIC_0024966,1,NV,660,HAM_0004137,5
ISIC_0024967,0,MEL,661,HAM_0006975,3
ISIC_0024968,1,NV,662,HAM_0000128,0
ISIC_0024969,1,NV,663,HAM_0002675,3
ISIC_0024970,4,BKL,664,HAM_0001815,7
ISIC_0024971,4,BKL,665,HAM_0005325,9
ISIC_0024972,0,MEL,666,HAM_0001284,2
ISIC_0024973,5,DF,667,HAM_0007227,8
ISIC_0024974,1,NV,668,HAM_0006093,3
ISIC_0024975,1,NV,669,HAM_0003276,3
ISIC_0024976,1,NV,670,HAM_0006789,0
ISIC_0024977,1,NV,671,HAM_0007224,7
ISIC_0024978,1,NV,672,HAM_0003629,6
ISIC_0024979,1,NV,673,HAM_0006490,7
ISIC_0024980,1,NV,674,HAM_0005806,6
ISIC_0024981,4,BKL,675,HAM_0005612,9
ISIC_0024982,4,BKL,676,HAM_0005199,4
ISIC_0024983,1,NV,677,HAM_0006584,9
ISIC_0024984,2,BCC,678,HAM_0005856,2
ISIC_0024985,1,NV,679,HAM_0002900,8
ISIC_0024986,1,NV,680,HAM_0000837,0
ISIC_0024987,0,MEL,681,HAM_0007560,5
ISIC_0024988,1,NV,682,HAM_0000573,4
ISIC_0024989,1,NV,683,HAM_0002035,6
ISIC_0024990,1,NV,684,HAM_0005430,7
ISIC_0024991,1,NV,685,HAM_0003267,8
ISIC_0024992,1,NV,686,HAM_0004740,5
ISIC_0024993,1,NV,687,HAM_0000147,8
ISIC_0024994,5,DF,688,HAM_0002960,1
ISIC_0024995,1,NV,689,HAM_0003650,0
ISIC_0024996,1,NV,690,HAM_0005658,6
ISIC_0024997,4,BKL,691,HAM_0006343,3
ISIC_0024998,1,NV,692,HAM_0007516,2
ISIC_0024999,0,MEL,693,HAM_0001986,6
ISIC_0025000,1,NV,694,HAM_0001643,4
ISIC_0025001,1,NV,695,HAM_0003235,4
ISIC_0025002,1,NV,696,HAM_0006023,7
ISIC_0025003,1,NV,697,HAM_0004269,5
ISIC_0025004,1,NV,698,HAM_0005043,0
ISIC_0025005,4,BKL,699,HAM_0002462,2
ISIC_0025006,1,NV,700,HAM_0007218,2
ISIC_0025007,1,NV,701,HAM_0001558,4
ISIC_0025008,1,NV,702,HAM_0002349,2
ISIC_0025009,1,NV,703,HAM_0007278,2
ISIC_0025010,1,NV,704,HAM_0002590,4
ISIC_0025011,1,NV,705,HAM_0002700,3
ISIC_0025012,1,NV,706,HAM_0000873,4
ISIC_0025013,1,NV,707,HAM_0001154,2
ISIC_0025014,1,NV,708,HAM_0000066,5
ISIC_0025015,1,NV,709,HAM_0004119,2
ISIC_0025016,4,BKL,710,HAM_0007125,4
ISIC_0025017,1,NV,711,HAM_0006874,9
ISIC_0025018,0,MEL,712,HAM_0004265,0
ISIC_0025019,2,BCC,713,HAM_0001415,5
ISIC_0025020,1,NV,714,HAM_0001669,0
ISIC_0025021,1,NV,715,HAM_0002222,9
ISIC_0025022,1,NV,716,HAM_0001158,5
ISIC_0025023,1,NV,717,HAM_0006381,2
ISIC_0025024,1,NV,718,HAM_0002562,3
ISIC_0025025,1,NV,719,HAM_0004781,7
ISIC_0025026,1,NV,720,HAM_0000173,2
ISIC_0025027,1,NV,721,HAM_0004479,7
ISIC_0025028,1,NV,722,HAM_0003231,5
ISIC_0025029,3,AKIEC,723,HAM_0003105,0
ISIC_0025030,4,BKL,724,HAM_0000118,5
ISIC_0025031,2,BCC,725,HAM_0002934,4
ISIC_0025032,4,BKL,726,HAM_0004500,8
ISIC_0025033,4,BKL,727,HAM_0003301,3
ISIC_0025034,1,NV,728,HAM_0001205,5
ISIC_0025035,0,MEL,729,HAM_0007073,8
ISIC_0025036,1,NV,730,HAM_0003724,5
ISIC_0025037,1,NV,731,HAM_0002893,6
ISIC_0025038,4,BKL,732,HAM_0005743,1
ISIC_0025039,1,NV,733,HAM_0005457,4
ISIC_0025040,4,BKL,734,HAM_0006541,4
ISIC_0025041,1,NV,735,HAM_0001307,3
ISIC_0025042,1,NV,736,HAM_0004610,1
ISIC_0025043,1,NV,737,HAM_0007385,1
ISIC_0025044,1,NV,738,HAM_0000339,6
ISIC_0025045,1,NV,739,HAM_0001745,3
ISIC_0025046,2,BCC,740,HAM_0003866,2
ISIC_0025047,1,NV,741,HAM_0006149,8
ISIC_0025048,1,NV,742,HAM_0005734,4
ISIC_0025049,1,NV,743,HAM_0001757,5
ISIC_0025050,1,NV,744,HAM_0002807,4
ISIC_0025051,1,NV,745,HAM_0000896,9
ISIC_0025052,1,NV,746,HAM_0005424,5
ISIC_0025053,1,NV,747,HAM_0005661,8
ISIC_0025054,1,NV,748,HAM_0005864,8
ISIC_0025055,1,NV,749,HAM_0006660,4
ISIC_0025056,1,NV,750,HAM_0007155,5
ISIC_0025057,1,NV,751,HAM_0005217,5
ISIC_0025058,1,NV,752,HAM_0005959,8
ISIC_0025059,1,NV,753,HAM_0000450,4
ISIC_0025060,1,NV,754,HAM_0004394,2
ISIC_0025061,1,NV,755,HAM_0001265,7
ISIC_0025062,1,NV,756,HAM_0001418,4
ISIC_0025063,4,BKL,757,HAM_0002985,4
ISIC_0025064,4,BKL,758,HAM_0006541,1
ISIC_0025065,1,NV,759,HAM_0005273,2
ISIC_0025066,4,BKL,760,HAM_0002749,4
ISIC_0025067,1,NV,761,HAM_0007432,4
ISIC_0025068,4,BKL,762,HAM_0000542,4
ISIC_0025069,3,AKIEC,763,HAM_0006222,2
ISIC_0025070,1,NV,764,HAM_0002913,4
ISIC_0025071,1,NV,765,HAM_0006986,0
ISIC_0025072,1,NV,766,HAM_0006712,2
ISIC_0025073,1,NV,767,HAM_0002217,5
ISIC_0025074,1,NV,768,HAM_0000851,9
ISIC_0025075,4,BKL,769,HAM_0007563,5
ISIC_0025076,4,BKL,770,HAM_0007409,6
ISIC_0025077,1,NV,771,HAM_0003456,5
ISIC_0025078,1,NV,772,HAM_0001512,7
ISIC_0025079,1,NV,773,HAM_0005103,1
ISIC_0025080,1,NV,774,HAM_0002277,0
ISIC_0025081,0,MEL,775,HAM_0001203,2
ISIC_0025082,1,NV,776,HAM_0000158,6
ISIC_0025083,4,BKL,777,HAM_0003015,9
ISIC_0025084,1,NV,778,HAM_0001522,6
ISIC_0025085,0,MEL,779,HAM_0000888,6
ISIC_0025086,4,BKL,780,HAM_0004050,6
ISIC_0025087,1,NV,781,HAM_0004359,0
ISIC_0025088,1,NV,782,HAM_0002423,4
ISIC_0025089,3,AKIEC,783,HAM_0002705,3
ISIC_0025090,1,NV,784,HAM_0007258,2
ISIC_0025091,1,NV,785,HAM_0000124,4
ISIC_0025092,1,NV,786,HAM_0001984,3
ISIC_0025093,1,NV,787,HAM_0003970,2
ISIC_0025094,1,NV,788,HAM_0002067,3
ISIC_0025095,1,NV,789,HAM_0006847,4
ISIC_0025096,1,NV,790,HAM_0000182,6
ISIC_0025097,0,MEL,791,HAM_0000775,9
ISIC_0025098,1,NV,792,HAM_0005337,8
ISIC_0025099,4,BKL,793,HAM_0004641,1
ISIC_0025100,1,NV,794,HAM_0000448,8
ISIC_0025101,1,NV,795,HAM_0005712,3
ISIC_0025102,2,BCC,796,HAM_0007248,8
ISIC_0025103,4,BKL,797,HAM_0001529,5
ISIC_0025104,1,NV,798,HAM_0007128,1
ISIC_0025105,0,MEL,799,HAM_0006955,1
ISIC_0025106,1,NV,800,HAM_0000273,6
ISIC_0025107,1,NV,801,HAM_0001887,3
ISIC_0025108,1,NV,802,HAM_0007476,0
ISIC_0025109,1,NV,803,HAM_0005031,6
ISIC_0025110,1,NV,804,HAM_0001893,3
ISIC_0025111,1,NV,805,HAM_0005819,1
ISIC_0025112,1,NV,806,HAM_0005755,2
ISIC_0025113,4,BKL,807,HAM_0000149,0
ISIC_0025114,1,NV,808,HAM_0003249,8
ISIC_0025115,1,NV,809,HAM_0006995,2
ISIC_0025116,1,NV,810,HAM_0004316,5
ISIC_0025117,1,NV,811,HAM_0005880,2
ISIC_0025118,1,NV,812,HAM_0004909,9
ISIC_0025119,1,NV,813,HAM_0002859,3
ISIC_0025120,1,NV,814,HAM_0000551,3
ISIC_0025121,0,MEL,815,HAM_0004642,1
ISIC_0025122,1,NV,816,HAM_0000057,0
ISIC_0025123,1,NV,817,HAM_0001126,9
ISIC_0025124,1,NV,818,HAM_0004484,9
ISIC_0025125,1,NV,819,HAM_0006338,2
ISIC_0025126,1,NV,820,HAM_0002953,7
ISIC_0025127,0,MEL,821,HAM_0002436,2
ISIC_0025128,0,MEL,822,HAM_0006899,2
ISIC_0025129,1,NV,823,HAM_0006826,7
ISIC_0025130,3,AKIEC,824,HAM_0000718,3
ISIC_0025131,4,BKL,825,HAM_0006124,7
ISIC_0025132,0,MEL,826,HAM_0000247,1
ISIC_0025133,1,NV,827,HAM_0005319,2
ISIC_0025134,1,NV,828,HAM_0000357,1
ISIC_0025135,1,NV,829,HAM_0000530,8
ISIC_0025136,4,BKL,830,HAM_0000308,3
ISIC_0025137,1,NV,831,HAM_0004152,9
ISIC_0025138,1,NV,832,HAM_0002174,6
ISIC_0025139,1,NV,833,HAM_0007584,1
ISIC_0025140,4,BKL,834,HAM_0000907,9
ISIC_0025141,1,NV,835,HAM_0006599,4
ISIC_0025142,1,NV,836,HAM_0004163,7
ISIC_0025143,1,NV,837,HAM_0000561,5
ISIC_0025144,2,BCC,838,HAM_0004831,0
ISIC_0025145,0,MEL,839,HAM_0002477,1
ISIC_0025146,1,NV,840,HAM_0000228,2
ISIC_0025147,1,NV,841,HAM_0004425,1
ISIC_0025148,1,NV,842,HAM_0002511,3
ISIC_0025149,1,NV,843,HAM_0000904,0
ISIC_0025150,1,NV,844,HAM_0003482,1
ISIC_0025151,1,NV,845,HAM_0007309,6
ISIC_0025152,1,NV,846,HAM_0000044,2
ISIC_0025153,0,MEL,847,HAM_0005381,1
ISIC_0025154,5,DF,848,HAM_0001177,8
ISIC_0025155,0,MEL,849,HAM_0006521,6
ISIC_0025156,1,NV,850,HAM_0002106,0
ISIC_0025157,4,BKL,851,HAM_0004491,8
ISIC_0025158,1,NV,852,HAM_0007300,7
ISIC_0025159,1,NV,853,HAM_0000283,6
ISIC_0025160,1,NV,854,HAM_0000268,5
ISIC_0025161,1,NV,855,HAM_0006715,1
ISIC_0025162,1,NV,856,HAM_0003353,7
ISIC_0025163,1,NV,857,HAM_0002320,5
ISIC_0025164,1,NV,858,HAM_0005405,2
ISIC_0025165,1,NV,859,HAM_0003033,4
ISIC_0025166,1,NV,860,HAM_0001689,0
ISIC_0025167,1,NV,861,HAM_0005285,9
ISIC_0025168,1,NV,862,HAM_0003035,9
ISIC_0025169,1,NV,863,HAM_0002025,5
ISIC_0025170,1,NV,864,HAM_0003113,4
ISIC_0025171,1,NV,865,HAM_0005666,0
ISIC_0025172,1,NV,866,HAM_0003305,2
ISIC_0025173,1,NV,867,HAM_0000376,0
ISIC_0025174,1,NV,868,HAM_0000817,3
ISIC_0025175,1,NV,869,HAM_0002124,0
ISIC_0025176,1,NV,870,HAM_0002864,6
ISIC_0025177,1,NV,871,HAM_0001248,9
ISIC_0025178,3,AKIEC,872,HAM_0005282,0
ISIC_0025179,1,NV,873,HAM_0005762,5
ISIC_0025180,4,BKL,874,HAM_0003265,9
ISIC_0025181,1,NV,875,HAM_0001347,6
ISIC_0025182,3,AKIEC,876,HAM_0006213,3
ISIC_0025183,1,NV,877,HAM_0006383,3
ISIC_0025184,1,NV,878,HAM_0007178,0
ISIC_0025185,1,NV,879,HAM_0006971,3
ISIC_0025186,1,NV,880,HAM_0002586,6
ISIC_0025187,1,NV,881,HAM_0004335,8
ISIC_0025188,0,MEL,882,HAM_0002525,3
ISIC_0025189,1,NV,883,HAM_0007185,0
ISIC_0025190,1,NV,884,HAM_0006096,8
ISIC_0025191,1,NV,885,HAM_0001341,9
ISIC_0025192,1,NV,886,HAM_0004982,2
ISIC_0025193,1,NV,887,HAM_0006469,8
ISIC_0025194,1,NV,888,HAM_0005512,3
ISIC_0025195,0,MEL,889,HAM_0006594,1
ISIC_0025196,3,AKIEC,890,HAM_0005924,4
ISIC_0025197,6,VASC,891,HAM_0000460,3
ISIC_0025198,1,NV,892,HAM_0006408,4
ISIC_0025199,4,BKL,893,HAM_0003206,7
ISIC_0025200,1,NV,894,HAM_0002388,4
ISIC_0025201,1,NV,895,HAM_0000377,8
ISIC_0025202,1,NV,896,HAM_0007039,0
ISIC_0025203,1,NV,897,HAM_0004048,6
ISIC_0025204,1,NV,898,HAM_0000919,9
ISIC_0025205,1,NV,899,HAM_0007204,9
ISIC_0025206,1,NV,900,HAM_0004395,4
ISIC_0025207,1,NV,901,HAM_0007353,5
ISIC_0025208,1,NV,902,HAM_0000397,4
ISIC_0025209,4,BKL,903,HAM_0005132,1
ISIC_0025210,1,NV,904,HAM_0006478,0
ISIC_0025211,1,NV,905,HAM_0003245,1
ISIC_0025212,1,NV,906,HAM_0003474,9
ISIC_0025213,1,NV,907,HAM_0003150,3
ISIC_0025214,1,NV,908,HAM_0004356,5
ISIC_0025215,1,NV,909,HAM_0006495,4
ISIC_0025216,1,NV,910,HAM_0007549,1
ISIC_0025217,1,NV,911,HAM_0001664,8
ISIC_0025218,1,NV,912,HAM_0003093,3
ISIC_0025219,0,MEL,913,HAM_0005588,9
ISIC_0025220,1,NV,914,HAM_0006638,2
ISIC_0025221,1,NV,915,HAM_0002294,2
ISIC_0025222,4,BKL,916,HAM_0000973,0
ISIC_0025223,5,DF,917,HAM_0000827,6
ISIC_0025224,1,NV,918,HAM_0000572,1
ISIC_0025225,1,NV,919,HAM_0000284,4
ISIC_0025226,1,NV,920,HAM_0004919,5
ISIC_0025227,1,NV,921,HAM_0004717,8
ISIC_0025228,1,NV,922,HAM_0004892,5
ISIC_0025229,1,NV,923,HAM_0000857,9
ISIC_0025230,1,NV,924,HAM_0001966,8
ISIC_0025231,1,NV,925,HAM_0001817,5
ISIC_0025232,1,NV,926,HAM_0003588,2
ISIC_0025233,1,NV,927,HAM_0003718,3
ISIC_0025234,0,MEL,928,HAM_0004739,7
ISIC_0025235,0,MEL,929,HAM_0000534,9
ISIC_0025236,1,NV,930,HAM_0004262,6
ISIC_0025237,1,NV,931,HAM_0001701,4
ISIC_0025238,0,MEL,932,HAM_0004817,2
ISIC_0025239,1,NV,933,HAM_0003462,6
ISIC_0025240,1,NV,934,HAM_0002348,7
ISIC_0025241,1,NV,935,HAM_0002710,7
ISIC_0025242,1,NV,936,HAM_0002747,3
ISIC_0025243,1,NV,937,HAM_0001933,1
ISIC_0025244,6,VASC,938,HAM_0000845,4
ISIC_0025245,1,NV,939,HAM_0004020,9
ISIC_0025246,1,NV,940,HAM_0001042,7
ISIC_0025247,3,AKIEC,941,HAM_0005231,9
ISIC_0025248,0,MEL,942,HAM_0006196,6
ISIC_0025249,6,VASC,943,HAM_0002639,9
ISIC_0025250,6,VASC,944,HAM_0004769,9
ISIC_0025251,1,NV,945,HAM_0000956,5
ISIC_0025252,1,NV,946,HAM_0007239,3
ISIC_0025253,1,NV,947,HAM_0005365,3
ISIC_0025254,1,NV,948,HAM_0006914,2
ISIC_0025255,1,NV,949,HAM_0007142,9
ISIC_0025256,1,NV,950,HAM_0006774,5
ISIC_0025257,1,NV,951,HAM_0000639,8
ISIC_0025258,1,NV,952,HAM_0006519,1
ISIC_0025259,1,NV,953,HAM_0003306,7
ISIC_0025260,2,BCC,954,HAM_0001215,7
ISIC_0025261,1,NV,955,HAM_0002796,9
ISIC_0025262,1,NV,956,HAM_0005879,8
ISIC_0025263,1,NV,957,HAM_0003705,9
ISIC_0025264,3,AKIEC,958,HAM_0007623,5
ISIC_0025265,0,MEL,959,HAM_0002770,8
ISIC_0025266,2,BCC,960,HAM_0004300,1
ISIC_0025267,1,NV,961,HAM_0000626,1
ISIC_0025268,0,MEL,962,HAM_0003749,3
ISIC_0025269,1,NV,963,HAM_0004155,8
ISIC_0025270,1,NV,964,HAM_0004764,3
ISIC_0025271,1,NV,965,HAM_0003430,0
ISIC_0025272,1,NV,966,HAM_0004915,3
ISIC_0025273,1,NV,967,HAM_0004840,6
ISIC_0025274,1,NV,968,HAM_0001504,9
ISIC_0025275,4,BKL,969,HAM_0006123,9
ISIC_0025276,4,BKL,970,HAM_0001396,6
ISIC_0025277,0,MEL,971,HAM_0002720,5
ISIC_0025278,1,NV,972,HAM_0002795,3
ISIC_0025279,1,NV,973,HAM_0000756,3
ISIC_0025280,1,NV,974,HAM_0001583,8
ISIC_0025281,1,NV,975,HAM_0007416,4
ISIC_0025282,1,NV,976,HAM_0003923,3
ISIC_0025283,1,NV,977,HAM_0004693,0
ISIC_0025284,1,NV,978,HAM_0003471,5
ISIC_0025285,2,BCC,979,HAM_0004084,7
ISIC_0025286,4,BKL,980,HAM_0000728,0
ISIC_0025287,1,NV,981,HAM_0004965,6
ISIC_0025288,1,NV,982,HAM_0007595,2
ISIC_0025289,1,NV,983,HAM_0006110,9
ISIC_0025290,1,NV,984,HAM_0001340,4
ISIC_0025291,1,NV,985,HAM_0003616,5
ISIC_0025292,4,BKL,986,HAM_0004630,6
ISIC_0025293,1,NV,987,HAM_0000885,0
ISIC_0025294,1,NV,988,HAM_0006015,4
ISIC_0025295,1,NV,989,HAM_0001230,3
ISIC_0025296,1,NV,990,HAM_0006862,6
ISIC_0025297,4,BKL,991,HAM_0007513,0
ISIC_0025298,1,NV,992,HAM_0002815,2
ISIC_0025299,2,BCC,993,HAM_0007313,6
ISIC_0025300,1,NV,994,HAM_0006221,0
ISIC_0025301,2,BCC,995,HAM_0000987,0
ISIC_0025302,5,DF,996,HAM_0007421,4
ISIC_0025303,0,MEL,997,HAM_0003558,2
ISIC_0025304,1,NV,998,HAM_0007149,5
ISIC_0025305,1,NV,999,HAM_0001492,8
ISIC_0025306,1,NV,1000,HAM_0005271,0
ISIC_0025307,1,NV,1001,HAM_0002362,8
ISIC_0025308,1,NV,1002,HAM_0001821,6
ISIC_0025309,1,NV,1003,HAM_0003937,6
ISIC_0025310,1,NV,1004,HAM_0005017,5
ISIC_0025311,1,NV,1005,HAM_0001594,0
ISIC_0025312,4,BKL,1006,HAM_0005610,4
ISIC_0025313,0,MEL,1007,HAM_0001378,0
ISIC_0025314,5,DF,1008,HAM_0000757,1
ISIC_0025315,1,NV,1009,HAM_0007084,1
ISIC_0025316,0,MEL,1010,HAM_0003761,6
ISIC_0025317,0,MEL,1011,HAM_0004428,5
ISIC_0025318,1,NV,1012,HAM_0000760,7
ISIC_0025319,3,AKIEC,1013,HAM_0003195,2
ISIC_0025320,1,NV,1014,HAM_0006653,3
ISIC_0025321,6,VASC,1015,HAM_0005155,1
ISIC_0025322,2,BCC,1016,HAM_0002666,3
ISIC_0025323,1,NV,1017,HAM_0002798,8
ISIC_0025324,0,MEL,1018,HAM_0004121,8
ISIC_0025325,1,NV,1019,HAM_0002561,7
ISIC_0025326,4,BKL,1020,HAM_0003000,4
ISIC_0025327,1,NV,1021,HAM_0001971,4
ISIC_0025328,1,NV,1022,HAM_0004834,5
ISIC_0025329,1,NV,1023,HAM_0001056,9
ISIC_0025330,4,BKL,1024,HAM_0000453,6
ISIC_0025331,3,AKIEC,1025,HAM_0001258,8
ISIC_0025332,1,NV,1026,HAM_0001261,5
ISIC_0025333,1,NV,1027,HAM_0007515,7
ISIC_0025334,1,NV,1028,HAM_0006557,5
ISIC_0025335,1,NV,1029,HAM_0007356,8
ISIC_0025336,1,NV,1030,HAM_0007300,4
ISIC_0025337,4,BKL,1031,HAM_0002988,9
ISIC_0025338,1,NV,1032,HAM_0002925,5
ISIC_0025339,4,BKL,1033,HAM_0006755,8
ISIC_0025340,1,NV,1034,HAM_0006968,4
ISIC_0025341,1,NV,1035,HAM_0006352,5
ISIC_0025342,1,NV,1036,HAM_0005293,2
ISIC_0025343,1,NV,1037,HAM_0001476,5
ISIC_0025344,1,NV,1038,HAM_0000937,3
ISIC_0025345,4,BKL,1039,HAM_0000893,3
ISIC_0025346,1,NV,1040,HAM_0000000,2
ISIC_0025347,1,NV,1041,HAM_0003776,4
ISIC_0025348,1,NV,1042,HAM_0002688,4
ISIC_0025349,1,NV,1043,HAM_0006139,3
ISIC_0025350,3,AKIEC,1044,HAM_0005701,9
ISIC_0025351,4,BKL,1045,HAM_0007591,8
ISIC_0025352,1,NV,1046,HAM_0005159,7
ISIC_0025353,1,NV,1047,HAM_0003148,4
ISIC_0025354,1,NV,1048,HAM_0000126,1
ISIC_0025355,1,NV,1049,HAM_0003027,4
ISIC_0025356,1,NV,1050,HAM_0005320,7
ISIC_0025357,1,NV,1051,HAM_0005118,6
ISIC_0025358,3,AKIEC,1052,HAM_0004398,9
ISIC_0025359,1,NV,1053,HAM_0004517,7
ISIC_0025360,1,NV,1054,HAM_0002006,8
ISIC_0025361,1,NV,1055,HAM_0004901,3
ISIC_0025362,2,BCC,1056,HAM_0002959,2
ISIC_0025363,0,MEL,1057,HAM_0001796,4
ISIC_0025364,1,NV,1058,HAM_0000692,3
ISIC_0025365,1,NV,1059,HAM_0000532,7
ISIC_0025366,4,BKL,1060,HAM_0002276,3
ISIC_0025367,1,NV,1061,HAM_0005859,6
ISIC_0025368,3,AKIEC,1062,HAM_0004472,3
ISIC_0025369,1,NV,1063,HAM_0004896,5
ISIC_0025370,1,NV,1064,HAM_0004869,2
ISIC_0025371,1,NV,1065,HAM_0002272,5
ISIC_0025372,1,NV,1066,HAM_0006120,9
ISIC_0025373,5,DF,1067,HAM_0007569,3
ISIC_0025374,4,BKL,1068,HAM_0006031,2
ISIC_0025375,1,NV,1069,HAM_0007600,2
ISIC_0025376,4,BKL,1070,HAM_0006580,5
ISIC_0025377,1,NV,1071,HAM_0007211,2
ISIC_0025378,4,BKL,1072,HAM_0000835,5
ISIC_0025379,1,NV,1073,HAM_0000587,5
ISIC_0025380,1,NV,1074,HAM_0002967,7
ISIC_0025381,1,NV,1075,HAM_0002324,1
ISIC_0025382,1,NV,1076,HAM_0003793,0
ISIC_0025383,2,BCC,1077,HAM_0001907,5
ISIC_0025384,1,NV,1078,HAM_0002623,9
ISIC_0025385,1,NV,1079,HAM_0000596,1
ISIC_0025386,1,NV,1080,HAM_0003686,1
ISIC_0025387,4,BKL,1081,HAM_0000792,3
ISIC_0025388,4,BKL,1082,HAM_0003007,3
ISIC_0025389,4,BKL,1083,HAM_0004921,6
ISIC_0025390,1,NV,1084,HAM_0001631,2
ISIC_0025391,0,MEL,1085,HAM_0005535,5
ISIC_0025392,4,BKL,1086,HAM_0002161,1
ISIC_0025393,1,NV,1087,HAM_0004358,1
ISIC_0025394,0,MEL,1088,HAM_0003376,6
ISIC_0025395,1,NV,1089,HAM_0000371,4
ISIC_0025396,1,NV,1090,HAM_0000019,9
ISIC_0025397,1,NV,1091,HAM_0004402,8
ISIC_0025398,1,NV,1092,HAM_0007193,4
ISIC_0025399,1,NV,1093,HAM_0001992,4
ISIC_0025400,1,NV,1094,HAM_0005173,5
ISIC_0025401,1,NV,1095,HAM_0000842,1
ISIC_0025402,1,NV,1096,HAM_0002703,3
ISIC_0025403,1,NV,1097,HAM_0003589,2
ISIC_0025404,1,NV,1098,HAM_0000251,3
ISIC_0025405,1,NV,1099,HAM_0007279,2
ISIC_0025406,1,NV,1100,HAM_0002073,1
ISIC_0025407,1,NV,1101,HAM_0002226,1
ISIC_0025408,1,NV,1102,HAM_0000469,5
ISIC_0025409,0,MEL,1103,HAM_0001877,6
ISIC_0025410,1,NV,1104,HAM_0005541,7
ISIC_0025411,3,AKIEC,1105,HAM_0002158,8
ISIC_0025412,1,NV,1106,HAM_0005110,3
ISIC_0025413,0,MEL,1107,HAM_0007054,2
ISIC_0025414,0,MEL,1108,HAM_0002576,7
ISIC_0025415,1,NV,1109,HAM_0005619,9
ISIC_0025416,1,NV,1110,HAM_0005683,4
ISIC_0025417,2,BCC,1111,HAM_0002577,1
ISIC_0025418,1,NV,1112,HAM_0006571,7
ISIC_0025419,4,BKL,1113,HAM_0007010,9
ISIC_0025420,1,NV,1114,HAM_0007537,0
ISIC_0025421,1,NV,1115,HAM_0000395,0
ISIC_0025422,1,NV,1116,HAM_0002572,4
ISIC_0025423,1,NV,1117,HAM_0002229,8
ISIC_0025424,1,NV,1118,HAM_0006464,0
ISIC_0025425,6,VASC,1119,HAM_0002787,1
ISIC_0025426,1,NV,1120,HAM_0006677,0
ISIC_0025427,3,AKIEC,1121,HAM_0001416,2
ISIC_0025428,1,NV,1122,HAM_0005339,8
ISIC_0025429,1,NV,1123,HAM_0007547,4
ISIC_0025430,1,NV,1124,HAM_0002972,9
ISIC_0025431,4,BKL,1125,HAM_0000607,9
ISIC_0025432,1,NV,1126,HAM_0006920,0
ISIC_0025433,2,BCC,1127,HAM_0005410,7
ISIC_0025434,4,BKL,1128,HAM_0001878,3
ISIC_0025435,1,NV,1129,HAM_0002619,4
ISIC_0025436,1,NV,1130,HAM_0002556,9
ISIC_0025437,1,NV,1131,HAM_0007273,8
ISIC_0025438,1,NV,1132,HAM_0003697,9
ISIC_0025439,0,MEL,1133,HAM_0001214,1
ISIC_0025440,1,NV,1134,HAM_0007403,4
ISIC_0025441,1,NV,1135,HAM_0001198,4
ISIC_0025442,1,NV,1136,HAM_0002652,4
ISIC_0025443,1,NV,1137,HAM_0002497,7
ISIC_0025444,1,NV,1138,HAM_0000427,9
ISIC_0025445,1,NV,1139,HAM_0007536,7
ISIC_0025446,1,NV,1140,HAM_0002364,1
ISIC_0025447,1,NV,1141,HAM_0003248,8
ISIC_0025448,1,NV,1142,HAM_0003733,6
ISIC_0025449,1,NV,1143,HAM_0004482,7
ISIC_0025450,0,MEL,1144,HAM_0003832,1
ISIC_0025451,0,MEL,1145,HAM_0002143,2
ISIC_0025452,6,VASC,1146,HAM_0004257,0
ISIC_0025453,1,NV,1147,HAM_0006187,9
ISIC_0025454,4,BKL,1148,HAM_0001423,2
ISIC_0025455,1,NV,1149,HAM_0002504,6
ISIC_0025456,1,NV,1150,HAM_0003158,6
ISIC_0025457,1,NV,1151,HAM_0002108,3
ISIC_0025458,1,NV,1152,HAM_0001604,0
ISIC_0025459,1,NV,1153,HAM_0002727,5
ISIC_0025460,1,NV,1154,HAM_0006820,1
ISIC_0025461,1,NV,1155,HAM_0000852,6
ISIC_0025462,1,NV,1156,HAM_0000367,3
ISIC_0025463,1,NV,1157,HAM_0007075,2
ISIC_0025464,1,NV,1158,HAM_0006704,6
ISIC_0025465,4,BKL,1159,HAM_0003996,7
ISIC_0025466,4,BKL,1160,HAM_0001620,8
ISIC_0025467,2,BCC,1161,HAM_0006047,4
ISIC_0025468,1,NV,1162,HAM_0001939,8
ISIC_0025469,1,NV,1163,HAM_0005319,9
ISIC_0025470,4,BKL,1164,HAM_0005632,4
ISIC_0025471,3,AKIEC,1165,HAM_0001967,4
ISIC_0025472,0,MEL,1166,HAM_0000433,2
ISIC_0025473,1,NV,1167,HAM_0002726,6
ISIC_0025474,1,NV,1168,HAM_0004271,2
ISIC_0025475,1,NV,1169,HAM_0003196,6
ISIC_0025476,1,NV,1170,HAM_0006052,5
ISIC_0025477,1,NV,1171,HAM_0003125,4
ISIC_0025478,1,NV,1172,HAM_0005499,7
ISIC_0025479,1,NV,1173,HAM_0005220,0
ISIC_0025480,1,NV,1174,HAM_0006990,3
ISIC_0025481,1,NV,1175,HAM_0001909,4
ISIC_0025482,1,NV,1176,HAM_0000328,6
ISIC_0025483,1,NV,1177,HAM_0007170,6
ISIC_0025484,4,BKL,1178,HAM_0000215,4
ISIC_0025485,4,BKL,1179,HAM_0005260,0
ISIC_0025486,1,NV,1180,HAM_0006784,6
ISIC_0025487,1,NV,1181,HAM_0005690,7
ISIC_0025488,1,NV,1182,HAM_0002295,6
ISIC_0025489,0,MEL,1183,HAM_0002770,8
ISIC_0025490,1,NV,1184,HAM_0001840,4
ISIC_0025491,1,NV,1185,HAM_0006608,6
ISIC_0025492,1,NV,1186,HAM_0005631,3
ISIC_0025493,1,NV,1187,HAM_0000614,0
ISIC_0025494,1,NV,1188,HAM_0000677,7
ISIC_0025495,1,NV,1189,HAM_0001275,6
ISIC_0025496,1,NV,1190,HAM_0002996,9
ISIC_0025497,1,NV,1191,HAM_0007006,2
ISIC_0025498,1,NV,1192,HAM_0003518,3
ISIC_0025499,1,NV,1193,HAM_0005696,6
ISIC_0025500,0,MEL,1194,HAM_0004047,5
ISIC_0025501,1,NV,1195,HAM_0003483,2
ISIC_0025502,1,NV,1196,HAM_0002125,8
ISIC_0025503,1,NV,1197,HAM_0005423,7
ISIC_0025504,5,DF,1198,HAM_0004317,1
ISIC_0025505,1,NV,1199,HAM_0000836,3
ISIC_0025506,1,NV,1200,HAM_0005393,7
ISIC_0025507,4,BKL,1201,HAM_0006190,8
ISIC_0025508,1,NV,1202,HAM_0000705,2
ISIC_0025509,2,BCC,1203,HAM_0002269,4
ISIC_0025510,4,BKL,1204,HAM_0002092,2
ISIC_0025511,1,NV,1205,HAM_0002979,4
ISIC_0025512,0,MEL,1206,HAM_0001986,7
ISIC_0025513,2,BCC,1207,HAM_0001907,4
ISIC_0025514,1,NV,1208,HAM_0006791,0
ISIC_0025515,4,BKL,1209,HAM_0001781,0
ISIC_0025516,1,NV,1210,HAM_0001512,5
ISIC_0025517,1,NV,1211,HAM_0005848,7
ISIC_0025518,1,NV,1212,HAM_0003698,8
ISIC_0025519,4,BKL,1213,HAM_0006211,3
ISIC_0025520,0,MEL,1214,HAM_0005600,9
ISIC_0025521,1,NV,1215,HAM_0004969,6
ISIC_0025522,1,NV,1216,HAM_0000454,6
ISIC_0025523,1,NV,1217,HAM_0002725,1
ISIC_0025524,0,MEL,1218,HAM_0004642,8
ISIC_0025525,1,NV,1219,HAM_0004260,2
ISIC_0025526,4,BKL,1220,HAM_0003187,1
ISIC_0025527,1,NV,1221,HAM_0001500,0
ISIC_0025528,1,NV,1222,HAM_0005597,9
ISIC_0025529,4,BKL,1223,HAM_0000898,9
ISIC_0025530,2,BCC,1224,HAM_0002313,9
ISIC_0025531,0,MEL,1225,HAM_0004767,1
ISIC_0025532,1,NV,1226,HAM_0000438,3
ISIC_0025533,1,NV,1227,HAM_0004836,4
ISIC_0025534,1,NV,1228,HAM_0000163,7
ISIC_0025535,1,NV,1229,HAM_0001268,6
ISIC_0025536,1,NV,1230,HAM_0005035,5
ISIC_0025537,1,NV,1231,HAM_0007257,8
ISIC_0025538,1,NV,1232,HAM_0000661,0
ISIC_0025539,3,AKIEC,1233,HAM_0000967,9
ISIC_0025540,1,NV,1234,HAM_0001083,5
ISIC_0025541,1,NV,1235,HAM_0005880,1
ISIC_0025542,1,NV,1236,HAM_0006685,1
ISIC_0025543,0,MEL,1237,HAM_0005735,0
ISIC_0025544,1,NV,1238,HAM_0001420,7
ISIC_0025545,1,NV,1239,HAM_0000751,9
ISIC_0025546,0,MEL,1240,HAM_0007498,4
ISIC_0025547,1,NV,1241,HAM_0003299,8
ISIC_0025548,4,BKL,1242,HAM_0003326,9
ISIC_0025549,1,NV,1243,HAM_0005128,4
ISIC_0025550,0,MEL,1244,HAM_0006899,0
ISIC_0025551,1,NV,1245,HAM_0003022,4
ISIC_0025552,1,NV,1246,HAM_0000218,0
ISIC_0025553,1,NV,1247,HAM_0003619,3
ISIC_0025554,4,BKL,1248,HAM_0000907,5
ISIC_0025555,1,NV,1249,HAM_0003951,5
ISIC_0025556,1,NV,1250,HAM_0005311,4
ISIC_0025557,2,BCC,1251,HAM_0001900,6
ISIC_0025558,1,NV,1252,HAM_0004933,0
ISIC_0025559,1,NV,1253,HAM_0002354,2
ISIC_0025560,1,NV,1254,HAM_0003894,7
ISIC_0025561,1,NV,1255,HAM_0000739,2
ISIC_0025562,1,NV,1256,HAM_0001313,3
ISIC_0025563,1,NV,1257,HAM_0006086,7
ISIC_0025564,2,BCC,1258,HAM_0004161,1
ISIC_0025565,1,NV,1259,HAM_0003153,8
ISIC_0025566,1,NV,1260,HAM_0006117,2
ISIC_0025567,4,BKL,1261,HAM_0006574,3
ISIC_0025568,1,NV,1262,HAM_0005162,1
ISIC_0025569,1,NV,1263,HAM_0003009,1
ISIC_0025570,1,NV,1264,HAM_0003985,1
ISIC_0025571,1,NV,1265,HAM_0002888,1
ISIC_0025572,1,NV,1266,HAM_0003268,7
ISIC_0025573,0,MEL,1267,HAM_0004936,2
ISIC_0025574,1,NV,1268,HAM_0005583,4
ISIC_0025575,4,BKL,1269,HAM_0001245,6
ISIC_0025576,2,BCC,1270,HAM_0006115,8
ISIC_0025577,3,AKIEC,1271,HAM_0000005,8
ISIC_0025578,6,VASC,1272,HAM_0002218,3
ISIC_0025579,1,NV,1273,HAM_0005894,5
ISIC_0025580,1,NV,1274,HAM_0002938,5
ISIC_0025581,1,NV,1275,HAM_0006358,3
ISIC_0025582,1,NV,1276,HAM_0007423,1
ISIC_0025583,4,BKL,1277,HAM_0004131,8
ISIC_0025584,2,BCC,1278,HAM_0000791,6
ISIC_0025585,1,NV,1279,HAM_0000576,2
ISIC_0025586,1,NV,1280,HAM_0004498,5
ISIC_0025587,1,NV,1281,HAM_0007510,7
ISIC_0025588,1,NV,1282,HAM_0002207,1
ISIC_0025589,0,MEL,1283,HAM_0004397,8
ISIC_0025590,1,NV,1284,HAM_0006819,0
ISIC_0025591,1,NV,1285,HAM_0006446,9
ISIC_0025592,0,MEL,1286,HAM_0001105,9
ISIC_0025593,1,NV,1287,HAM_0001957,5
ISIC_0025594,5,DF,1288,HAM_0005983,8
ISIC_0025595,1,NV,1289,HAM_0000192,3
ISIC_0025596,6,VASC,1290,HAM_0005938,6
ISIC_0025597,1,NV,1291,HAM_0000284,8
ISIC_0025598,1,NV,1292,HAM_0004986,4
ISIC_0025599,6,VASC,1293,HAM_0004765,8
ISIC_0025600,2,BCC,1294,HAM_0000189,0
ISIC_0025601,2,BCC,1295,HAM_0001528,4
ISIC_0025602,1,NV,1296,HAM_0006402,8
ISIC_0025603,0,MEL,1297,HAM_0004579,8
ISIC_0025604,1,NV,1298,HAM_0004903,6
ISIC_0025605,3,AKIEC,1299,HAM_0007047,3
ISIC_0025606,6,VASC,1300,HAM_0005376,2
ISIC_0025607,1,NV,1301,HAM_0004757,2
ISIC_0025608,1,NV,1302,HAM_0003624,6
ISIC_0025609,1,NV,1303,HAM_0005906,1
ISIC_0025610,1,NV,1304,HAM_0003308,9
ISIC_0025611,0,MEL,1305,HAM_0001953,2
ISIC_0025612,6,VASC,1306,HAM_0002177,0
ISIC_0025613,1,NV,1307,HAM_0000446,0
ISIC_0025614,1,NV,1308,HAM_0002089,3
ISIC_0025615,1,NV,1309,HAM_0006568,8
ISIC_0025616,0,MEL,1310,HAM_0007031,1
ISIC_0025617,2,BCC,1311,HAM_0004539,4
ISIC_0025618,1,NV,1312,HAM_0001612,8
ISIC_0025619,1,NV,1313,HAM_0000801,1
ISIC_0025620,1,NV,1314,HAM_0001818,6
ISIC_0025621,1,NV,1315,HAM_0006439,0
ISIC_0025622,5,DF,1316,HAM_0005362,7
ISIC_0025623,4,BKL,1317,HAM_0000821,3
ISIC_0025624,1,NV,1318,HAM_0006783,4
ISIC_0025625,1,NV,1319,HAM_0004497,0
ISIC_0025626,1,NV,1320,HAM_0007177,0
ISIC_0025627,4,BKL,1321,HAM_0005335,2
ISIC_0025628,6,VASC,1322,HAM_0005475,2
ISIC_0025629,1,NV,1323,HAM_0002977,6
ISIC_0025630,2,BCC,1324,HAM_0002017,4
ISIC_0025631,1,NV,1325,HAM_0006312,8
ISIC_0025632,1,NV,1326,HAM_0004223,1
ISIC_0025633,1,NV,1327,HAM_0000783,8
ISIC_0025634,1,NV,1328,HAM_0004135,3
ISIC_0025635,1,NV,1329,HAM_0004639,5
ISIC_0025636,1,NV,1330,HAM_0001579,4
ISIC_0025637,3,AKIEC,1331,HAM_0001460,4
ISIC_0025638,1,NV,1332,HAM_0007003,8
ISIC_0025639,1,NV,1333,HAM_0004647,5
ISIC_0025640,1,NV,1334,HAM_0000014,4
ISIC_0025641,1,NV,1335,HAM_0003468,9
ISIC_0025642,4,BKL,1336,HAM_0007409,4
ISIC_0025643,1,NV,1337,HAM_0000156,5
ISIC_0025644,2,BCC,1338,HAM_0004536,3
ISIC_0025645,1,NV,1339,HAM_0002543,3
ISIC_0025646,1,NV,1340,HAM_0005988,6
ISIC_0025647,1,NV,1341,HAM_0002798,0
ISIC_0025648,1,NV,1342,HAM_0004298,1
ISIC_0025649,1,NV,1343,HAM_0005269,6
ISIC_0025650,2,BCC,1344,HAM_0002312,2
ISIC_0025651,0,MEL,1345,HAM_0000075,7
ISIC_0025652,1,NV,1346,HAM_0003965,1
ISIC_0025653,1,NV,1347,HAM_0005347,4
ISIC_0025654,4,BKL,1348,HAM_0002742,0
ISIC_0025655,1,NV,1349,HAM_0000759,4
ISIC_0025656,4,BKL,1350,HAM_0005915,6
ISIC_0025657,1,NV,1351,HAM_0006730,5
ISIC_0025658,1,NV,1352,HAM_0000941,1
ISIC_0025659,4,BKL,1353,HAM_0004988,6
ISIC_0025660,1,NV,1354,HAM_0001952,3
ISIC_0025661,4,BKL,1355,HAM_0002730,4
ISIC_0025662,1,NV,1356,HAM_0001525,4
ISIC_0025663,0,MEL,1357,HAM_0006171,1
ISIC_0025664,1,NV,1358,HAM_0004619,4
ISIC_0025665,1,NV,1359,HAM_0002661,4
ISIC_0025666,1,NV,1360,HAM_0005882,8
ISIC_0025667,1,NV,1361,HAM_0000762,6
ISIC_0025668,5,DF,1362,HAM_0007051,5
ISIC_0025669,1,NV,1363,HAM_0003860,6
ISIC_0025670,1,NV,1364,HAM_0002332,6
ISIC_0025671,1,NV,1365,HAM_0004783,8
ISIC_0025672,1,NV,1366,HAM_0007123,3
ISIC_0025673,1,NV,1367,HAM_0005089,2
ISIC_0025674,0,MEL,1368,HAM_0000531,5
ISIC_0025675,1,NV,1369,HAM_0000557,0
ISIC_0025676,1,NV,1370,HAM_0004082,8
ISIC_0025677,6,VASC,1371,HAM_0004097,5
ISIC_0025678,1,NV,1372,HAM_0006836,0
ISIC_0025679,1,NV,1373,HAM_0003695,8
ISIC_0025680,6,VASC,1374,HAM_0000415,3
ISIC_0025681,1,NV,1375,HAM_0007228,5
ISIC_0025682,1,NV,1376,HAM_0004812,9
ISIC_0025683,1,NV,1377,HAM_0000391,4
ISIC_0025684,1,NV,1378,HAM_0006941,7
ISIC_0025685,1,NV,1379,HAM_0003029,8
ISIC_0025686,1,NV,1380,HAM_0002146,8
ISIC_0025687,1,NV,1381,HAM_0002097,0
ISIC_0025688,1,NV,1382,HAM_0007612,5
ISIC_0025689,1,NV,1383,HAM_0006629,5
ISIC_0025690,1,NV,1384,HAM_0007282,4
ISIC_0025691,2,BCC,1385,HAM_0000065,0
ISIC_0025692,1,NV,1386,HAM_0007378,6
ISIC_0025693,4,BKL,1387,HAM_0002879,0
ISIC_0025694,1,NV,1388,HAM_0007057,4
ISIC_0025695,1,NV,1389,HAM_0003667,4
ISIC_0025696,3,AKIEC,1390,HAM_0002472,3
ISIC_0025697,1,NV,1391,HAM_0003459,4
ISIC_0025698,1,NV,1392,HAM_0002654,6
ISIC_0025699,4,BKL,1393,HAM_0005082,8
ISIC_0025700,2,BCC,1394,HAM_0005058,1
ISIC_0025701,1,NV,1395,HAM_0000359,5
ISIC_0025702,1,NV,1396,HAM_0006347,5
ISIC_0025703,4,BKL,1397,HAM_0000110,7
ISIC_0025704,1,NV,1398,HAM_0001253,6
ISIC_0025705,1,NV,1399,HAM_0004961,3
ISIC_0025706,1,NV,1400,HAM_0003138,0
ISIC_0025707,6,VASC,1401,HAM_0006796,6
ISIC_0025708,0,MEL,1402,HAM_0006593,6
ISIC_0025709,0,MEL,1403,HAM_0003102,1
ISIC_0025710,4,BKL,1404,HAM_0001529,0
ISIC_0025711,2,BCC,1405,HAM_0005501,7
ISIC_0025712,3,AKIEC,1406,HAM_0005117,3
ISIC_0025713,1,NV,1407,HAM_0003178,8
ISIC_0025714,1,NV,1408,HAM_0000458,2
ISIC_0025715,1,NV,1409,HAM_0007111,7
ISIC_0025716,4,BKL,1410,HAM_0001200,9
ISIC_0025717,1,NV,1411,HAM_0007461,5
ISIC_0025718,2,BCC,1412,HAM_0001884,1
ISIC_0025719,4,BKL,1413,HAM_0000833,0
ISIC_0025720,1,NV,1414,HAM_0004464,7
ISIC_0025721,1,NV,1415,HAM_0001963,3
ISIC_0025722,1,NV,1416,HAM_0001590,8
ISIC_0025723,1,NV,1417,HAM_0005552,1
ISIC_0025724,0,MEL,1418,HAM_0003520,0
ISIC_0025725,1,NV,1419,HAM_0000056,0
ISIC_0025726,1,NV,1420,HAM_0001120,2
ISIC_0025727,1,NV,1421,HAM_0000130,7
ISIC_0025728,1,NV,1422,HAM_0003921,9
ISIC_0025729,1,NV,1423,HAM_0003609,8
ISIC_0025730,1,NV,1424,HAM_0007374,6
ISIC_0025731,2,BCC,1425,HAM_0003981,0
ISIC_0025732,0,MEL,1426,HAM_0001976,8
ISIC_0025733,1,NV,1427,HAM_0006509,0
ISIC_0025734,1,NV,1428,HAM_0003099,9
ISIC_0025735,1,NV,1429,HAM_0002349,7
ISIC_0025736,1,NV,1430,HAM_0004948,6
ISIC_0025737,1,NV,1431,HAM_0000091,2
ISIC_0025738,1,NV,1432,HAM_0004378,6
ISIC_0025739,1,NV,1433,HAM_0002036,2
ISIC_0025740,1,NV,1434,HAM_0001308,8
ISIC_0025741,1,NV,1435,HAM_0005732,9
ISIC_0025742,1,NV,1436,HAM_0003723,2
ISIC_0025743,4,BKL,1437,HAM_0004382,2
ISIC_0025744,0,MEL,1438,HAM_0006453,6
ISIC_0025745,1,NV,1439,HAM_0005444,0
ISIC_0025746,4,BKL,1440,HAM_0005591,1
ISIC_0025747,1,NV,1441,HAM_0006911,5
ISIC_0025748,0,MEL,1442,HAM_0002752,0
ISIC_0025749,1,NV,1443,HAM_0007294,5
ISIC_0025750,1,NV,1444,HAM_0007056,1
ISIC_0025751,0,MEL,1445,HAM_0000814,8
ISIC_0025752,2,BCC,1446,HAM_0005435,9
ISIC_0025753,4,BKL,1447,HAM_0004912,0
ISIC_0025754,1,NV,1448,HAM_0006797,0
ISIC_0025755,0,MEL,1449,HAM_0003095,0
ISIC_0025756,1,NV,1450,HAM_0000608,9
ISIC_0025757,1,NV,1451,HAM_0000695,2
ISIC_0025758,4,BKL,1452,HAM_0005443,0
ISIC_0025759,1,NV,1453,HAM_0000014,2
ISIC_0025760,1,NV,1454,HAM_0007015,0
ISIC_0025761,1,NV,1455,HAM_0006073,2
ISIC_0025762,1,NV,1456,HAM_0005189,8
ISIC_0025763,1,NV,1457,HAM_0007508,8
ISIC_0025764,1,NV,1458,HAM_0003270,4
ISIC_0025765,1,NV,1459,HAM_0006781,8
ISIC_0025766,0,MEL,1460,HAM_0003869,3
ISIC_0025767,4,BKL,1461,HAM_0001949,1
ISIC_0025768,1,NV,1462,HAM_0002512,5
ISIC_0025769,1,NV,1463,HAM_0001943,6
ISIC_0025770,1,NV,1464,HAM_0004913,1
ISIC_0025771,5,DF,1465,HAM_0001841,3
ISIC_0025772,1,NV,1466,HAM_0004633,4
ISIC_0025773,1,NV,1467,HAM_0002709,7
ISIC_0025774,1,NV,1468,HAM_0002233,9
ISIC_0025775,1,NV,1469,HAM_0004516,1
ISIC_0025776,1,NV,1470,HAM_0003785,4
ISIC_0025777,4,BKL,1471,HAM_0002827,9
ISIC_0025778,1,NV,1472,HAM_0000609,8
ISIC_0025779,1,NV,1473,HAM_0000960,1
ISIC_0025780,3,AKIEC,1474,HAM_0006587,2
ISIC_0025781,4,BKL,1475,HAM_0005728,8
ISIC_0025782,1,NV,1476,HAM_0003276,5
ISIC_0025783,0,MEL,1477,HAM_0000417,8
ISIC_0025784,1,NV,1478,HAM_0003652,0
ISIC_0025785,1,NV,1479,HAM_0005110,1
ISIC_0025786,1,NV,1480,HAM_0004260,9
ISIC_0025787,1,NV,1481,HAM_0004469,8
ISIC_0025788,1,NV,1482,HAM_0003591,3
ISIC_0025789,1,NV,1483,HAM_0007249,4
ISIC_0025790,3,AKIEC,1484,HAM_0001004,7
ISIC_0025791,0,MEL,1485,HAM_0006223,0
ISIC_0025792,1,NV,1486,HAM_0001634,8
ISIC_0025793,2,BCC,1487,HAM_0004603,8
ISIC_0025794,1,NV,1488,HAM_0001810,7
ISIC_0025795,1,NV,1489,HAM_0000054,2
ISIC_0025796,1,NV,1490,HAM_0002830,9
ISIC_0025797,1,NV,1491,HAM_0001698,5
ISIC_0025798,1,NV,1492,HAM_0006881,0
ISIC_0025799,4,BKL,1493,HAM_0004531,3
ISIC_0025800,0,MEL,1494,HAM_0004021,8
ISIC_0025801,1,NV,1495,HAM_0004132,2
ISIC_0025802,1,NV,1496,HAM_0001199,6
ISIC_0025803,3,AKIEC,1497,HAM_0005024,3
ISIC_0025804,4,BKL,1498,HAM_0001443,6
ISIC_0025805,4,BKL,1499,HAM_0004691,7
ISIC_0025806,1,NV,1500,HAM_0003948,2
ISIC_0025807,6,VASC,1501,HAM_0003771,7
ISIC_0025808,3,AKIEC,1502,HAM_0002261,7
ISIC_0025809,1,NV,1503,HAM_0004663,8
ISIC_0025810,4,BKL,1504,HAM_0003559,2
ISIC_0025811,3,AKIEC,1505,HAM_0005255,5
ISIC_0025812,1,NV,1506,HAM_0001767,3
ISIC_0025813,1,NV,1507,HAM_0001915,0
ISIC_0025814,0,MEL,1508,HAM_0002194,1
ISIC_0025815,1,NV,1509,HAM_0005036,7
ISIC_0025816,1,NV,1510,HAM_0007122,2
ISIC_0025817,1,NV,1511,HAM_0002542,5
ISIC_0025818,2,BCC,1512,HAM_0004621,3
ISIC_0025819,4,BKL,1513,HAM_0002299,0
ISIC_0025820,1,NV,1514,HAM_0000177,9
ISIC_0025821,1,NV,1515,HAM_0002528,7
ISIC_0025822,1,NV,1516,HAM_0004404,9
ISIC_0025823,1,NV,1517,HAM_0007425,0
ISIC_0025824,2,BCC,1518,HAM_0001331,9
ISIC_0025825,3,AKIEC,1519,HAM_0002232,9
ISIC_0025826,2,BCC,1520,HAM_0005585,8
ISIC_0025827,1,NV,1521,HAM_0005799,6
ISIC_0025828,1,NV,1522,HAM_0006515,6
ISIC_0025829,1,NV,1523,HAM_0000409,8
ISIC_0025830,4,BKL,1524,HAM_0007232,3
ISIC_0025831,3,AKIEC,1525,HAM_0004012,6
ISIC_0025832,0,MEL,1526,HAM_0003172,8
ISIC_0025833,1,NV,1527,HAM_0003131,3
ISIC_0025834,1,NV,1528,HAM_0006837,1
ISIC_0025835,0,MEL,1529,HAM_0001456,5
ISIC_0025836,1,NV,1530,HAM_0000380,9
ISIC_0025837,4,BKL,1531,HAM_0005132,7
ISIC_0025838,4,BKL,1532,HAM_0001362,6
ISIC_0025839,1,NV,1533,HAM_0003385,0
ISIC_0025840,1,NV,1534,HAM_0000618,1
ISIC_0025841,1,NV,1535,HAM_0001210,2
ISIC_0025842,4,BKL,1536,HAM_0004274,9
ISIC_0025843,1,NV,1537,HAM_0004098,6
ISIC_0025844,1,NV,1538,HAM_0006840,6
ISIC_0025845,1,NV,1539,HAM_0005868,1
ISIC_0025846,1,NV,1540,HAM_0001077,4
ISIC_0025847,1,NV,1541,HAM_0005609,8
ISIC_0025848,1,NV,1542,HAM_0002310,9
ISIC_0025849,1,NV,1543,HAM_0001153,2
ISIC_0025850,1,NV,1544,HAM_0005611,4
ISIC_0025851,4,BKL,1545,HAM_0005845,5
ISIC_0025852,1,NV,1546,HAM_0001403,4
ISIC_0025853,1,NV,1547,HAM_0003897,0
ISIC_0025854,1,NV,1548,HAM_0000360,8
ISIC_0025855,1,NV,1549,HAM_0001279,8
ISIC_0025856,4,BKL,1550,HAM_0003165,0
ISIC_0025857,1,NV,1551,HAM_0002091,1
ISIC_0025858,1,NV,1552,HAM_0007473,7
ISIC_0025859,1,NV,1553,HAM_0002837,0
ISIC_0025860,1,NV,1554,HAM_0002726,7
ISIC_0025861,1,NV,1555,HAM_0006917,3
ISIC_0025862,1,NV,1556,HAM_0003515,3
ISIC_0025863,1,NV,1557,HAM_0004156,6
ISIC_0025864,1,NV,1558,HAM_0005630,9
ISIC_0025865,1,NV,1559,HAM_0005160,7
ISIC_0025866,1,NV,1560,HAM_0001882,7
ISIC_0025867,4,BKL,1561,HAM_0007220,7
ISIC_0025868,1,NV,1562,HAM_0003251,5
ISIC_0025869,1,NV,1563,HAM_0007356,6
ISIC_0025870,1,NV,1564,HAM_0007606,0
ISIC_0025871,1,NV,1565,HAM_0003904,4
ISIC_0025872,1,NV,1566,HAM_0004973,5
ISIC_0025873,6,VASC,1567,HAM_0006501,4
ISIC_0025874,4,BKL,1568,HAM_0003689,9
ISIC_0025875,1,NV,1569,HAM_0000722,4
ISIC_0025876,4,BKL,1570,HAM_0002957,7
ISIC_0025877,1,NV,1571,HAM_0005123,0
ISIC_0025878,1,NV,1572,HAM_0001231,8
ISIC_0025879,4,BKL,1573,HAM_0004289,3
ISIC_0025880,1,NV,1574,HAM_0005744,7
ISIC_0025881,1,NV,1575,HAM_0002571,9
ISIC_0025882,1,NV,1576,HAM_0000978,3
ISIC_0025883,4,BKL,1577,HAM_0007607,8
ISIC_0025884,1,NV,1578,HAM_0001999,7
ISIC_0025885,4,BKL,1579,HAM_0000582,0
ISIC_0025886,1,NV,1580,HAM_0006741,9
ISIC_0025887,1,NV,1581,HAM_0006390,4
ISIC_0025888,1,NV,1582,HAM_0000584,3
ISIC_0025889,1,NV,1583,HAM_0002801,5
ISIC_0025890,1,NV,1584,HAM_0000646,0
ISIC_0025891,0,MEL,1585,HAM_0001600,5
ISIC_0025892,1,NV,1586,HAM_0002754,3
ISIC_0025893,1,NV,1587,HAM_0007156,9
ISIC_0025894,1,NV,1588,HAM_0000017,1
ISIC_0025895,1,NV,1589,HAM_0000478,5
ISIC_0025896,1,NV,1590,HAM_0005922,7
ISIC_0025897,1,NV,1591,HAM_0003539,5
ISIC_0025898,1,NV,1592,HAM_0002332,3
ISIC_0025899,1,NV,1593,HAM_0001552,8
ISIC_0025900,1,NV,1594,HAM_0000943,7
ISIC_0025901,1,NV,1595,HAM_0005562,9
ISIC_0025902,1,NV,1596,HAM_0005966,9
ISIC_0025903,5,DF,1597,HAM_0002129,1
ISIC_0025904,0,MEL,1598,HAM_0006908,6
ISIC_0025905,1,NV,1599,HAM_0004138,0
ISIC_0025906,4,BKL,1600,HAM_0007179,7
ISIC_0025907,1,NV,1601,HAM_0002658,2
ISIC_0025908,1,NV,1602,HAM_0003785,2
ISIC_0025909,1,NV,1603,HAM_0006856,9
ISIC_0025910,1,NV,1604,HAM_0000235,5
ISIC_0025911,5,DF,1605,HAM_0004648,0
ISIC_0025912,1,NV,1606,HAM_0007449,0
ISIC_0025913,1,NV,1607,HAM_0003409,7
ISIC_0025914,1,NV,1608,HAM_0006962,6
ISIC_0025915,4,BKL,1609,HAM_0001601,0
ISIC_0025916,1,NV,1610,HAM_0002382,1
ISIC_0025917,1,NV,1611,HAM_0003500,4
ISIC_0025918,1,NV,1612,HAM_0003078,0
ISIC_0025919,1,NV,1613,HAM_0001085,5
ISIC_0025920,1,NV,1614,HAM_0007194,2
ISIC_0025921,1,NV,1615,HAM_0007099,8
ISIC_0025922,1,NV,1616,HAM_0002473,2
ISIC_0025923,1,NV,1617,HAM_0005370,7
ISIC_0025924,6,VASC,1618,HAM_0006748,9
ISIC_0025925,1,NV,1619,HAM_0000803,2
ISIC_0025926,1,NV,1620,HAM_0005854,1
ISIC_0025927,0,MEL,1621,HAM_0002557,2
ISIC_0025928,4,BKL,1622,HAM_0005606,7
ISIC_0025929,1,NV,1623,HAM_0005195,0
ISIC_0025930,1,NV,1624,HAM_0000154,6
ISIC_0025931,1,NV,1625,HAM_0001407,5
ISIC_0025932,2,BCC,1626,HAM_0007262,8
ISIC_0025933,1,NV,1627,HAM_0006095,4
ISIC_0025934,1,NV,1628,HAM_0006395,8
ISIC_0025935,1,NV,1629,HAM_0006029,8
ISIC_0025936,1,NV,1630,HAM_0000889,8
ISIC_0025937,4,BKL,1631,HAM_0004884,6
ISIC_0025938,1,NV,1632,HAM_0000904,8
ISIC_0025939,4,BKL,1633,HAM_0006622,9
ISIC_0025940,2,BCC,1634,HAM_0001503,8
ISIC_0025941,0,MEL,1635,HAM_0003171,9
ISIC_0025942,1,NV,1636,HAM_0000302,0
ISIC_0025943,1,NV,1637,HAM_0005162,4
ISIC_0025944,1,NV,1638,HAM_0005634,8
ISIC_0025945,1,NV,1639,HAM_0003833,6
ISIC_0025946,1,NV,1640,HAM_0002411,0
ISIC_0025947,1,NV,1641,HAM_0007060,8
ISIC_0025948,3,AKIEC,1642,HAM_0002672,4
ISIC_0025949,1,NV,1643,HAM_0005050,7
ISIC_0025950,1,NV,1644,HAM_0007477,3
ISIC_0025951,1,NV,1645,HAM_0002200,5
ISIC_0025952,1,NV,1646,HAM_0004678,0
ISIC_0025953,3,AKIEC,1647,HAM_0002461,2
ISIC_0025954,5,DF,1648,HAM_0002706,1
ISIC_0025955,0,MEL,1649,HAM_0005481,2
ISIC_0025956,1,NV,1650,HAM_0000741,9
ISIC_0025957,3,AKIEC,1651,HAM_0007047,2
ISIC_0025958,1,NV,1652,HAM_0005609,4
ISIC_0025959,1,NV,1653,HAM_0000947,8
ISIC_0025960,1,NV,1654,HAM_0002142,4
ISIC_0025961,1,NV,1655,HAM_0007290,6
ISIC_0025962,1,NV,1656,HAM_0006297,7
ISIC_0025963,0,MEL,1657,HAM_0004642,3
ISIC_0025964,0,MEL,1658,HAM_0000871,6
ISIC_0025965,1,NV,1659,HAM_0005210,6
ISIC_0025966,1,NV,1660,HAM_0001553,9
ISIC_0025967,1,NV,1661,HAM_0004518,3
ISIC_0025968,1,NV,1662,HAM_0007490,4
ISIC_0025969,1,NV,1663,HAM_0004369,2
ISIC_0025970,1,NV,1664,HAM_0003033,1
ISIC_0025971,2,BCC,1665,HAM_0000504,4
ISIC_0025972,1,NV,1666,HAM_0007164,0
ISIC_0025973,4,BKL,1667,HAM_0003943,0
ISIC_0025974,1,NV,1668,HAM_0001770,1
ISIC_0025975,2,BCC,1669,HAM_0005835,1
ISIC_0025976,1,NV,1670,HAM_0000565,2
ISIC_0025977,1,NV,1671,HAM_0001225,8
ISIC_0025978,1,NV,1672,HAM_0000523,1
ISIC_0025979,1,NV,1673,HAM_0003470,3
ISIC_0025980,5,DF,1674,HAM_0005529,2
ISIC_0025981,1,NV,1675,HAM_0007499,7
ISIC_0025982,4,BKL,1676,HAM_0002839,6
ISIC_0025983,1,NV,1677,HAM_0004025,0
ISIC_0025984,4,BKL,1678,HAM_0004234,2
ISIC_0025985,4,BKL,1679,HAM_0004545,1
ISIC_0025986,4,BKL,1680,HAM_0006123,6
ISIC_0025987,0,MEL,1681,HAM_0002824,3
ISIC_0025988,1,NV,1682,HAM_0001242,7
ISIC_0025989,1,NV,1683,HAM_0003033,1
ISIC_0025990,1,NV,1684,HAM_0000609,5
ISIC_0025991,1,NV,1685,HAM_0000595,7
ISIC_0025992,3,AKIEC,1686,HAM_0005480,6
ISIC_0025993,1,NV,1687,HAM_0005232,8
ISIC_0025994,1,NV,1688,HAM_0006655,0
ISIC_0025995,1,NV,1689,HAM_0000914,6
ISIC_0025996,0,MEL,1690,HAM_0003990,1
ISIC_0025997,1,NV,1691,HAM_0001256,7
ISIC_0025998,1,NV,1692,HAM_0000370,2
ISIC_0025999,1,NV,1693,HAM_0005286,1
ISIC_0026000,1,NV,1694,HAM_0003071,2
ISIC_0026001,1,NV,1695,HAM_0004907,7
ISIC_0026002,1,NV,1696,HAM_0007371,9
ISIC_0026003,1,NV,1697,HAM_0000951,8
ISIC_0026004,1,NV,1698,HAM_0006479,3
ISIC_0026005,1,NV,1699,HAM_0003889,8
ISIC_0026006,1,NV,1700,HAM_0003583,0
ISIC_0026007,1,NV,1701,HAM_0003931,0
ISIC_0026008,1,NV,1702,HAM_0001934,5
ISIC_0026009,0,MEL,1703,HAM_0000952,7
ISIC_0026010,1,NV,1704,HAM_0004916,5
ISIC_0026011,1,NV,1705,HAM_0004513,2
ISIC_0026012,1,NV,1706,HAM_0000028,6
ISIC_0026013,1,NV,1707,HAM_0004671,3
ISIC_0026014,3,AKIEC,1708,HAM_0002882,2
ISIC_0026015,4,BKL,1709,HAM_0002350,9
ISIC_0026016,4,BKL,1710,HAM_0003789,7
ISIC_0026017,1,NV,1711,HAM_0004095,0
ISIC_0026018,4,BKL,1712,HAM_0005883,9
ISIC_0026019,1,NV,1713,HAM_0001768,9
ISIC_0026020,1,NV,1714,HAM_0001550,9
ISIC_0026021,1,NV,1715,HAM_0004013,0
ISIC_0026022,1,NV,1716,HAM_0006725,0
ISIC_0026023,1,NV,1717,HAM_0000815,6
ISIC_0026024,1,NV,1718,HAM_0000666,0
ISIC_0026025,1,NV,1719,HAM_0002396,3
ISIC_0026026,1,NV,1720,HAM_0004492,9
ISIC_0026027,1,NV,1721,HAM_0000509,7
ISIC_0026028,1,NV,1722,HAM_0004133,9
ISIC_0026029,1,NV,1723,HAM_0004225,1
ISIC_0026030,1,NV,1724,HAM_0003580,7
ISIC_0026031,1,NV,1725,HAM_0003261,5
ISIC_0026032,1,NV,1726,HAM_0006370,9
ISIC_0026033,1,NV,1727,HAM_0003319,4
ISIC_0026034,1,NV,1728,HAM_0002103,6
ISIC_0026035,1,NV,1729,HAM_0001043,6
ISIC_0026036,1,NV,1730,HAM_0003038,1
ISIC_0026037,1,NV,1731,HAM_0006756,0
ISIC_0026038,1,NV,1732,HAM_0000724,6
ISIC_0026039,1,NV,1733,HAM_0000797,8
ISIC_0026040,3,AKIEC,1734,HAM_0006252,8
ISIC_0026041,1,NV,1735,HAM_0001072,0
ISIC_0026042,4,BKL,1736,HAM_0007000,3
ISIC_0026043,1,NV,1737,HAM_0000362,7
ISIC_0026044,4,BKL,1738,HAM_0006945,6
ISIC_0026045,0,MEL,1739,HAM_0005909,9
ISIC_0026046,4,BKL,1740,HAM_0002190,8
ISIC_0026047,1,NV,1741,HAM_0001208,4
ISIC_0026048,1,NV,1742,HAM_0002271,5
ISIC_0026049,1,NV,1743,HAM_0000773,1
ISIC_0026050,1,NV,1744,HAM_0005473,1
ISIC_0026051,1,NV,1745,HAM_0005813,8
ISIC_0026052,1,NV,1746,HAM_0005770,2
ISIC_0026053,1,NV,1747,HAM_0001319,6
ISIC_0026054,1,NV,1748,HAM_0002943,8
ISIC_0026055,1,NV,1749,HAM_0006605,2
ISIC_0026056,2,BCC,1750,HAM_0005304,6
ISIC_0026057,1,NV,1751,HAM_0000038,8
ISIC_0026058,1,NV,1752,HAM_0007361,8
ISIC_0026059,1,NV,1753,HAM_0006970,7
ISIC_0026060,4,BKL,1754,HAM_0005891,8
ISIC_0026061,1,NV,1755,HAM_0001973,4
ISIC_0026062,1,NV,1756,HAM_0000625,2
ISIC_0026063,1,NV,1757,HAM_0003139,6
ISIC_0026064,1,NV,1758,HAM_0003714,6
ISIC_0026065,1,NV,1759,HAM_0004554,0
ISIC_0026066,1,NV,1760,HAM_0001599,1
ISIC_0026067,1,NV,1761,HAM_0000431,9
ISIC_0026068,6,VASC,1762,HAM_0004413,8
ISIC_0026069,4,BKL,1763,HAM_0000524,4
ISIC_0026070,4,BKL,1764,HAM_0002268,9
ISIC_0026071,1,NV,1765,HAM_0001190,6
ISIC_0026072,4,BKL,1766,HAM_0006622,2
ISIC_0026073,1,NV,1767,HAM_0002751,8
ISIC_0026074,2,BCC,1768,HAM_0000968,5
ISIC_0026075,1,NV,1769,HAM_0004134,1
ISIC_0026076,1,NV,1770,HAM_0001361,2
ISIC_0026077,1,NV,1771,HAM_0005592,8
ISIC_0026078,1,NV,1772,HAM_0005108,3
ISIC_0026079,1,NV,1773,HAM_0004683,2
ISIC_0026080,1,NV,1774,HAM_0004762,7
ISIC_0026081,0,MEL,1775,HAM_0000337,7
ISIC_0026082,1,NV,1776,HAM_0002379,7
ISIC_0026083,3,AKIEC,1777,HAM_0000552,0
ISIC_0026084,1,NV,1778,HAM_0005879,6
ISIC_0026085,4,BKL,1779,HAM_0001858,5
ISIC_0026086,0,MEL,1780,HAM_0005403,0
ISIC_0026087,1,NV,1781,HAM_0002378,9
ISIC_0026088,1,NV,1782,HAM_0002958,4
ISIC_0026089,0,MEL,1783,HAM_0002196,8
ISIC_0026090,2,BCC,1784,HAM_0004084,6
ISIC_0026091,2,BCC,1785,HAM_0006572,4
ISIC_0026092,6,VASC,1786,HAM_0002914,2
ISIC_0026093,1,NV,1787,HAM_0004704,1
ISIC_0026094,0,MEL,1788,HAM_0006696,3
ISIC_0026095,1,NV,1789,HAM_0002297,5
ISIC_0026096,1,NV,1790,HAM_0006543,0
ISIC_0026097,1,NV,1791,HAM_0003419,1
ISIC_0026098,1,NV,1792,HAM_0000921,6
ISIC_0026099,1,NV,1793,HAM_0000634,3
ISIC_0026100,3,AKIEC,1794,HAM_0000954,8
ISIC_0026101,1,NV,1795,HAM_0003698,1
ISIC_0026102,1,NV,1796,HAM_0006841,2
ISIC_0026103,1,NV,1797,HAM_0000039,2
ISIC_0026104,4,BKL,1798,HAM_0004569,2
ISIC_0026105,0,MEL,1799,HAM_0003172,3
ISIC_0026106,1,NV,1800,HAM_0001669,9
ISIC_0026107,4,BKL,1801,HAM_0003265,2
ISIC_0026108,1,NV,1802,HAM_0003159,2
ISIC_0026109,1,NV,1803,HAM_0007503,1
ISIC_0026110,1,NV,1804,HAM_0003295,7
ISIC_0026111,1,NV,1805,HAM_0000374,7
ISIC_0026112,1,NV,1806,HAM_0000301,2
ISIC_0026113,0,MEL,1807,HAM_0002714,6
ISIC_0026114,1,NV,1808,HAM_0006375,2
ISIC_0026115,0,MEL,1809,HAM_0004910,7
ISIC_0026116,1,NV,1810,HAM_0002855,7
ISIC_0026117,2,BCC,1811,HAM_0005984,5
ISIC_0026118,2,BCC,1812,HAM_0007627,1
ISIC_0026119,1,NV,1813,HAM_0005827,8
ISIC_0026120,0,MEL,1814,HAM_0007310,0
ISIC_0026121,1,NV,1815,HAM_0002415,0
ISIC_0026122,1,NV,1816,HAM_0000666,0
ISIC_0026123,1,NV,1817,HAM_0003491,0
ISIC_0026124,1,NV,1818,HAM_0003078,8
ISIC_0026125,1,NV,1819,HAM_0000861,3
ISIC_0026126,1,NV,1820,HAM_0000025,6
ISIC_0026127,1,NV,1821,HAM_0000199,4
ISIC_0026128,1,NV,1822,HAM_0006033,3
ISIC_0026129,1,NV,1823,HAM_0001035,6
ISIC_0026130,1,NV,1824,HAM_0005144,7
ISIC_0026131,0,MEL,1825,HAM_0006171,9
ISIC_0026132,3,AKIEC,1826,HAM_0004992,4
ISIC_0026133,1,NV,1827,HAM_0004833,4
ISIC_0026134,1,NV,1828,HAM_0007119,7
ISIC_0026135,4,BKL,1829,HAM_0006772,8
ISIC_0026136,1,NV,1830,HAM_0003145,4
ISIC_0026137,1,NV,1831,HAM_0006669,0
ISIC_0026138,3,AKIEC,1832,HAM_0005027,5
ISIC_0026139,4,BKL,1833,HAM_0002809,5
ISIC_0026140,1,NV,1834,HAM_0002973,4
ISIC_0026141,1,NV,1835,HAM_0003525,7
ISIC_0026142,4,BKL,1836,HAM_0006945,8
ISIC_0026143,1,NV,1837,HAM_0002776,2
ISIC_0026144,1,NV,1838,HAM_0000023,3
ISIC_0026145,1,NV,1839,HAM_0005326,2
ISIC_0026146,1,NV,1840,HAM_0006888,1
ISIC_0026147,1,NV,1841,HAM_0006983,5
ISIC_0026148,1,NV,1842,HAM_0002975,2
ISIC_0026149,3,AKIEC,1843,HAM_0005480,7
ISIC_0026150,0,MEL,1844,HAM_0004607,0
ISIC_0026151,1,NV,1845,HAM_0003932,2
ISIC_0026152,3,AKIEC,1846,HAM_0000549,1
ISIC_0026153,4,BKL,1847,HAM_0002957,2
ISIC_0026154,2,BCC,1848,HAM_0006658,3
ISIC_0026155,1,NV,1849,HAM_0002458,7
ISIC_0026156,2,BCC,1850,HAM_0005068,8
ISIC_0026157,1,NV,1851,HAM_0000787,4
ISIC_0026158,0,MEL,1852,HAM_0003448,6
ISIC_0026159,4,BKL,1853,HAM_0004491,9
ISIC_0026160,1,NV,1854,HAM_0001639,9
ISIC_0026161,1,NV,1855,HAM_0007407,9
ISIC_0026162,1,NV,1856,HAM_0005525,2
ISIC_0026163,6,VASC,1857,HAM_0003771,6
ISIC_0026164,1,NV,1858,HAM_0002872,4
ISIC_0026165,1,NV,1859,HAM_0005950,8
ISIC_0026166,1,NV,1860,HAM_0000562,8
ISIC_0026167,0,MEL,1861,HAM_0003400,7
ISIC_0026168,1,NV,1862,HAM_0002013,3
ISIC_0026169,1,NV,1863,HAM_0006785,9
ISIC_0026170,1,NV,1864,HAM_0001010,2
ISIC_0026171,3,AKIEC,1865,HAM_0000356,0
ISIC_0026172,1,NV,1866,HAM_0003255,7
ISIC_0026173,1,NV,1867,HAM_0004130,2
ISIC_0026174,4,BKL,1868,HAM_0006009,5
ISIC_0026175,1,NV,1869,HAM_0006953,2
ISIC_0026176,1,NV,1870,HAM_0002223,6
ISIC_0026177,1,NV,1871,HAM_0006583,1
ISIC_0026178,3,AKIEC,1872,HAM_0007349,8
ISIC_0026179,1,NV,1873,HAM_0003523,4
ISIC_0026180,1,NV,1874,HAM_0000755,0
ISIC_0026181,1,NV,1875,HAM_0001560,1
ISIC_0026182,1,NV,1876,HAM_0001265,3
ISIC_0026183,1,NV,1877,HAM_0000732,5
ISIC_0026184,1,NV,1878,HAM_0002524,2
ISIC_0026185,1,NV,1879,HAM_0001897,7
ISIC_0026186,1,NV,1880,HAM_0002106,8
ISIC_0026187,1,NV,1881,HAM_0003258,5
ISIC_0026188,0,MEL,1882,HAM_0001409,1
ISIC_0026189,1,NV,1883,HAM_0000926,3
ISIC_0026190,1,NV,1884,HAM_0002571,3
ISIC_0026191,1,NV,1885,HAM_0003084,2
ISIC_0026192,2,BCC,1886,HAM_0002611,7
ISIC_0026193,1,NV,1887,HAM_0006419,8
ISIC_0026194,3,AKIEC,1888,HAM_0003910,8
ISIC_0026195,1,NV,1889,HAM_0002384,1
ISIC_0026196,1,NV,1890,HAM_0006632,7
ISIC_0026197,1,NV,1891,HAM_0003678,5
ISIC_0026198,1,NV,1892,HAM_0004729,3
ISIC_0026199,1,NV,1893,HAM_0001880,4
ISIC_0026200,1,NV,1894,HAM_0007198,9
ISIC_0026201,1,NV,1895,HAM_0001339,2
ISIC_0026202,1,NV,1896,HAM_0006219,1
ISIC_0026203,3,AKIEC,1897,HAM_0003895,2
ISIC_0026204,1,NV,1898,HAM_0000670,0
ISIC_0026205,4,BKL,1899,HAM_0006912,2
ISIC_0026206,3,AKIEC,1900,HAM_0000490,3
ISIC_0026207,0,MEL,1901,HAM_0002696,8
ISIC_0026208,1,NV,1902,HAM_0007201,5
ISIC_0026209,1,NV,1903,HAM_0001111,3
ISIC_0026210,1,NV,1904,HAM_0000448,9
ISIC_0026211,1,NV,1905,HAM_0005366,8
ISIC_0026212,3,AKIEC,1906,HAM_0003262,7
ISIC_0026213,2,BCC,1907,HAM_0000953,5
ISIC_0026214,1,NV,1908,HAM_0002256,6
ISIC_0026215,1,NV,1909,HAM_0005519,9
ISIC_0026216,1,NV,1910,HAM_0005762,8
ISIC_0026217,1,NV,1911,HAM_0002205,4
ISIC_0026218,1,NV,1912,HAM_0001541,3
ISIC_0026219,4,BKL,1913,HAM_0006399,5
ISIC_0026220,1,NV,1914,HAM_0005042,1
ISIC_0026221,1,NV,1915,HAM_0006676,5
ISIC_0026222,1,NV,1916,HAM_0005925,3
ISIC_0026223,1,NV,1917,HAM_0000464,8
ISIC_0026224,1,NV,1918,HAM_0005589,5
ISIC_0026225,1,NV,1919,HAM_0003781,9
ISIC_0026226,1,NV,1920,HAM_0005755,4
ISIC_0026227,1,NV,1921,HAM_0000986,9
ISIC_0026228,1,NV,1922,HAM_0003168,6
ISIC_0026229,0,MEL,1923,HAM_0003445,8
ISIC_0026230,2,BCC,1924,HAM_0005382,8
ISIC_0026231,1,NV,1925,HAM_0006581,3
ISIC_0026232,1,NV,1926,HAM_0000912,8
ISIC_0026233,1,NV,1927,HAM_0000094,8
ISIC_0026234,1,NV,1928,HAM_0003729,1
ISIC_0026235,1,NV,1929,HAM_0002649,2
ISIC_0026236,0,MEL,1930,HAM_0005785,0
ISIC_0026237,1,NV,1931,HAM_0003299,0
ISIC_0026238,1,NV,1932,HAM_0001375,1
ISIC_0026239,0,MEL,1933,HAM_0002800,8
ISIC_0026240,1,NV,1934,HAM_0006429,8
ISIC_0026241,1,NV,1935,HAM_0003412,0
ISIC_0026242,1,NV,1936,HAM_0006306,7
ISIC_0026243,1,NV,1937,HAM_0002230,2
ISIC_0026244,1,NV,1938,HAM_0002095,1
ISIC_0026245,4,BKL,1939,HAM_0001938,3
ISIC_0026246,1,NV,1940,HAM_0003788,1
ISIC_0026247,0,MEL,1941,HAM_0004676,6
ISIC_0026248,4,BKL,1942,HAM_0004224,0
ISIC_0026249,4,BKL,1943,HAM_0007315,1
ISIC_0026250,1,NV,1944,HAM_0003955,2
ISIC_0026251,1,NV,1945,HAM_0004380,5
ISIC_0026252,1,NV,1946,HAM_0003651,8
ISIC_0026253,1,NV,1947,HAM_0005170,4
ISIC_0026254,5,DF,1948,HAM_0006816,5
ISIC_0026255,1,NV,1949,HAM_0002221,5
ISIC_0026256,1,NV,1950,HAM_0003960,3
ISIC_0026257,1,NV,1951,HAM_0002630,4
ISIC_0026258,0,MEL,1952,HAM_0000534,4
ISIC_0026259,1,NV,1953,HAM_0000761,4
ISIC_0026260,1,NV,1954,HAM_0000187,4
ISIC_0026261,1,NV,1955,HAM_0005067,5
ISIC_0026262,4,BKL,1956,HAM_0000974,7
ISIC_0026263,4,BKL,1957,HAM_0002042,2
ISIC_0026264,1,NV,1958,HAM_0004782,4
ISIC_0026265,4,BKL,1959,HAM_0001597,3
ISIC_0026266,0,MEL,1960,HAM_0002436,0
ISIC_0026267,1,NV,1961,HAM_0007325,1
ISIC_0026268,0,MEL,1962,HAM_0001428,0
ISIC_0026269,1,NV,1963,HAM_0007205,8
ISIC_0026270,1,NV,1964,HAM_0000182,1
ISIC_0026271,1,NV,1965,HAM_0007103,4
ISIC_0026272,1,NV,1966,HAM_0003127,6
ISIC_0026273,4,BKL,1967,HAM_0000164,1
ISIC_0026274,1,NV,1968,HAM_0001901,3
ISIC_0026275,2,BCC,1969,HAM_0005804,6
ISIC_0026276,4,BKL,1970,HAM_0000710,2
ISIC_0026277,4,BKL,1971,HAM_0000696,7
ISIC_0026278,1,NV,1972,HAM_0001081,8
ISIC_0026279,1,NV,1973,HAM_0003243,3
ISIC_0026280,4,BKL,1974,HAM_0006346,2
ISIC_0026281,0,MEL,1975,HAM_0004910,3
ISIC_0026282,2,BCC,1976,HAM_0005309,4
ISIC_0026283,1,NV,1977,HAM_0003654,0
ISIC_0026284,1,NV,1978,HAM_0001252,0
ISIC_0026285,1,NV,1979,HAM_0002361,4
ISIC_0026286,4,BKL,1980,HAM_0005157,1
ISIC_0026287,1,NV,1981,HAM_0002412,1
ISIC_0026288,1,NV,1982,HAM_0000932,5
ISIC_0026289,1,NV,1983,HAM_0005233,3
ISIC_0026290,4,BKL,1984,HAM_0002350,9
ISIC_0026291,4,BKL,1985,HAM_0000685,3
ISIC_0026292,1,NV,1986,HAM_0000477,1
ISIC_0026293,1,NV,1987,HAM_0004897,5
ISIC_0026294,1,NV,1988,HAM_0000848,3
ISIC_0026295,1,NV,1989,HAM_0006967,5
ISIC_0026296,0,MEL,1990,HAM_0004265,0
ISIC_0026297,1,NV,1991,HAM_0005762,2
ISIC_0026298,4,BKL,1992,HAM_0002529,2
ISIC_0026299,1,NV,1993,HAM_0004856,1
ISIC_0026300,1,NV,1994,HAM_0005411,1
ISIC_0026301,4,BKL,1995,HAM_0004917,5
ISIC_0026302,1,NV,1996,HAM_0003751,7
ISIC_0026303,1,NV,1997,HAM_0001680,6
ISIC_0026304,1,NV,1998,HAM_0007200,8
ISIC_0026305,1,NV,1999,HAM_0002216,3
ISIC_0026306,1,NV,2000,HAM_0004456,6
ISIC_0026307,1,NV,2001,HAM_0001365,4
ISIC_0026308,1,NV,2002,HAM_0005714,6
ISIC_0026309,1,NV,2003,HAM_0002285,6
ISIC_0026310,1,NV,2004,HAM_0004385,2
ISIC_0026311,4,BKL,2005,HAM_0006099,7
ISIC_0026312,1,NV,2006,HAM_0006927,1
ISIC_0026313,5,DF,2007,HAM_0007418,3
ISIC_0026314,0,MEL,2008,HAM_0000233,0
ISIC_0026315,1,NV,2009,HAM_0000808,5
ISIC_0026316,4,BKL,2010,HAM_0002400,5
ISIC_0026317,1,NV,2011,HAM_0004918,2
ISIC_0026318,1,NV,2012,HAM_0002589,7
ISIC_0026319,3,AKIEC,2013,HAM_0003195,5
ISIC_0026320,1,NV,2014,HAM_0005564,6
ISIC_0026321,2,BCC,2015,HAM_0006047,7
ISIC_0026322,1,NV,2016,HAM_0007624,5
ISIC_0026323,1,NV,2017,HAM_0006104,4
ISIC_0026324,2,BCC,2018,HAM_0005058,8
ISIC_0026325,1,NV,2019,HAM_0002442,4
ISIC_0026326,1,NV,2020,HAM_0007609,9
ISIC_0026327,3,AKIEC,2021,HAM_0002012,8
ISIC_0026328,1,NV,2022,HAM_0002881,9
ISIC_0026329,1,NV,2023,HAM_0001479,5
ISIC_0026330,1,NV,2024,HAM_0001803,5
ISIC_0026331,1,NV,2025,HAM_0005940,0
ISIC_0026332,1,NV,2026,HAM_0004339,9
ISIC_0026333,1,NV,2027,HAM_0001356,3
ISIC_0026334,1,NV,2028,HAM_0003550,4
ISIC_0026335,4,BKL,2029,HAM_0003856,4
ISIC_0026336,6,VASC,2030,HAM_0006406,7
ISIC_0026337,2,BCC,2031,HAM_0000719,4
ISIC_0026338,1,NV,2032,HAM_0000905,3
ISIC_0026339,1,NV,2033,HAM_0004951,5
ISIC_0026340,1,NV,2034,HAM_0000794,9
ISIC_0026341,1,NV,2035,HAM_0002176,1
ISIC_0026342,1,NV,2036,HAM_0000051,9
ISIC_0026343,2,BCC,2037,HAM_0002346,7
ISIC_0026344,1,NV,2038,HAM_0000221,9
ISIC_0026345,1,NV,2039,HAM_0007140,9
ISIC_0026346,1,NV,2040,HAM_0002729,1
ISIC_0026347,1,NV,2041,HAM_0005318,0
ISIC_0026348,1,NV,2042,HAM_0001002,9
ISIC_0026349,6,VASC,2043,HAM_0003829,0
ISIC_0026350,2,BCC,2044,HAM_0003039,1
ISIC_0026351,4,BKL,2045,HAM_0003920,5
ISIC_0026352,0,MEL,2046,HAM_0001444,8
ISIC_0026353,1,NV,2047,HAM_0002278,7
ISIC_0026354,1,NV,2048,HAM_0005288,9
ISIC_0026355,1,NV,2049,HAM_0005015,5
ISIC_0026356,1,NV,2050,HAM_0001039,8
ISIC_0026357,1,NV,2051,HAM_0001718,3
ISIC_0026358,1,NV,2052,HAM_0006469,4
ISIC_0026359,1,NV,2053,HAM_0007504,4
ISIC_0026360,0,MEL,2054,HAM_0003990,5
ISIC_0026361,1,NV,2055,HAM_0004537,0
ISIC_0026362,3,AKIEC,2056,HAM_0005301,9
ISIC_0026363,1,NV,2057,HAM_0006745,3
ISIC_0026364,1,NV,2058,HAM_0007022,3
ISIC_0026365,4,BKL,2059,HAM_0006723,9
ISIC_0026366,1,NV,2060,HAM_0005236,0
ISIC_0026367,1,NV,2061,HAM_0007311,9
ISIC_0026368,1,NV,2062,HAM_0005946,8
ISIC_0026369,0,MEL,2063,HAM_0006522,1
ISIC_0026370,1,NV,2064,HAM_0000272,6
ISIC_0026371,1,NV,2065,HAM_0004360,8
ISIC_0026372,1,NV,2066,HAM_0006478,6
ISIC_0026373,1,NV,2067,HAM_0003736,9
ISIC_0026374,1,NV,2068,HAM_0002238,4
ISIC_0026375,1,NV,2069,HAM_0004041,9
ISIC_0026376,1,NV,2070,HAM_0004418,8
ISIC_0026377,1,NV,2071,HAM_0001019,8
ISIC_0026378,4,BKL,2072,HAM_0004426,6
ISIC_0026379,1,NV,2073,HAM_0003658,2
ISIC_0026380,1,NV,2074,HAM_0000533,5
ISIC_0026381,1,NV,2075,HAM_0002274,6
ISIC_0026382,1,NV,2076,HAM_0003222,4
ISIC_0026383,1,NV,2077,HAM_0004039,9
ISIC_0026384,1,NV,2078,HAM_0005127,6
ISIC_0026385,1,NV,2079,HAM_0000577,8
ISIC_0026386,1,NV,2080,HAM_0002885,0
ISIC_0026387,1,NV,2081,HAM_0003240,9
ISIC_0026388,3,AKIEC,2082,HAM_0003105,2
ISIC_0026389,1,NV,2083,HAM_0005447,4
ISIC_0026390,1,NV,2084,HAM_0004066,7
ISIC_0026391,1,NV,2085,HAM_0000057,4
ISIC_0026392,1,NV,2086,HAM_0004305,8
ISIC_0026393,6,VASC,2087,HAM_0005011,7
ISIC_0026394,1,NV,2088,HAM_0007134,1
ISIC_0026395,2,BCC,2089,HAM_0005382,7
ISIC_0026396,1,NV,2090,HAM_0004734,7
ISIC_0026397,1,NV,2091,HAM_0000340,2
ISIC_0026398,1,NV,2092,HAM_0007324,2
ISIC_0026399,1,NV,2093,HAM_0003344,3
ISIC_0026400,1,NV,2094,HAM_0007167,0
ISIC_0026401,1,NV,2095,HAM_0000889,2
ISIC_0026402,1,NV,2096,HAM_0001452,5
ISIC_0026403,1,NV,2097,HAM_0003663,3
ISIC_0026404,1,NV,2098,HAM_0003727,9
ISIC_0026405,1,NV,2099,HAM_0005964,5
ISIC_0026406,1,NV,2100,HAM_0005510,6
ISIC_0026407,1,NV,2101,HAM_0001736,8
ISIC_0026408,1,NV,2102,HAM_0000271,5
ISIC_0026409,4,BKL,2103,HAM_0000893,8
ISIC_0026410,1,NV,2104,HAM_0002104,3
ISIC_0026411,3,AKIEC,2105,HAM_0004846,8
ISIC_0026412,1,NV,2106,HAM_0002873,5
ISIC_0026413,1,NV,2107,HAM_0005431,8
ISIC_0026414,1,NV,2108,HAM_0001022,2
ISIC_0026415,1,NV,2109,HAM_0000520,9
ISIC_0026416,4,BKL,2110,HAM_0003979,2
ISIC_0026417,5,DF,2111,HAM_0005663,0
ISIC_0026418,1,NV,2112,HAM_0005831,5
ISIC_0026419,1,NV,2113,HAM_0000752,8
ISIC_0026420,0,MEL,2114,HAM_0004428,4
ISIC_0026421,1,NV,2115,HAM_0002067,4
ISIC_0026422,4,BKL,2116,HAM_0003926,3
ISIC_0026423,1,NV,2117,HAM_0005267,8
ISIC_0026424,1,NV,2118,HAM_0001919,9
ISIC_0026425,1,NV,2119,HAM_0002971,5
ISIC_0026426,1,NV,2120,HAM_0006034,9
ISIC_0026427,1,NV,2121,HAM_0003667,5
ISIC_0026428,1,NV,2122,HAM_0004931,6
ISIC_0026429,1,NV,2123,HAM_0006118,5
ISIC_0026430,0,MEL,2124,HAM_0007570,5
ISIC_0026431,1,NV,2125,HAM_0003730,6
ISIC_0026432,1,NV,2126,HAM_0006268,0
ISIC_0026433,2,BCC,2127,HAM_0003826,0
ISIC_0026434,1,NV,2128,HAM_0007414,4
ISIC_0026435,1,NV,2129,HAM_0006532,7
ISIC_0026436,1,NV,2130,HAM_0000260,5
ISIC_0026437,1,NV,2131,HAM_0006251,2
ISIC_0026438,0,MEL,2132,HAM_0004850,9
ISIC_0026439,2,BCC,2133,HAM_0000009,0
ISIC_0026440,1,NV,2134,HAM_0005018,9
ISIC_0026441,4,BKL,2135,HAM_0005993,9
ISIC_0026442,2,BCC,2136,HAM_0000953,1
ISIC_0026443,4,BKL,2137,HAM_0002902,9
ISIC_0026444,4,BKL,2138,HAM_0001539,8
ISIC_0026445,1,NV,2139,HAM_0004288,2
ISIC_0026446,4,BKL,2140,HAM_0002965,7
ISIC_0026447,1,NV,2141,HAM_0003573,1
ISIC_0026448,1,NV,2142,HAM_0002659,0
ISIC_0026449,1,NV,2143,HAM_0002284,3
ISIC_0026450,1,NV,2144,HAM_0001784,4
ISIC_0026451,1,NV,2145,HAM_0005712,5
ISIC_0026452,1,NV,2146,HAM_0003311,5
ISIC_0026453,2,BCC,2147,HAM_0003328,6
ISIC_0026454,1,NV,2148,HAM_0006210,9
ISIC_0026455,1,NV,2149,HAM_0001027,3
ISIC_0026456,6,VASC,2150,HAM_0006203,7
ISIC_0026457,3,AKIEC,2151,HAM_0007303,9
ISIC_0026458,0,MEL,2152,HAM_0005588,1
ISIC_0026459,1,NV,2153,HAM_0002241,0
ISIC_0026460,1,NV,2154,HAM_0006792,7
ISIC_0026461,1,NV,2155,HAM_0007523,4
ISIC_0026462,1,NV,2156,HAM_0001845,7
ISIC_0026463,1,NV,2157,HAM_0006948,9
ISIC_0026464,1,NV,2158,HAM_0006168,9
ISIC_0026465,1,NV,2159,HAM_0006661,5
ISIC_0026466,3,AKIEC,2160,HAM_0000456,2
ISIC_0026467,6,VASC,2161,HAM_0001537,4
ISIC_0026468,3,AKIEC,2162,HAM_0001023,5
ISIC_0026469,1,NV,2163,HAM_0003553,3
ISIC_0026470,1,NV,2164,HAM_0003314,2
ISIC_0026471,5,DF,2165,HAM_0006787,7
ISIC_0026472,1,NV,2166,HAM_0004277,5
ISIC_0026473,5,DF,2167,HAM_0003110,4
ISIC_0026474,1,NV,2168,HAM_0003950,9
ISIC_0026475,0,MEL,2169,HAM_0006965,4
ISIC_0026476,1,NV,2170,HAM_0000303,7
ISIC_0026477,4,BKL,2171,HAM_0006563,7
ISIC_0026478,1,NV,2172,HAM_0005656,6
ISIC_0026479,1,NV,2173,HAM_0005576,3
ISIC_0026480,1,NV,2174,HAM_0001902,5
ISIC_0026481,4,BKL,2175,HAM_0007332,2
ISIC_0026482,1,NV,2176,HAM_0006788,2
ISIC_0026483,1,NV,2177,HAM_0003118,2
ISIC_0026484,1,NV,2178,HAM_0002608,2
ISIC_0026485,1,NV,2179,HAM_0006414,9
ISIC_0026486,1,NV,2180,HAM_0004845,7
ISIC_0026487,1,NV,2181,HAM_0006430,3
ISIC_0026488,1,NV,2182,HAM_0005387,4
ISIC_0026489,0,MEL,2183,HAM_0004153,2
ISIC_0026490,6,VASC,2184,HAM_0006291,3
ISIC_0026491,1,NV,2185,HAM_0005786,8
ISIC_0026492,3,AKIEC,2186,HAM_0006481,7
ISIC_0026493,4,BKL,2187,HAM_0000259,3
ISIC_0026494,1,NV,2188,HAM_0003156,0
ISIC_0026495,1,NV,2189,HAM_0003977,1
ISIC_0026496,2,BCC,2190,HAM_0005757,6
ISIC_0026497,1,NV,2191,HAM_0003627,0
ISIC_0026498,1,NV,2192,HAM_0000054,8
ISIC_0026499,1,NV,2193,HAM_0001216,1
ISIC_0026500,0,MEL,2194,HAM_0002834,7
ISIC_0026501,1,NV,2195,HAM_0003583,5
ISIC_0026502,1,NV,2196,HAM_0005107,6
ISIC_0026503,1,NV,2197,HAM_0004148,0
ISIC_0026504,1,NV,2198,HAM_0002114,8
ISIC_0026505,1,NV,2199,HAM_0003047,3
ISIC_0026506,0,MEL,2200,HAM_0000871,3
ISIC_0026507,1,NV,2201,HAM_0006091,0
ISIC_0026508,1,NV,2202,HAM_0005807,7
ISIC_0026509,1,NV,2203,HAM_0006142,2
ISIC_0026510,1,NV,2204,HAM_0002428,3
ISIC_0026511,4,BKL,2205,HAM_0002242,2
ISIC_0026512,1,NV,2206,HAM_0003974,5
ISIC_0026513,1,NV,2207,HAM_0005910,8
ISIC_0026514,4,BKL,2208,HAM_0007598,0
ISIC_0026515,1,NV,2209,HAM_0002779,9
ISIC_0026516,0,MEL,2210,HAM_0003520,8
ISIC_0026517,1,NV,2211,HAM_0003532,2
ISIC_0026518,1,NV,2212,HAM_0003646,1
ISIC_0026519,1,NV,2213,HAM_0007255,7
ISIC_0026520,1,NV,2214,HAM_0000642,0
ISIC_0026521,1,NV,2215,HAM_0004939,7
ISIC_0026522,3,AKIEC,2216,HAM_0005505,8
ISIC_0026523,4,BKL,2217,HAM_0004338,1
ISIC_0026524,4,BKL,2218,HAM_0000524,2
ISIC_0026525,3,AKIEC,2219,HAM_0001048,8
ISIC_0026526,4,BKL,2220,HAM_0005146,7
ISIC_0026527,1,NV,2221,HAM_0002438,7
ISIC_0026528,2,BCC,2222,HAM_0007550,6
ISIC_0026529,1,NV,2223,HAM_0007109,9
ISIC_0026530,4,BKL,2224,HAM_0000835,4
ISIC_0026531,0,MEL,2225,HAM_0000876,8
ISIC_0026532,4,BKL,2226,HAM_0000959,4
ISIC_0026533,1,NV,2227,HAM_0001159,4
ISIC_0026534,1,NV,2228,HAM_0000365,7
ISIC_0026535,1,NV,2229,HAM_0000691,0
ISIC_0026536,1,NV,2230,HAM_0006480,9
ISIC_0026537,1,NV,2231,HAM_0003278,4
ISIC_0026538,4,BKL,2232,HAM_0003766,8
ISIC_0026539,4,BKL,2233,HAM_0004696,9
ISIC_0026540,1,NV,2234,HAM_0002778,3
ISIC_0026541,1,NV,2235,HAM_0006974,9
ISIC_0026542,1,NV,2236,HAM_0006929,7
ISIC_0026543,1,NV,2237,HAM_0000599,8
ISIC_0026544,1,NV,2238,HAM_0002581,8
ISIC_0026545,0,MEL,2239,HAM_0001299,7
ISIC_0026546,1,NV,2240,HAM_0000971,1
ISIC_0026547,1,NV,2241,HAM_0000436,4
ISIC_0026548,1,NV,2242,HAM_0006255,6
ISIC_0026549,3,AKIEC,2243,HAM_0002307,0
ISIC_0026550,1,NV,2244,HAM_0004672,2
ISIC_0026551,1,NV,2245,HAM_0004802,6
ISIC_0026552,1,NV,2246,HAM_0000900,6
ISIC_0026553,4,BKL,2247,HAM_0007024,3
ISIC_0026554,1,NV,2248,HAM_0005828,4
ISIC_0026555,1,NV,2249,HAM_0001335,4
ISIC_0026556,4,BKL,2250,HAM_0002005,8
ISIC_0026557,1,NV,2251,HAM_0000598,1
ISIC_0026558,0,MEL,2252,HAM_0004709,3
ISIC_0026559,1,NV,2253,HAM_0006514,4
ISIC_0026560,1,NV,2254,HAM_0000896,7
ISIC_0026561,1,NV,2255,HAM_0004546,4
ISIC_0026562,1,NV,2256,HAM_0000429,0
ISIC_0026563,1,NV,2257,HAM_0005526,8
ISIC_0026564,1,NV,2258,HAM_0001659,9
ISIC_0026565,1,NV,2259,HAM_0002465,1
ISIC_0026566,4,BKL,2260,HAM_0004078,4
ISIC_0026567,4,BKL,2261,HAM_0000999,0
ISIC_0026568,1,NV,2262,HAM_0003740,3
ISIC_0026569,1,NV,2263,HAM_0006150,3
ISIC_0026570,1,NV,2264,HAM_0002728,2
ISIC_0026571,0,MEL,2265,HAM_0006037,9
ISIC_0026572,1,NV,2266,HAM_0002583,4
ISIC_0026573,1,NV,2267,HAM_0007001,1
ISIC_0026574,2,BCC,2268,HAM_0005660,8
ISIC_0026575,3,AKIEC,2269,HAM_0006875,9
ISIC_0026576,4,BKL,2270,HAM_0004630,2
ISIC_0026577,1,NV,2271,HAM_0006835,0
ISIC_0026578,1,NV,2272,HAM_0000601,5
ISIC_0026579,1,NV,2273,HAM_0002022,6
ISIC_0026580,1,NV,2274,HAM_0005008,6
ISIC_0026581,1,NV,2275,HAM_0000889,0
ISIC_0026582,1,NV,2276,HAM_0003747,6
ISIC_0026583,1,NV,2277,HAM_0007329,1
ISIC_0026584,1,NV,2278,HAM_0000459,1
ISIC_0026585,1,NV,2279,HAM_0006507,0
ISIC_0026586,0,MEL,2280,HAM_0001976,9
ISIC_0026587,1,NV,2281,HAM_0001124,0
ISIC_0026588,1,NV,2282,HAM_0003821,4
ISIC_0026589,1,NV,2283,HAM_0004089,4
ISIC_0026590,4,BKL,2284,HAM_0003317,6
ISIC_0026591,1,NV,2285,HAM_0001766,6
ISIC_0026592,1,NV,2286,HAM_0001406,7
ISIC_0026593,2,BCC,2287,HAM_0004970,9
ISIC_0026594,1,NV,2288,HAM_0003383,4
ISIC_0026595,1,NV,2289,HAM_0004795,5
ISIC_0026596,0,MEL,2290,HAM_0004979,2
ISIC_0026597,1,NV,2291,HAM_0002339,2
ISIC_0026598,1,NV,2292,HAM_0006602,9
ISIC_0026599,1,NV,2293,HAM_0007144,3
ISIC_0026600,1,NV,2294,HAM_0002319,0
ISIC_0026601,1,NV,2295,HAM_0002899,5
ISIC_0026602,1,NV,2296,HAM_0003571,6
ISIC_0026603,1,NV,2297,HAM_0001306,5
ISIC_0026604,0,MEL,2298,HAM_0002906,2
ISIC_0026605,1,NV,2299,HAM_0006979,7
ISIC_0026606,4,BKL,2300,HAM_0006123,9
ISIC_0026607,4,BKL,2301,HAM_0007529,3
ISIC_0026608,1,NV,2302,HAM_0001497,2
ISIC_0026609,1,NV,2303,HAM_0000162,1
ISIC_0026610,1,NV,2304,HAM_0004279,0
ISIC_0026611,1,NV,2305,HAM_0002470,8
ISIC_0026612,1,NV,2306,HAM_0006561,2
ISIC_0026613,1,NV,2307,HAM_0004116,8
ISIC_0026614,4,BKL,2308,HAM_0001232,7
ISIC_0026615,1,NV,2309,HAM_0002532,8
ISIC_0026616,1,NV,2310,HAM_0007105,8
ISIC_0026617,1,NV,2311,HAM_0003804,6
ISIC_0026618,1,NV,2312,HAM_0006916,6
ISIC_0026619,1,NV,2313,HAM_0000730,0
ISIC_0026620,1,NV,2314,HAM_0000435,6
ISIC_0026621,1,NV,2315,HAM_0001494,0
ISIC_0026622,0,MEL,2316,HAM_0007165,3
ISIC_0026623,4,BKL,2317,HAM_0003800,6
ISIC_0026624,1,NV,2318,HAM_0003961,9
ISIC_0026625,3,AKIEC,2319,HAM_0005354,4
ISIC_0026626,3,AKIEC,2320,HAM_0005020,7
ISIC_0026627,1,NV,2321,HAM_0003519,1
ISIC_0026628,1,NV,2322,HAM_0006935,2
ISIC_0026629,5,DF,2323,HAM_0004065,0
ISIC_0026630,1,NV,2324,HAM_0001682,9
ISIC_0026631,4,BKL,2325,HAM_0000985,0
ISIC_0026632,1,NV,2326,HAM_0004150,4
ISIC_0026633,1,NV,2327,HAM_0007548,5
ISIC_0026634,4,BKL,2328,HAM_0003768,1
ISIC_0026635,1,NV,2329,HAM_0004057,9
ISIC_0026636,1,NV,2330,HAM_0005222,4
ISIC_0026637,4,BKL,2331,HAM_0001221,8
ISIC_0026638,1,NV,2332,HAM_0005929,2
ISIC_0026639,1,NV,2333,HAM_0002410,1
ISIC_0026640,1,NV,2334,HAM_0006309,4
ISIC_0026641,1,NV,2335,HAM_0002753,0
ISIC_0026642,1,NV,2336,HAM_0004855,1
ISIC_0026643,2,BCC,2337,HAM_0005469,4
ISIC_0026644,4,BKL,2338,HAM_0004259,6
ISIC_0026645,3,AKIEC,2339,HAM_0003136,2
ISIC_0026646,1,NV,2340,HAM_0004477,0
ISIC_0026647,0,MEL,2341,HAM_0001095,6
ISIC_0026648,1,NV,2342,HAM_0003994,6
ISIC_0026649,1,NV,2343,HAM_0006621,6
ISIC_0026650,3,AKIEC,2344,HAM_0000545,5
ISIC_0026651,1,NV,2345,HAM_0001969,1
ISIC_0026652,0,MEL,2346,HAM_0001835,5
ISIC_0026653,1,NV,2347,HAM_0001535,9
ISIC_0026654,1,NV,2348,HAM_0000591,3
ISIC_0026655,1,NV,2349,HAM_0007036,8
ISIC_0026656,2,BCC,2350,HAM_0002134,4
ISIC_0026657,1,NV,2351,HAM_0002768,9
ISIC_0026658,1,NV,2352,HAM_0005436,3
ISIC_0026659,1,NV,2353,HAM_0006641,7
ISIC_0026660,1,NV,2354,HAM_0006599,6
ISIC_0026661,4,BKL,2355,HAM_0000992,9
ISIC_0026662,1,NV,2356,HAM_0005140,0
ISIC_0026663,4,BKL,2357,HAM_0001815,4
ISIC_0026664,0,MEL,2358,HAM_0002981,5
ISIC_0026665,1,NV,2359,HAM_0000778,5
ISIC_0026666,1,NV,2360,HAM_0000900,3
ISIC_0026667,1,NV,2361,HAM_0003660,4
ISIC_0026668,2,BCC,2362,HAM_0001666,3
ISIC_0026669,1,NV,2363,HAM_0000511,8
ISIC_0026670,1,NV,2364,HAM_0006916,4
ISIC_0026671,1,NV,2365,HAM_0006526,8
ISIC_0026672,1,NV,2366,HAM_0003944,6
ISIC_0026673,1,NV,2367,HAM_0004251,3
ISIC_0026674,1,NV,2368,HAM_0004836,8
ISIC_0026675,4,BKL,2369,HAM_0003739,9
ISIC_0026676,1,NV,2370,HAM_0007543,1
ISIC_0026677,1,NV,2371,HAM_0001262,5
ISIC_0026678,1,NV,2372,HAM_0002075,4
ISIC_0026679,4,BKL,2373,HAM_0005935,5
ISIC_0026680,1,NV,2374,HAM_0006773,8
ISIC_0026681,1,NV,2375,HAM_0006806,7
ISIC_0026682,1,NV,2376,HAM_0000327,6
ISIC_0026683,1,NV,2377,HAM_0006731,5
ISIC_0026684,1,NV,2378,HAM_0003056,3
ISIC_0026685,1,NV,2379,HAM_0002475,0
ISIC_0026686,1,NV,2380,HAM_0004319,6
ISIC_0026687,2,BCC,2381,HAM_0002689,9
ISIC_0026688,1,NV,2382,HAM_0001861,6
ISIC_0026689,1,NV,2383,HAM_0005003,0
ISIC_0026690,0,MEL,2384,HAM_0000619,9
ISIC_0026691,1,NV,2385,HAM_0001034,8
ISIC_0026692,1,NV,2386,HAM_0002661,0
ISIC_0026693,6,VASC,2387,HAM_0003839,8
ISIC_0026694,0,MEL,2388,HAM_0002869,2
ISIC_0026695,1,NV,2389,HAM_0002713,7
ISIC_0026696,1,NV,2390,HAM_0006473,6
ISIC_0026697,0,MEL,2391,HAM_0004364,4
ISIC_0026698,1,NV,2392,HAM_0004824,9
ISIC_0026699,1,NV,2393,HAM_0007210,1
ISIC_0026700,1,NV,2394,HAM_0006901,2
ISIC_0026701,1,NV,2395,HAM_0002389,6
ISIC_0026702,3,AKIEC,2396,HAM_0005228,2
ISIC_0026703,1,NV,2397,HAM_0005290,3
ISIC_0026704,4,BKL,2398,HAM_0004338,7
ISIC_0026705,1,NV,2399,HAM_0007275,9
ISIC_0026706,1,NV,2400,HAM_0004532,8
ISIC_0026707,1,NV,2401,HAM_0003247,8
ISIC_0026708,1,NV,2402,HAM_0005850,5
ISIC_0026709,3,AKIEC,2403,HAM_0001565,8
ISIC_0026710,1,NV,2404,HAM_0003732,6
ISIC_0026711,1,NV,2405,HAM_0007030,0
ISIC_0026712,1,NV,2406,HAM_0003980,3
ISIC_0026713,6,VASC,2407,HAM_0006138,6
ISIC_0026714,4,BKL,2408,HAM_0004889,4
ISIC_0026715,1,NV,2409,HAM_0005253,2
ISIC_0026716,2,BCC,2410,HAM_0000504,9
ISIC_0026717,4,BKL,2411,HAM_0002527,6
ISIC_0026718,1,NV,2412,HAM_0007285,7
ISIC_0026719,1,NV,2413,HAM_0000602,7
ISIC_0026720,3,AKIEC,2414,HAM_0000688,0
ISIC_0026721,1,NV,2415,HAM_0002790,4
ISIC_0026722,1,NV,2416,HAM_0002198,2
ISIC_0026723,1,NV,2417,HAM_0001549,8
ISIC_0026724,1,NV,2418,HAM_0003831,2
ISIC_0026725,1,NV,2419,HAM_0001289,5
ISIC_0026726,1,NV,2420,HAM_0007202,5
ISIC_0026727,1,NV,2421,HAM_0005920,5
ISIC_0026728,4,BKL,2422,HAM_0000884,1
ISIC_0026729,3,AKIEC,2423,HAM_0006560,3
ISIC_0026730,1,NV,2424,HAM_0003277,3
ISIC_0026731,1,NV,2425,HAM_0001213,9
ISIC_0026732,1,NV,2426,HAM_0001761,5
ISIC_0026733,1,NV,2427,HAM_0006385,6
ISIC_0026734,1,NV,2428,HAM_0007161,8
ISIC_0026735,0,MEL,2429,HAM_0007293,2
ISIC_0026736,1,NV,2430,HAM_0001844,3
ISIC_0026737,4,BKL,2431,HAM_0004423,7
ISIC_0026738,0,MEL,2432,HAM_0006137,0
ISIC_0026739,1,NV,2433,HAM_0002033,5
ISIC_0026740,1,NV,2434,HAM_0003657,4
ISIC_0026741,1,NV,2435,HAM_0005987,7
ISIC_0026742,1,NV,2436,HAM_0005193,5
ISIC_0026743,1,NV,2437,HAM_0000261,4
ISIC_0026744,4,BKL,2438,HAM_0001820,2
ISIC_0026745,0,MEL,2439,HAM_0006330,8
ISIC_0026746,0,MEL,2440,HAM_0000588,0
ISIC_0026747,1,NV,2441,HAM_0006169,0
ISIC_0026748,1,NV,2442,HAM_0001462,0
ISIC_0026749,1,NV,2443,HAM_0004777,7
ISIC_0026750,1,NV,2444,HAM_0000906,4
ISIC_0026751,1,NV,2445,HAM_0000798,1
ISIC_0026752,1,NV,2446,HAM_0005017,8
ISIC_0026753,1,NV,2447,HAM_0001934,8
ISIC_0026754,0,MEL,2448,HAM_0001446,7
ISIC_0026755,1,NV,2449,HAM_0001931,0
ISIC_0026756,1,NV,2450,HAM_0000390,3
ISIC_0026757,1,NV,2451,HAM_0007076,8
ISIC_0026758,1,NV,2452,HAM_0000615,4
ISIC_0026759,1,NV,2453,HAM_0001656,8
ISIC_0026760,2,BCC,2454,HAM_0001884,3
ISIC_0026761,1,NV,2455,HAM_0004564,2
ISIC_0026762,1,NV,2456,HAM_0002056,5
ISIC_0026763,1,NV,2457,HAM_0006718,1
ISIC_0026764,1,NV,2458,HAM_0002701,3
ISIC_0026765,3,AKIEC,2459,HAM_0001474,4
ISIC_0026766,2,BCC,2460,HAM_0005982,4
ISIC_0026767,1,NV,2461,HAM_0001527,6
ISIC_0026768,1,NV,2462,HAM_0002514,0
ISIC_0026769,4,BKL,2463,HAM_0002730,6
ISIC_0026770,0,MEL,2464,HAM_0002491,9
ISIC_0026771,1,NV,2465,HAM_0006698,7
ISIC_0026772,1,NV,2466,HAM_0002273,2
ISIC_0026773,1,NV,2467,HAM_0000021,8
ISIC_0026774,0,MEL,2468,HAM_0007242,6
ISIC_0026775,4,BKL,2469,HAM_0001389,3
ISIC_0026776,1,NV,2470,HAM_0004751,7
ISIC_0026777,1,NV,2471,HAM_0000928,1
ISIC_0026778,1,NV,2472,HAM_0002344,7
ISIC_0026779,1,NV,2473,HAM_0004728,1
ISIC_0026780,1,NV,2474,HAM_0007320,6
ISIC_0026781,1,NV,2475,HAM_0002575,0
ISIC_0026782,1,NV,2476,HAM_0002110,1
ISIC_0026783,4,BKL,2477,HAM_0000089,8
ISIC_0026784,1,NV,2478,HAM_0002668,9
ISIC_0026785,1,NV,2479,HAM_0007094,2
ISIC_0026786,1,NV,2480,HAM_0003874,9
ISIC_0026787,4,BKL,2481,HAM_0000386,2
ISIC_0026788,1,NV,2482,HAM_0001765,2
ISIC_0026789,5,DF,2483,HAM_0003110,8
ISIC_0026790,4,BKL,2484,HAM_0005779,5
ISIC_0026791,1,NV,2485,HAM_0000555,2
ISIC_0026792,1,NV,2486,HAM_0001778,5
ISIC_0026793,1,NV,2487,HAM_0004478,5
ISIC_0026794,4,BKL,2488,HAM_0000566,6
ISIC_0026795,1,NV,2489,HAM_0003603,7
ISIC_0026796,0,MEL,2490,HAM_0001397,5
ISIC_0026797,1,NV,2491,HAM_0002318,8
ISIC_0026798,2,BCC,2492,HAM_0005536,9
ISIC_0026799,1,NV,2493,HAM_0005369,4
ISIC_0026800,1,NV,2494,HAM_0003013,0
ISIC_0026801,1,NV,2495,HAM_0007417,3
ISIC_0026802,0,MEL,2496,HAM_0004878,3
ISIC_0026803,4,BKL,2497,HAM_0007355,4
ISIC_0026804,1,NV,2498,HAM_0000924,1
ISIC_0026805,1,NV,2499,HAM_0006323,8
ISIC_0026806,1,NV,2500,HAM_0001888,4
ISIC_0026807,1,NV,2501,HAM_0000145,5
ISIC_0026808,1,NV,2502,HAM_0004661,5
ISIC_0026809,1,NV,2503,HAM_0000267,9
ISIC_0026810,1,NV,2504,HAM_0007306,2
ISIC_0026811,0,MEL,2505,HAM_0002525,5
ISIC_0026812,1,NV,2506,HAM_0007383,7
ISIC_0026813,1,NV,2507,HAM_0000731,8
ISIC_0026814,1,NV,2508,HAM_0003917,8
ISIC_0026815,1,NV,2509,HAM_0000029,4
ISIC_0026816,1,NV,2510,HAM_0002416,7
ISIC_0026817,1,NV,2511,HAM_0002653,6
ISIC_0026818,1,NV,2512,HAM_0001330,4
ISIC_0026819,1,NV,2513,HAM_0007112,9
ISIC_0026820,1,NV,2514,HAM_0005254,8
ISIC_0026821,1,NV,2515,HAM_0007321,8
ISIC_0026822,1,NV,2516,HAM_0002626,1
ISIC_0026823,0,MEL,2517,HAM_0003504,0
ISIC_0026824,1,NV,2518,HAM_0004408,0
ISIC_0026825,1,NV,2519,HAM_0000204,7
ISIC_0026826,1,NV,2520,HAM_0004761,9
ISIC_0026827,4,BKL,2521,HAM_0005465,4
ISIC_0026828,1,NV,2522,HAM_0000840,5
ISIC_0026829,2,BCC,2523,HAM_0007497,0
ISIC_0026830,1,NV,2524,HAM_0006461,1
ISIC_0026831,2,BCC,2525,HAM_0006387,5
ISIC_0026832,1,NV,2526,HAM_0000630,0
ISIC_0026833,1,NV,2527,HAM_0006070,7
ISIC_0026834,1,NV,2528,HAM_0002296,5
ISIC_0026835,4,BKL,2529,HAM_0001480,8
ISIC_0026836,1,NV,2530,HAM_0006871,9
ISIC_0026837,1,NV,2531,HAM_0007481,4
ISIC_0026838,1,NV,2532,HAM_0000250,6
ISIC_0026839,1,NV,2533,HAM_0001971,0
ISIC_0026840,1,NV,2534,HAM_0007253,0
ISIC_0026841,1,NV,2535,HAM_0003833,1
ISIC_0026842,4,BKL,2536,HAM_0001536,5
ISIC_0026843,4,BKL,2537,HAM_0005082,6
ISIC_0026844,4,BKL,2538,HAM_0004114,8
ISIC_0026845,2,BCC,2539,HAM_0001283,3
ISIC_0026846,4,BKL,2540,HAM_0003287,2
ISIC_0026847,0,MEL,2541,HAM_0002099,2
ISIC_0026848,3,AKIEC,2542,HAM_0007308,6
ISIC_0026849,4,BKL,2543,HAM_0004545,0
ISIC_0026850,1,NV,2544,HAM_0003915,7
ISIC_0026851,1,NV,2545,HAM_0001166,3
ISIC_0026852,1,NV,2546,HAM_0001001,3
ISIC_0026853,0,MEL,2547,HAM_0002194,0
ISIC_0026854,1,NV,2548,HAM_0004842,4
ISIC_0026855,2,BCC,2549,HAM_0000457,0
ISIC_0026856,1,NV,2550,HAM_0004697,2
ISIC_0026857,3,AKIEC,2551,HAM_0004363,7
ISIC_0026858,1,NV,2552,HAM_0007093,2
ISIC_0026859,1,NV,2553,HAM_0006090,3
ISIC_0026860,1,NV,2554,HAM_0000334,2
ISIC_0026861,4,BKL,2555,HAM_0007110,0
ISIC_0026862,1,NV,2556,HAM_0002211,8
ISIC_0026863,1,NV,2557,HAM_0002822,5
ISIC_0026864,1,NV,2558,HAM_0000420,2
ISIC_0026865,2,BCC,2559,HAM_0005509,6
ISIC_0026866,1,NV,2560,HAM_0002754,4
ISIC_0026867,4,BKL,2561,HAM_0003973,2
ISIC_0026868,0,MEL,2562,HAM_0005251,8
ISIC_0026869,1,NV,2563,HAM_0007468,9
ISIC_0026870,0,MEL,2564,HAM_0003587,9
ISIC_0026871,4,BKL,2565,HAM_0001240,9
ISIC_0026872,3,AKIEC,2566,HAM_0006746,8
ISIC_0026873,1,NV,2567,HAM_0001866,8
ISIC_0026874,1,NV,2568,HAM_0001542,0
ISIC_0026875,1,NV,2569,HAM_0007539,2
ISIC_0026876,6,VASC,2570,HAM_0002610,9
ISIC_0026877,0,MEL,2571,HAM_0004354,7
ISIC_0026878,1,NV,2572,HAM_0007436,0
ISIC_0026879,1,NV,2573,HAM_0002393,6
ISIC_0026880,1,NV,2574,HAM_0006486,6
ISIC_0026881,1,NV,2575,HAM_0006021,9
ISIC_0026882,1,NV,2576,HAM_0001789,7
ISIC_0026883,1,NV,2577,HAM_0002797,5
ISIC_0026884,1,NV,2578,HAM_0002763,5
ISIC_0026885,1,NV,2579,HAM_0000482,7
ISIC_0026886,1,NV,2580,HAM_0001041,5
ISIC_0026887,1,NV,2581,HAM_0005162,0
ISIC_0026888,1,NV,2582,HAM_0005163,0
ISIC_0026889,1,NV,2583,HAM_0002833,4
ISIC_0026890,1,NV,2584,HAM_0003277,7
ISIC_0026891,1,NV,2585,HAM_0002287,9
ISIC_0026892,0,MEL,2586,HAM_0007560,8
ISIC_0026893,4,BKL,2587,HAM_0003791,1
ISIC_0026894,1,NV,2588,HAM_0006984,5
ISIC_0026895,4,BKL,2589,HAM_0003605,8
ISIC_0026896,1,NV,2590,HAM_0002328,0
ISIC_0026897,0,MEL,2591,HAM_0002772,5
ISIC_0026898,1,NV,2592,HAM_0005726,6
ISIC_0026899,1,NV,2593,HAM_0001652,6
ISIC_0026900,1,NV,2594,HAM_0001363,9
ISIC_0026901,1,NV,2595,HAM_0001716,6
ISIC_0026902,2,BCC,2596,HAM_0000719,7
ISIC_0026903,1,NV,2597,HAM_0005394,1
ISIC_0026904,1,NV,2598,HAM_0004626,5
ISIC_0026905,3,AKIEC,2599,HAM_0006180,9
ISIC_0026906,1,NV,2600,HAM_0005782,5
ISIC_0026907,4,BKL,2601,HAM_0005291,3
ISIC_0026908,1,NV,2602,HAM_0002976,9
ISIC_0026909,0,MEL,2603,HAM_0007171,6
ISIC_0026910,1,NV,2604,HAM_0003661,0
ISIC_0026911,1,NV,2605,HAM_0006303,7
ISIC_0026912,4,BKL,2606,HAM_0007337,1
ISIC_0026913,1,NV,2607,HAM_0001134,1
ISIC_0026914,1,NV,2608,HAM_0005038,8
ISIC_0026915,1,NV,2609,HAM_0002851,2
ISIC_0026916,0,MEL,2610,HAM_0000320,8
ISIC_0026917,1,NV,2611,HAM_0001898,1
ISIC_0026918,1,NV,2612,HAM_0006573,3
ISIC_0026919,1,NV,2613,HAM_0001945,6
ISIC_0026920,1,NV,2614,HAM_0001806,7
ISIC_0026921,1,NV,2615,HAM_0004275,1
ISIC_0026922,1,NV,2616,HAM_0006881,7
ISIC_0026923,4,BKL,2617,HAM_0000198,7
ISIC_0026924,1,NV,2618,HAM_0004313,5
ISIC_0026925,1,NV,2619,HAM_0000285,8
ISIC_0026926,1,NV,2620,HAM_0006313,6
ISIC_0026927,3,AKIEC,2621,HAM_0003501,5
ISIC_0026928,1,NV,2622,HAM_0001346,0
ISIC_0026929,1,NV,2623,HAM_0005224,6
ISIC_0026930,0,MEL,2624,HAM_0002970,3
ISIC_0026931,1,NV,2625,HAM_0003901,1
ISIC_0026932,1,NV,2626,HAM_0001096,7
ISIC_0026933,1,NV,2627,HAM_0002348,5
ISIC_0026934,1,NV,2628,HAM_0002729,4
ISIC_0026935,1,NV,2629,HAM_0003909,6
ISIC_0026936,1,NV,2630,HAM_0000574,9
ISIC_0026937,1,NV,2631,HAM_0002267,0
ISIC_0026938,1,NV,2632,HAM_0001929,7
ISIC_0026939,1,NV,2633,HAM_0000254,3
ISIC_0026940,2,BCC,2634,HAM_0005973,1
ISIC_0026941,4,BKL,2635,HAM_0003715,9
ISIC_0026942,1,NV,2636,HAM_0006553,7
ISIC_0026943,1,NV,2637,HAM_0003440,4
ISIC_0026944,1,NV,2638,HAM_0000331,9
ISIC_0026945,1,NV,2639,HAM_0003999,7
ISIC_0026946,1,NV,2640,HAM_0007040,0
ISIC_0026947,4,BKL,2641,HAM_0000425,3
ISIC_0026948,1,NV,2642,HAM_0007619,0
ISIC_0026949,1,NV,2643,HAM_0007252,8
ISIC_0026950,0,MEL,2644,HAM_0007617,0
ISIC_0026951,1,NV,2645,HAM_0003861,2
ISIC_0026952,2,BCC,2646,HAM_0002167,3
ISIC_0026953,1,NV,2647,HAM_0001332,0
ISIC_0026954,0,MEL,2648,HAM_0003194,8
ISIC_0026955,4,BKL,2649,HAM_0003569,1
ISIC_0026956,1,NV,2650,HAM_0003142,5
ISIC_0026957,2,BCC,2651,HAM_0001369,7
ISIC_0026958,4,BKL,2652,HAM_0001773,6
ISIC_0026959,4,BKL,2653,HAM_0003426,4
ISIC_0026960,1,NV,2654,HAM_0005456,1
ISIC_0026961,4,BKL,2655,HAM_0006181,8
ISIC_0026962,1,NV,2656,HAM_0007334,9
ISIC_0026963,0,MEL,2657,HAM_0001741,0
ISIC_0026964,1,NV,2658,HAM_0004372,5
ISIC_0026965,1,NV,2659,HAM_0000470,7
ISIC_0026966,1,NV,2660,HAM_0006344,0
ISIC_0026967,4,BKL,2661,HAM_0007027,8
ISIC_0026968,2,BCC,2662,HAM_0000612,9
ISIC_0026969,1,NV,2663,HAM_0005148,6
ISIC_0026970,2,BCC,2664,HAM_0004940,6
ISIC_0026971,1,NV,2665,HAM_0003407,0
ISIC_0026972,1,NV,2666,HAM_0001251,8
ISIC_0026973,1,NV,2667,HAM_0003557,7
ISIC_0026974,1,NV,2668,HAM_0003603,8
ISIC_0026975,1,NV,2669,HAM_0006063,7
ISIC_0026976,0,MEL,2670,HAM_0000358,8
ISIC_0026977,1,NV,2671,HAM_0002831,8
ISIC_0026978,2,BCC,2672,HAM_0004042,1
ISIC_0026979,1,NV,2673,HAM_0002060,0
ISIC_0026980,1,NV,2674,HAM_0005876,0
ISIC_0026981,3,AKIEC,2675,HAM_0000909,7
ISIC_0026982,1,NV,2676,HAM_0005358,2
ISIC_0026983,1,NV,2677,HAM_0006404,8
ISIC_0026984,3,AKIEC,2678,HAM_0001903,8
ISIC_0026985,1,NV,2679,HAM_0006607,0
ISIC_0026986,1,NV,2680,HAM_0006044,2
ISIC_0026987,1,NV,2681,HAM_0006994,1
ISIC_0026988,2,BCC,2682,HAM_0004937,8
ISIC_0026989,0,MEL,2683,HAM_0003558,8
ISIC_0026990,1,NV,2684,HAM_0000568,7
ISIC_0026991,1,NV,2685,HAM_0003946,4
ISIC_0026992,3,AKIEC,2686,HAM_0003146,6
ISIC_0026993,0,MEL,2687,HAM_0005186,4
ISIC_0026994,1,NV,2688,HAM_0002930,6
ISIC_0026995,2,BCC,2689,HAM_0001693,4
ISIC_0026996,0,MEL,2690,HAM_0004121,0
ISIC_0026997,1,NV,2691,HAM_0004972,3
ISIC_0026998,1,NV,2692,HAM_0006094,3
ISIC_0026999,1,NV,2693,HAM_0006075,6
ISIC_0027000,1,NV,2694,HAM_0000408,5
ISIC_0027001,1,NV,2695,HAM_0003134,6
ISIC_0027002,1,NV,2696,HAM_0000464,5
ISIC_0027003,1,NV,2697,HAM_0007528,3
ISIC_0027004,2,BCC,2698,HAM_0003826,7
ISIC_0027005,1,NV,2699,HAM_0006596,7
ISIC_0027006,4,BKL,2700,HAM_0007018,9
ISIC_0027007,1,NV,2701,HAM_0003311,3
ISIC_0027008,5,DF,2702,HAM_0005276,1
ISIC_0027009,1,NV,2703,HAM_0003594,2
ISIC_0027010,1,NV,2704,HAM_0006711,3
ISIC_0027011,1,NV,2705,HAM_0000307,7
ISIC_0027012,1,NV,2706,HAM_0007445,1
ISIC_0027013,1,NV,2707,HAM_0001854,6
ISIC_0027014,1,NV,2708,HAM_0002627,9
ISIC_0027015,1,NV,2709,HAM_0001851,3
ISIC_0027016,1,NV,2710,HAM_0002369,6
ISIC_0027017,4,BKL,2711,HAM_0003183,1
ISIC_0027018,4,BKL,2712,HAM_0006525,2
ISIC_0027019,1,NV,2713,HAM_0004629,7
ISIC_0027020,1,NV,2714,HAM_0000188,7
ISIC_0027021,0,MEL,2715,HAM_0006940,1
ISIC_0027022,1,NV,2716,HAM_0005453,6
ISIC_0027023,4,BKL,2717,HAM_0000746,0
ISIC_0027024,1,NV,2718,HAM_0005034,5
ISIC_0027025,4,BKL,2719,HAM_0000121,0
ISIC_0027026,4,BKL,2720,HAM_0002585,7
ISIC_0027027,4,BKL,2721,HAM_0007604,9
ISIC_0027028,1,NV,2722,HAM_0005912,4
ISIC_0027029,1,NV,2723,HAM_0000838,1
ISIC_0027030,0,MEL,2724,HAM_0004254,0
ISIC_0027031,1,NV,2725,HAM_0006742,8
ISIC_0027032,1,NV,2726,HAM_0002093,9
ISIC_0027033,0,MEL,2727,HAM_0000059,9
ISIC_0027034,1,NV,2728,HAM_0007426,2
ISIC_0027035,1,NV,2729,HAM_0003331,9
ISIC_0027036,1,NV,2730,HAM_0005925,9
ISIC_0027037,4,BKL,2731,HAM_0003140,6
ISIC_0027038,2,BCC,2732,HAM_0005985,4
ISIC_0027039,1,NV,2733,HAM_0004035,8
ISIC_0027040,1,NV,2734,HAM_0004924,6
ISIC_0027041,4,BKL,2735,HAM_0003049,0
ISIC_0027042,4,BKL,2736,HAM_0002078,4
ISIC_0027043,0,MEL,2737,HAM_0007390,9
ISIC_0027044,5,DF,2738,HAM_0002871,6
ISIC_0027045,1,NV,2739,HAM_0005016,3
ISIC_0027046,2,BCC,2740,HAM_0005371,1
ISIC_0027047,3,AKIEC,2741,HAM_0001786,8
ISIC_0027048,1,NV,2742,HAM_0001281,1
ISIC_0027049,1,NV,2743,HAM_0006826,1
ISIC_0027050,1,NV,2744,HAM_0004597,4
ISIC_0027051,1,NV,2745,HAM_0006972,7
ISIC_0027052,1,NV,2746,HAM_0000752,5
ISIC_0027053,4,BKL,2747,HAM_0003847,4
ISIC_0027054,1,NV,2748,HAM_0005414,7
ISIC_0027055,1,NV,2749,HAM_0005294,1
ISIC_0027056,1,NV,2750,HAM_0005306,6
ISIC_0027057,2,BCC,2751,HAM_0002021,5
ISIC_0027058,2,BCC,2752,HAM_0005998,8
ISIC_0027059,1,NV,2753,HAM_0007628,7
ISIC_0027060,0,MEL,2754,HAM_0002471,5
ISIC_0027061,1,NV,2755,HAM_0007505,9
ISIC_0027062,1,NV,2756,HAM_0000288,0
ISIC_0027063,0,MEL,2757,HAM_0004813,3
ISIC_0027064,4,BKL,2758,HAM_0000398,7
ISIC_0027065,0,MEL,2759,HAM_0005533,8
ISIC_0027066,1,NV,2760,HAM_0000273,7
ISIC_0027067,0,MEL,2761,HAM_0004053,7
ISIC_0027068,4,BKL,2762,HAM_0007296,5
ISIC_0027069,0,MEL,2763,HAM_0005926,6
ISIC_0027070,1,NV,2764,HAM_0003526,4
ISIC_0027071,0,MEL,2765,HAM_0001596,4
ISIC_0027072,1,NV,2766,HAM_0004128,7
ISIC_0027073,1,NV,2767,HAM_0004127,0
ISIC_0027074,1,NV,2768,HAM_0000264,0
ISIC_0027075,1,NV,2769,HAM_0004261,3
ISIC_0027076,0,MEL,2770,HAM_0000492,6
ISIC_0027077,1,NV,2771,HAM_0003848,8
ISIC_0027078,1,NV,2772,HAM_0001660,6
ISIC_0027079,1,NV,2773,HAM_0000246,4
ISIC_0027080,1,NV,2774,HAM_0000648,5
ISIC_0027081,1,NV,2775,HAM_0003823,7
ISIC_0027082,1,NV,2776,HAM_0000816,3
ISIC_0027083,4,BKL,2777,HAM_0007381,6
ISIC_0027084,3,AKIEC,2778,HAM_0006893,5
ISIC_0027085,1,NV,2779,HAM_0007026,3
ISIC_0027086,1,NV,2780,HAM_0006629,3
ISIC_0027087,1,NV,2781,HAM_0005523,4
ISIC_0027088,1,NV,2782,HAM_0002513,5
ISIC_0027089,0,MEL,2783,HAM_0002800,4
ISIC_0027090,2,BCC,2784,HAM_0001018,4
ISIC_0027091,1,NV,2785,HAM_0001617,1
ISIC_0027092,1,NV,2786,HAM_0007582,9
ISIC_0027093,2,BCC,2787,HAM_0002959,8
ISIC_0027094,4,BKL,2788,HAM_0001292,1
ISIC_0027095,1,NV,2789,HAM_0000537,3
ISIC_0027096,1,NV,2790,HAM_0000656,2
ISIC_0027097,1,NV,2791,HAM_0003016,5
ISIC_0027098,1,NV,2792,HAM_0003451,1
ISIC_0027099,1,NV,2793,HAM_0001623,8
ISIC_0027100,0,MEL,2794,HAM_0005352,7
ISIC_0027101,0,MEL,2795,HAM_0001835,2
ISIC_0027102,0,MEL,2796,HAM_0003782,4
ISIC_0027103,1,NV,2797,HAM_0000589,5
ISIC_0027104,1,NV,2798,HAM_0000636,5
ISIC_0027105,0,MEL,2799,HAM_0005747,3
ISIC_0027106,1,NV,2800,HAM_0003576,4
ISIC_0027107,5,DF,2801,HAM_0004036,8
ISIC_0027108,1,NV,2802,HAM_0004922,0
ISIC_0027109,1,NV,2803,HAM_0006685,9
ISIC_0027110,1,NV,2804,HAM_0006348,9
ISIC_0027111,1,NV,2805,HAM_0000368,1
ISIC_0027112,1,NV,2806,HAM_0004886,4
ISIC_0027113,1,NV,2807,HAM_0002658,5
ISIC_0027114,1,NV,2808,HAM_0005787,6
ISIC_0027115,1,NV,2809,HAM_0007576,9
ISIC_0027116,1,NV,2810,HAM_0002656,3
ISIC_0027117,2,BCC,2811,HAM_0006351,7
ISIC_0027118,5,DF,2812,HAM_0001164,3
ISIC_0027119,1,NV,2813,HAM_0007387,7
ISIC_0027120,2,BCC,2814,HAM_0003444,8
ISIC_0027121,1,NV,2815,HAM_0004941,7
ISIC_0027122,1,NV,2816,HAM_0000996,6
ISIC_0027123,1,NV,2817,HAM_0003780,3
ISIC_0027124,1,NV,2818,HAM_0003636,6
ISIC_0027125,0,MEL,2819,HAM_0003182,4
ISIC_0027126,0,MEL,2820,HAM_0004053,1
ISIC_0027127,1,NV,2821,HAM_0005230,9
ISIC_0027128,1,NV,2822,HAM_0004955,1
ISIC_0027129,1,NV,2823,HAM_0007545,0
ISIC_0027130,0,MEL,2824,HAM_0004654,1
ISIC_0027131,1,NV,2825,HAM_0000088,6
ISIC_0027132,1,NV,2826,HAM_0004987,4
ISIC_0027133,1,NV,2827,HAM_0004604,8
ISIC_0027134,1,NV,2828,HAM_0004577,3
ISIC_0027135,2,BCC,2829,HAM_0004388,4
ISIC_0027136,1,NV,2830,HAM_0002266,2
ISIC_0027137,1,NV,2831,HAM_0000762,3
ISIC_0027138,1,NV,2832,HAM_0004370,3
ISIC_0027139,4,BKL,2833,HAM_0005440,2
ISIC_0027140,1,NV,2834,HAM_0006411,1
ISIC_0027141,5,DF,2835,HAM_0000024,9
ISIC_0027142,4,BKL,2836,HAM_0004322,0
ISIC_0027143,1,NV,2837,HAM_0007239,3
ISIC_0027144,0,MEL,2838,HAM_0005064,3
ISIC_0027145,1,NV,2839,HAM_0001357,2
ISIC_0027146,2,BCC,2840,HAM_0007009,3
ISIC_0027147,1,NV,2841,HAM_0000366,5
ISIC_0027148,1,NV,2842,HAM_0005949,1
ISIC_0027149,0,MEL,2843,HAM_0007592,3
ISIC_0027150,1,NV,2844,HAM_0003742,1
ISIC_0027151,4,BKL,2845,HAM_0007179,4
ISIC_0027152,1,NV,2846,HAM_0003091,1
ISIC_0027153,1,NV,2847,HAM_0000853,4
ISIC_0027154,4,BKL,2848,HAM_0005415,0
ISIC_0027155,0,MEL,2849,HAM_0000282,9
ISIC_0027156,1,NV,2850,HAM_0005172,7
ISIC_0027157,1,NV,2851,HAM_0002756,1
ISIC_0027158,1,NV,2852,HAM_0003953,7
ISIC_0027159,6,VASC,2853,HAM_0004877,2
ISIC_0027160,1,NV,2854,HAM_0007050,9
ISIC_0027161,1,NV,2855,HAM_0005494,0
ISIC_0027162,4,BKL,2856,HAM_0004905,5
ISIC_0027163,0,MEL,2857,HAM_0006964,1
ISIC_0027164,1,NV,2858,HAM_0004328,2
ISIC_0027165,1,NV,2859,HAM_0005476,2
ISIC_0027166,1,NV,2860,HAM_0003108,1
ISIC_0027167,4,BKL,2861,HAM_0003859,5
ISIC_0027168,1,NV,2862,HAM_0006072,6
ISIC_0027169,1,NV,2863,HAM_0003844,4
ISIC_0027170,1,NV,2864,HAM_0000323,8
ISIC_0027171,0,MEL,2865,HAM_0002696,5
ISIC_0027172,3,AKIEC,2866,HAM_0003939,2
ISIC_0027173,1,NV,2867,HAM_0005472,5
ISIC_0027174,0,MEL,2868,HAM_0007390,4
ISIC_0027175,2,BCC,2869,HAM_0000655,7
ISIC_0027176,1,NV,2870,HAM_0003388,3
ISIC_0027177,1,NV,2871,HAM_0005680,9
ISIC_0027178,3,AKIEC,2872,HAM_0002705,0
ISIC_0027179,0,MEL,2873,HAM_0006061,6
ISIC_0027180,1,NV,2874,HAM_0001063,3
ISIC_0027181,1,NV,2875,HAM_0003640,4
ISIC_0027182,1,NV,2876,HAM_0000172,0
ISIC_0027183,1,NV,2877,HAM_0001104,2
ISIC_0027184,3,AKIEC,2878,HAM_0007349,7
ISIC_0027185,1,NV,2879,HAM_0003849,9
ISIC_0027186,1,NV,2880,HAM_0005688,0
ISIC_0027187,0,MEL,2881,HAM_0004596,4
ISIC_0027188,5,DF,2882,HAM_0006188,5
ISIC_0027189,2,BCC,2883,HAM_0006708,3
ISIC_0027190,0,MEL,2884,HAM_0000040,0
ISIC_0027191,1,NV,2885,HAM_0003701,3
ISIC_0027192,4,BKL,2886,HAM_0001024,0
ISIC_0027193,1,NV,2887,HAM_0002308,6
ISIC_0027194,4,BKL,2888,HAM_0004224,2
ISIC_0027195,1,NV,2889,HAM_0006279,2
ISIC_0027196,1,NV,2890,HAM_0007304,9
ISIC_0027197,1,NV,2891,HAM_0006244,5
ISIC_0027198,1,NV,2892,HAM_0000960,7
ISIC_0027199,1,NV,2893,HAM_0006846,6
ISIC_0027200,1,NV,2894,HAM_0001805,0
ISIC_0027201,1,NV,2895,HAM_0003446,2
ISIC_0027202,4,BKL,2896,HAM_0001011,2
ISIC_0027203,1,NV,2897,HAM_0000287,0
ISIC_0027204,0,MEL,2898,HAM_0001532,4
ISIC_0027205,1,NV,2899,HAM_0005706,5
ISIC_0027206,1,NV,2900,HAM_0007158,3
ISIC_0027207,1,NV,2901,HAM_0005138,2
ISIC_0027208,1,NV,2902,HAM_0001715,8
ISIC_0027209,1,NV,2903,HAM_0001849,9
ISIC_0027210,6,VASC,2904,HAM_0006748,6
ISIC_0027211,1,NV,2905,HAM_0006262,7
ISIC_0027212,1,NV,2906,HAM_0003341,4
ISIC_0027213,1,NV,2907,HAM_0002904,0
ISIC_0027214,1,NV,2908,HAM_0004938,4
ISIC_0027215,1,NV,2909,HAM_0006950,9
ISIC_0027216,5,DF,2910,HAM_0007129,7
ISIC_0027217,1,NV,2911,HAM_0003842,3
ISIC_0027218,4,BKL,2912,HAM_0001738,5
ISIC_0027219,4,BKL,2913,HAM_0000202,0
ISIC_0027220,1,NV,2914,HAM_0005797,6
ISIC_0027221,1,NV,2915,HAM_0004737,0
ISIC_0027222,1,NV,2916,HAM_0005741,2
ISIC_0027223,1,NV,2917,HAM_0004772,9
ISIC_0027224,1,NV,2918,HAM_0002668,0
ISIC_0027225,1,NV,2919,HAM_0000405,8
ISIC_0027226,1,NV,2920,HAM_0000342,6
ISIC_0027227,1,NV,2921,HAM_0001833,3
ISIC_0027228,1,NV,2922,HAM_0001972,0
ISIC_0027229,2,BCC,2923,HAM_0003826,5
ISIC_0027230,1,NV,2924,HAM_0001687,1
ISIC_0027231,3,AKIEC,2925,HAM_0005310,1
ISIC_0027232,1,NV,2926,HAM_0003708,7
ISIC_0027233,1,NV,2927,HAM_0007375,4
ISIC_0027234,0,MEL,2928,HAM_0005681,5
ISIC_0027235,1,NV,2929,HAM_0003091,6
ISIC_0027236,1,NV,2930,HAM_0001555,1
ISIC_0027237,1,NV,2931,HAM_0003850,2
ISIC_0027238,0,MEL,2932,HAM_0006152,8
ISIC_0027239,4,BKL,2933,HAM_0004422,7
ISIC_0027240,1,NV,2934,HAM_0005237,1
ISIC_0027241,1,NV,2935,HAM_0000995,8
ISIC_0027242,1,NV,2936,HAM_0003578,2
ISIC_0027243,1,NV,2937,HAM_0007288,3
ISIC_0027244,1,NV,2938,HAM_0006484,4
ISIC_0027245,1,NV,2939,HAM_0006162,2
ISIC_0027246,1,NV,2940,HAM_0002740,1
ISIC_0027247,1,NV,2941,HAM_0001447,0
ISIC_0027248,1,NV,2942,HAM_0004830,3
ISIC_0027249,1,NV,2943,HAM_0001869,8
ISIC_0027250,1,NV,2944,HAM_0003937,2
ISIC_0027251,1,NV,2945,HAM_0007067,0
ISIC_0027252,1,NV,2946,HAM_0004674,7
ISIC_0027253,0,MEL,2947,HAM_0005697,3
ISIC_0027254,3,AKIEC,2948,HAM_0003949,8
ISIC_0027255,1,NV,2949,HAM_0007284,6
ISIC_0027256,6,VASC,2950,HAM_0004542,4
ISIC_0027257,1,NV,2951,HAM_0005816,2
ISIC_0027258,1,NV,2952,HAM_0006547,1
ISIC_0027259,1,NV,2953,HAM_0004520,8
ISIC_0027260,0,MEL,2954,HAM_0002391,9
ISIC_0027261,0,MEL,2955,HAM_0005084,2
ISIC_0027262,1,NV,2956,HAM_0003590,6
ISIC_0027263,0,MEL,2957,HAM_0003449,9
ISIC_0027264,1,NV,2958,HAM_0005360,2
ISIC_0027265,1,NV,2959,HAM_0005347,4
ISIC_0027266,1,NV,2960,HAM_0003430,3
ISIC_0027267,1,NV,2961,HAM_0002870,3
ISIC_0027268,1,NV,2962,HAM_0002317,4
ISIC_0027269,6,VASC,2963,HAM_0005560,9
ISIC_0027270,4,BKL,2964,HAM_0000835,1
ISIC_0027271,1,NV,2965,HAM_0006757,8
ISIC_0027272,1,NV,2966,HAM_0004668,1
ISIC_0027273,1,NV,2967,HAM_0004606,7
ISIC_0027274,1,NV,2968,HAM_0007472,5
ISIC_0027275,4,BKL,2969,HAM_0002280,8
ISIC_0027276,1,NV,2970,HAM_0000649,8
ISIC_0027277,0,MEL,2971,HAM_0004720,1
ISIC_0027278,1,NV,2972,HAM_0007236,9
ISIC_0027279,4,BKL,2973,HAM_0006009,1
ISIC_0027280,1,NV,2974,HAM_0005618,0
ISIC_0027281,2,BCC,2975,HAM_0006904,5
ISIC_0027282,0,MEL,2976,HAM_0006017,0
ISIC_0027283,1,NV,2977,HAM_0000265,4
ISIC_0027284,1,NV,2978,HAM_0006108,2
ISIC_0027285,1,NV,2979,HAM_0005902,2
ISIC_0027286,1,NV,2980,HAM_0005832,7
ISIC_0027287,4,BKL,2981,HAM_0002933,1
ISIC_0027288,1,NV,2982,HAM_0001581,5
ISIC_0027289,1,NV,2983,HAM_0003565,6
ISIC_0027290,1,NV,2984,HAM_0003502,4
ISIC_0027291,2,BCC,2985,HAM_0006904,4
ISIC_0027292,1,NV,2986,HAM_0006460,7
ISIC_0027293,1,NV,2987,HAM_0004775,9
ISIC_0027294,3,AKIEC,2988,HAM_0001520,2
ISIC_0027295,4,BKL,2989,HAM_0003913,1
ISIC_0027296,1,NV,2990,HAM_0001746,3
ISIC_0027297,2,BCC,2991,HAM_0003186,9
ISIC_0027298,1,NV,2992,HAM_0003451,0
ISIC_0027299,1,NV,2993,HAM_0000475,6
ISIC_0027300,0,MEL,2994,HAM_0003350,7
ISIC_0027301,1,NV,2995,HAM_0003092,9
ISIC_0027302,0,MEL,2996,HAM_0006497,8
ISIC_0027303,3,AKIEC,2997,HAM_0000490,5
ISIC_0027304,1,NV,2998,HAM_0005825,0
ISIC_0027305,1,NV,2999,HAM_0004997,1
ISIC_0027306,0,MEL,3000,HAM_0006097,3
ISIC_0027307,1,NV,3001,HAM_0002262,4
ISIC_0027308,1,NV,3002,HAM_0003496,8
ISIC_0027309,1,NV,3003,HAM_0003199,9
ISIC_0027310,4,BKL,3004,HAM_0003301,9
ISIC_0027311,1,NV,3005,HAM_0002084,0
ISIC_0027312,1,NV,3006,HAM_0003327,1
ISIC_0027313,1,NV,3007,HAM_0001108,5
ISIC_0027314,1,NV,3008,HAM_0006293,8
ISIC_0027315,1,NV,3009,HAM_0002202,1
ISIC_0027316,1,NV,3010,HAM_0004437,8
ISIC_0027317,1,NV,3011,HAM_0001857,7
ISIC_0027318,1,NV,3012,HAM_0000927,2
ISIC_0027319,1,NV,3013,HAM_0005273,8
ISIC_0027320,4,BKL,3014,HAM_0004506,4
ISIC_0027321,1,NV,3015,HAM_0006215,2
ISIC_0027322,1,NV,3016,HAM_0001044,0
ISIC_0027323,1,NV,3017,HAM_0006077,1
ISIC_0027324,1,NV,3018,HAM_0003189,6
ISIC_0027325,1,NV,3019,HAM_0005951,5
ISIC_0027326,4,BKL,3020,HAM_0005874,7
ISIC_0027327,0,MEL,3021,HAM_0004397,4
ISIC_0027328,0,MEL,3022,HAM_0004651,6
ISIC_0027329,1,NV,3023,HAM_0007400,0
ISIC_0027330,1,NV,3024,HAM_0001985,5
ISIC_0027331,1,NV,3025,HAM_0004499,5
ISIC_0027332,4,BKL,3026,HAM_0003582,5
ISIC_0027333,1,NV,3027,HAM_0000564,8
ISIC_0027334,3,AKIEC,3028,HAM_0004462,7
ISIC_0027335,4,BKL,3029,HAM_0006670,0
ISIC_0027336,1,NV,3030,HAM_0006943,1
ISIC_0027337,2,BCC,3031,HAM_0003778,4
ISIC_0027338,1,NV,3032,HAM_0000163,0
ISIC_0027339,1,NV,3033,HAM_0000776,4
ISIC_0027340,1,NV,3034,HAM_0007450,6
ISIC_0027341,1,NV,3035,HAM_0007041,2
ISIC_0027342,1,NV,3036,HAM_0000510,5
ISIC_0027343,3,AKIEC,3037,HAM_0003380,9
ISIC_0027344,4,BKL,3038,HAM_0003069,5
ISIC_0027345,1,NV,3039,HAM_0005091,3
ISIC_0027346,1,NV,3040,HAM_0002326,7
ISIC_0027347,1,NV,3041,HAM_0005234,5
ISIC_0027348,1,NV,3042,HAM_0000354,8
ISIC_0027349,1,NV,3043,HAM_0000725,3
ISIC_0027350,0,MEL,3044,HAM_0002970,7
ISIC_0027351,1,NV,3045,HAM_0002293,0
ISIC_0027352,0,MEL,3046,HAM_0003683,0
ISIC_0027353,1,NV,3047,HAM_0004471,9
ISIC_0027354,4,BKL,3048,HAM_0007359,4
ISIC_0027355,4,BKL,3049,HAM_0005968,4
ISIC_0027356,1,NV,3050,HAM_0000473,7
ISIC_0027357,1,NV,3051,HAM_0004540,3
ISIC_0027358,1,NV,3052,HAM_0003767,8
ISIC_0027359,0,MEL,3053,HAM_0000536,0
ISIC_0027360,1,NV,3054,HAM_0003958,1
ISIC_0027361,1,NV,3055,HAM_0001160,9
ISIC_0027362,1,NV,3056,HAM_0000826,2
ISIC_0027363,1,NV,3057,HAM_0001030,9
ISIC_0027364,1,NV,3058,HAM_0002150,0
ISIC_0027365,2,BCC,3059,HAM_0002346,8
ISIC_0027366,1,NV,3060,HAM_0005839,4
ISIC_0027367,4,BKL,3061,HAM_0005022,3
ISIC_0027368,1,NV,3062,HAM_0003244,7
ISIC_0027369,1,NV,3063,HAM_0003228,6
ISIC_0027370,4,BKL,3064,HAM_0004308,4
ISIC_0027371,2,BCC,3065,HAM_0005981,6
ISIC_0027372,1,NV,3066,HAM_0004567,4
ISIC_0027373,1,NV,3067,HAM_0007616,9
ISIC_0027374,4,BKL,3068,HAM_0004690,3
ISIC_0027375,1,NV,3069,HAM_0005349,6
ISIC_0027376,1,NV,3070,HAM_0005032,5
ISIC_0027377,1,NV,3071,HAM_0005105,6
ISIC_0027378,1,NV,3072,HAM_0002989,6
ISIC_0027379,1,NV,3073,HAM_0002154,3
ISIC_0027380,1,NV,3074,HAM_0005343,9
ISIC_0027381,1,NV,3075,HAM_0004452,5
ISIC_0027382,1,NV,3076,HAM_0007510,1
ISIC_0027383,1,NV,3077,HAM_0004037,5
ISIC_0027384,1,NV,3078,HAM_0005565,9
ISIC_0027385,6,VASC,3079,HAM_0004455,4
ISIC_0027386,1,NV,3080,HAM_0001724,0
ISIC_0027387,0,MEL,3081,HAM_0006896,9
ISIC_0027388,4,BKL,3082,HAM_0002192,0
ISIC_0027389,1,NV,3083,HAM_0005332,8
ISIC_0027390,1,NV,3084,HAM_0005261,7
ISIC_0027391,1,NV,3085,HAM_0000037,3
ISIC_0027392,4,BKL,3086,HAM_0002193,2
ISIC_0027393,1,NV,3087,HAM_0007397,7
ISIC_0027394,4,BKL,3088,HAM_0006472,7
ISIC_0027395,1,NV,3089,HAM_0007130,3
ISIC_0027396,1,NV,3090,HAM_0001491,4
ISIC_0027397,1,NV,3091,HAM_0003699,3
ISIC_0027398,1,NV,3092,HAM_0001567,1
ISIC_0027399,1,NV,3093,HAM_0000935,3
ISIC_0027400,1,NV,3094,HAM_0002062,5
ISIC_0027401,1,NV,3095,HAM_0007046,3
ISIC_0027402,0,MEL,3096,HAM_0006556,5
ISIC_0027403,1,NV,3097,HAM_0006359,8
ISIC_0027404,1,NV,3098,HAM_0000570,3
ISIC_0027405,1,NV,3099,HAM_0004628,0
ISIC_0027406,1,NV,3100,HAM_0004524,2
ISIC_0027407,0,MEL,3101,HAM_0000373,6
ISIC_0027408,1,NV,3102,HAM_0001696,5
ISIC_0027409,1,NV,3103,HAM_0006719,4
ISIC_0027410,1,NV,3104,HAM_0005227,1
ISIC_0027411,1,NV,3105,HAM_0001117,1
ISIC_0027412,1,NV,3106,HAM_0000184,7
ISIC_0027413,1,NV,3107,HAM_0007287,4
ISIC_0027414,1,NV,3108,HAM_0000620,6
ISIC_0027415,1,NV,3109,HAM_0000505,8
ISIC_0027416,1,NV,3110,HAM_0006192,9
ISIC_0027417,1,NV,3111,HAM_0007615,5
ISIC_0027418,1,NV,3112,HAM_0001393,0
ISIC_0027419,4,BKL,3113,HAM_0000118,5
ISIC_0027420,0,MEL,3114,HAM_0001551,4
ISIC_0027421,1,NV,3115,HAM_0001968,6
ISIC_0027422,1,NV,3116,HAM_0002539,2
ISIC_0027423,1,NV,3117,HAM_0001157,2
ISIC_0027424,1,NV,3118,HAM_0002840,1
ISIC_0027425,2,BCC,3119,HAM_0007346,5
ISIC_0027426,1,NV,3120,HAM_0004381,3
ISIC_0027427,1,NV,3121,HAM_0005447,9
ISIC_0027428,4,BKL,3122,HAM_0003691,7
ISIC_0027429,1,NV,3123,HAM_0002853,8
ISIC_0027430,1,NV,3124,HAM_0002330,5
ISIC_0027431,1,NV,3125,HAM_0000698,5
ISIC_0027432,1,NV,3126,HAM_0007196,1
ISIC_0027433,2,BCC,3127,HAM_0007002,4
ISIC_0027434,1,NV,3128,HAM_0001668,3
ISIC_0027435,4,BKL,3129,HAM_0007500,4
ISIC_0027436,0,MEL,3130,HAM_0002493,2
ISIC_0027437,4,BKL,3131,HAM_0004125,9
ISIC_0027438,1,NV,3132,HAM_0006808,8
ISIC_0027439,1,NV,3133,HAM_0006915,7
ISIC_0027440,1,NV,3134,HAM_0003025,1
ISIC_0027441,1,NV,3135,HAM_0007455,3
ISIC_0027442,0,MEL,3136,HAM_0002375,8
ISIC_0027443,1,NV,3137,HAM_0000738,6
ISIC_0027444,1,NV,3138,HAM_0006347,5
ISIC_0027445,1,NV,3139,HAM_0007399,5
ISIC_0027446,1,NV,3140,HAM_0002968,7
ISIC_0027447,3,AKIEC,3141,HAM_0007601,4
ISIC_0027448,1,NV,3142,HAM_0003963,7
ISIC_0027449,1,NV,3143,HAM_0006410,6
ISIC_0027450,1,NV,3144,HAM_0004146,6
ISIC_0027451,4,BKL,3145,HAM_0000207,9
ISIC_0027452,3,AKIEC,3146,HAM_0004033,1
ISIC_0027453,1,NV,3147,HAM_0000780,8
ISIC_0027454,4,BKL,3148,HAM_0000245,2
ISIC_0027455,4,BKL,3149,HAM_0004673,5
ISIC_0027456,1,NV,3150,HAM_0005323,9
ISIC_0027457,1,NV,3151,HAM_0002457,0
ISIC_0027458,1,NV,3152,HAM_0007425,4
ISIC_0027459,1,NV,3153,HAM_0006999,8
ISIC_0027460,1,NV,3154,HAM_0000137,8
ISIC_0027461,1,NV,3155,HAM_0005017,1
ISIC_0027462,1,NV,3156,HAM_0006914,7
ISIC_0027463,4,BKL,3157,HAM_0003559,4
ISIC_0027464,1,NV,3158,HAM_0005380,7
ISIC_0027465,1,NV,3159,HAM_0002214,2
ISIC_0027466,1,NV,3160,HAM_0001454,3
ISIC_0027467,1,NV,3161,HAM_0002531,4
ISIC_0027468,1,NV,3162,HAM_0002154,0
ISIC_0027469,1,NV,3163,HAM_0005884,7
ISIC_0027470,4,BKL,3164,HAM_0002548,0
ISIC_0027471,1,NV,3165,HAM_0005395,8
ISIC_0027472,1,NV,3166,HAM_0004256,8
ISIC_0027473,2,BCC,3167,HAM_0002959,2
ISIC_0027474,1,NV,3168,HAM_0000315,3
ISIC_0027475,1,NV,3169,HAM_0004656,5
ISIC_0027476,1,NV,3170,HAM_0001942,3
ISIC_0027477,1,NV,3171,HAM_0000641,9
ISIC_0027478,2,BCC,3172,HAM_0003593,1
ISIC_0027479,1,NV,3173,HAM_0002180,2
ISIC_0027480,0,MEL,3174,HAM_0005504,9
ISIC_0027481,1,NV,3175,HAM_0004794,2
ISIC_0027482,1,NV,3176,HAM_0001502,2
ISIC_0027483,1,NV,3177,HAM_0005181,5
ISIC_0027484,1,NV,3178,HAM_0001756,6
ISIC_0027485,1,NV,3179,HAM_0003060,7
ISIC_0027486,1,NV,3180,HAM_0000129,4
ISIC_0027487,0,MEL,3181,HAM_0004483,4
ISIC_0027488,5,DF,3182,HAM_0003597,5
ISIC_0027489,1,NV,3183,HAM_0006565,0
ISIC_0027490,1,NV,3184,HAM_0007133,4
ISIC_0027491,1,NV,3185,HAM_0007495,6
ISIC_0027492,1,NV,3186,HAM_0003642,0
ISIC_0027493,1,NV,3187,HAM_0003478,4
ISIC_0027494,1,NV,3188,HAM_0003554,4
ISIC_0027495,1,NV,3189,HAM_0000508,5
ISIC_0027496,1,NV,3190,HAM_0004139,4
ISIC_0027497,1,NV,3191,HAM_0004699,7
ISIC_0027498,1,NV,3192,HAM_0007014,3
ISIC_0027499,1,NV,3193,HAM_0001070,8
ISIC_0027500,1,NV,3194,HAM_0006082,3
ISIC_0027501,1,NV,3195,HAM_0006032,8
ISIC_0027502,0,MEL,3196,HAM_0005747,1
ISIC_0027503,1,NV,3197,HAM_0006464,6
ISIC_0027504,4,BKL,3198,HAM_0004660,0
ISIC_0027505,1,NV,3199,HAM_0005805,9
ISIC_0027506,3,AKIEC,3200,HAM_0006482,2
ISIC_0027507,0,MEL,3201,HAM_0003601,7
ISIC_0027508,1,NV,3202,HAM_0003880,2
ISIC_0027509,4,BKL,3203,HAM_0001725,3
ISIC_0027510,1,NV,3204,HAM_0001525,1
ISIC_0027511,1,NV,3205,HAM_0005897,9
ISIC_0027512,1,NV,3206,HAM_0004738,1
ISIC_0027513,4,BKL,3207,HAM_0004748,0
ISIC_0027514,1,NV,3208,HAM_0000637,2
ISIC_0027515,1,NV,3209,HAM_0003687,5
ISIC_0027516,1,NV,3210,HAM_0001685,7
ISIC_0027517,0,MEL,3211,HAM_0002906,4
ISIC_0027518,1,NV,3212,HAM_0000346,4
ISIC_0027519,1,NV,3213,HAM_0004895,2
ISIC_0027520,1,NV,3214,HAM_0002055,3
ISIC_0027521,1,NV,3215,HAM_0005554,6
ISIC_0027522,6,VASC,3216,HAM_0007113,2
ISIC_0027523,1,NV,3217,HAM_0001498,4
ISIC_0027524,1,NV,3218,HAM_0002026,6
ISIC_0027525,2,BCC,3219,HAM_0005721,8
ISIC_0027526,2,BCC,3220,HAM_0006834,2
ISIC_0027527,4,BKL,3221,HAM_0001979,9
ISIC_0027528,1,NV,3222,HAM_0003642,4
ISIC_0027529,3,AKIEC,3223,HAM_0004568,3
ISIC_0027530,1,NV,3224,HAM_0001248,8
ISIC_0027531,2,BCC,3225,HAM_0004662,2
ISIC_0027532,1,NV,3226,HAM_0005602,9
ISIC_0027533,4,BKL,3227,HAM_0001417,3
ISIC_0027534,1,NV,3228,HAM_0001885,8
ISIC_0027535,1,NV,3229,HAM_0006821,8
ISIC_0027536,3,AKIEC,3230,HAM_0007601,7
ISIC_0027537,1,NV,3231,HAM_0000464,5
ISIC_0027538,1,NV,3232,HAM_0000798,5
ISIC_0027539,1,NV,3233,HAM_0006176,6
ISIC_0027540,1,NV,3234,HAM_0005910,5
ISIC_0027541,1,NV,3235,HAM_0007254,2
ISIC_0027542,1,NV,3236,HAM_0007509,9
ISIC_0027543,1,NV,3237,HAM_0006952,4
ISIC_0027544,2,BCC,3238,HAM_0000998,2
ISIC_0027545,2,BCC,3239,HAM_0000994,9
ISIC_0027546,2,BCC,3240,HAM_0005617,3
ISIC_0027547,1,NV,3241,HAM_0000558,5
ISIC_0027548,1,NV,3242,HAM_0004761,1
ISIC_0027549,1,NV,3243,HAM_0006358,4
ISIC_0027550,3,AKIEC,3244,HAM_0004297,6
ISIC_0027551,1,NV,3245,HAM_0006035,8
ISIC_0027552,0,MEL,3246,HAM_0007091,5
ISIC_0027553,1,NV,3247,HAM_0002974,5
ISIC_0027554,1,NV,3248,HAM_0001123,2
ISIC_0027555,1,NV,3249,HAM_0003503,3
ISIC_0027556,1,NV,3250,HAM_0005916,3
ISIC_0027557,1,NV,3251,HAM_0005169,7
ISIC_0027558,1,NV,3252,HAM_0000144,4
ISIC_0027559,4,BKL,3253,HAM_0004768,2
ISIC_0027560,0,MEL,3254,HAM_0003885,1
ISIC_0027561,0,MEL,3255,HAM_0004565,4
ISIC_0027562,3,AKIEC,3256,HAM_0007622,0
ISIC_0027563,6,VASC,3257,HAM_0002788,7
ISIC_0027564,1,NV,3258,HAM_0004826,5
ISIC_0027565,1,NV,3259,HAM_0004733,5
ISIC_0027566,1,NV,3260,HAM_0004664,1
ISIC_0027567,1,NV,3261,HAM_0004830,8
ISIC_0027568,1,NV,3262,HAM_0006398,5
ISIC_0027569,1,NV,3263,HAM_0005009,5
ISIC_0027570,1,NV,3264,HAM_0001071,8
ISIC_0027571,1,NV,3265,HAM_0007579,7
ISIC_0027572,1,NV,3266,HAM_0006271,0
ISIC_0027573,0,MEL,3267,HAM_0006942,1
ISIC_0027574,1,NV,3268,HAM_0005794,8
ISIC_0027575,1,NV,3269,HAM_0002758,2
ISIC_0027576,1,NV,3270,HAM_0003063,3
ISIC_0027577,3,AKIEC,3271,HAM_0005958,9
ISIC_0027578,1,NV,3272,HAM_0006458,0
ISIC_0027579,1,NV,3273,HAM_0004726,0
ISIC_0027580,3,AKIEC,3274,HAM_0005648,8
ISIC_0027581,1,NV,3275,HAM_0005205,1
ISIC_0027582,1,NV,3276,HAM_0001269,4
ISIC_0027583,1,NV,3277,HAM_0001925,1
ISIC_0027584,4,BKL,3278,HAM_0001546,5
ISIC_0027585,1,NV,3279,HAM_0000785,5
ISIC_0027586,1,NV,3280,HAM_0001421,2
ISIC_0027587,1,NV,3281,HAM_0003907,2
ISIC_0027588,3,AKIEC,3282,HAM_0001036,2
ISIC_0027589,1,NV,3283,HAM_0004718,6
ISIC_0027590,0,MEL,3284,HAM_0006764,2
ISIC_0027591,1,NV,3285,HAM_0001614,0
ISIC_0027592,1,NV,3286,HAM_0006960,8
ISIC_0027593,1,NV,3287,HAM_0004552,0
ISIC_0027594,1,NV,3288,HAM_0006933,2
ISIC_0027595,2,BCC,3289,HAM_0006624,8
ISIC_0027596,1,NV,3290,HAM_0004007,4
ISIC_0027597,1,NV,3291,HAM_0005242,3
ISIC_0027598,5,DF,3292,HAM_0002848,9
ISIC_0027599,1,NV,3293,HAM_0000399,6
ISIC_0027600,1,NV,3294,HAM_0001959,0
ISIC_0027601,2,BCC,3295,HAM_0005842,6
ISIC_0027602,1,NV,3296,HAM_0001006,7
ISIC_0027603,1,NV,3297,HAM_0003922,2
ISIC_0027604,0,MEL,3298,HAM_0002391,5
ISIC_0027605,1,NV,3299,HAM_0005266,1
ISIC_0027606,4,BKL,3300,HAM_0002306,2
ISIC_0027607,1,NV,3301,HAM_0000741,2
ISIC_0027608,4,BKL,3302,HAM_0005610,4
ISIC_0027609,2,BCC,3303,HAM_0000994,1
ISIC_0027610,1,NV,3304,HAM_0006996,8
ISIC_0027611,1,NV,3305,HAM_0000160,9
ISIC_0027612,4,BKL,3306,HAM_0001990,7
ISIC_0027613,5,DF,3307,HAM_0005684,4
ISIC_0027614,1,NV,3308,HAM_0006512,3
ISIC_0027615,3,AKIEC,3309,HAM_0006180,3
ISIC_0027616,0,MEL,3310,HAM_0007620,9
ISIC_0027617,1,NV,3311,HAM_0000363,8
ISIC_0027618,1,NV,3312,HAM_0006518,0
ISIC_0027619,1,NV,3313,HAM_0006286,5
ISIC_0027620,0,MEL,3314,HAM_0002534,7
ISIC_0027621,1,NV,3315,HAM_0003595,9
ISIC_0027622,0,MEL,3316,HAM_0006467,1
ISIC_0027623,1,NV,3317,HAM_0005907,5
ISIC_0027624,1,NV,3318,HAM_0006256,2
ISIC_0027625,1,NV,3319,HAM_0002922,6
ISIC_0027626,5,DF,3320,HAM_0004371,6
ISIC_0027627,1,NV,3321,HAM_0006244,2
ISIC_0027628,1,NV,3322,HAM_0004002,3
ISIC_0027629,2,BCC,3323,HAM_0002427,8
ISIC_0027630,1,NV,3324,HAM_0000108,5
ISIC_0027631,2,BCC,3325,HAM_0004440,4
ISIC_0027632,1,NV,3326,HAM_0005548,1
ISIC_0027633,1,NV,3327,HAM_0007291,0
ISIC_0027634,1,NV,3328,HAM_0005725,4
ISIC_0027635,1,NV,3329,HAM_0006394,1
ISIC_0027636,1,NV,3330,HAM_0001109,2
ISIC_0027637,1,NV,3331,HAM_0002614,4
ISIC_0027638,1,NV,3332,HAM_0004527,1
ISIC_0027639,1,NV,3333,HAM_0000204,2
ISIC_0027640,1,NV,3334,HAM_0003230,1
ISIC_0027641,1,NV,3335,HAM_0006084,0
ISIC_0027642,1,NV,3336,HAM_0007058,5
ISIC_0027643,1,NV,3337,HAM_0003215,7
ISIC_0027644,1,NV,3338,HAM_0001107,8
ISIC_0027645,1,NV,3339,HAM_0006605,6
ISIC_0027646,1,NV,3340,HAM_0000541,4
ISIC_0027647,1,NV,3341,HAM_0002132,0
ISIC_0027648,5,DF,3342,HAM_0004036,6
ISIC_0027649,4,BKL,3343,HAM_0006987,4
ISIC_0027650,3,AKIEC,3344,HAM_0002648,8
ISIC_0027651,0,MEL,3345,HAM_0005742,1
ISIC_0027652,4,BKL,3346,HAM_0004958,8
ISIC_0027653,1,NV,3347,HAM_0005890,0
ISIC_0027654,1,NV,3348,HAM_0002796,9
ISIC_0027655,1,NV,3349,HAM_0006436,0
ISIC_0027656,1,NV,3350,HAM_0002578,1
ISIC_0027657,1,NV,3351,HAM_0004070,7
ISIC_0027658,1,NV,3352,HAM_0000222,6
ISIC_0027659,0,MEL,3353,HAM_0005642,9
ISIC_0027660,1,NV,3354,HAM_0000171,9
ISIC_0027661,1,NV,3355,HAM_0002414,5
ISIC_0027662,1,NV,3356,HAM_0002314,9
ISIC_0027663,0,MEL,3357,HAM_0006355,5
ISIC_0027664,1,NV,3358,HAM_0000422,8
ISIC_0027665,6,VASC,3359,HAM_0001860,1
ISIC_0027666,1,NV,3360,HAM_0001856,1
ISIC_0027667,1,NV,3361,HAM_0000146,4
ISIC_0027668,3,AKIEC,3362,HAM_0001386,3
ISIC_0027669,0,MEL,3363,HAM_0002711,0
ISIC_0027670,1,NV,3364,HAM_0003016,8
ISIC_0027671,1,NV,3365,HAM_0000971,5
ISIC_0027672,6,VASC,3366,HAM_0007614,1
ISIC_0027673,0,MEL,3367,HAM_0002430,4
ISIC_0027674,1,NV,3368,HAM_0003378,5
ISIC_0027675,2,BCC,3369,HAM_0004621,1
ISIC_0027676,1,NV,3370,HAM_0004115,3
ISIC_0027677,2,BCC,3371,HAM_0005617,5
ISIC_0027678,3,AKIEC,3372,HAM_0003586,0
ISIC_0027679,1,NV,3373,HAM_0005937,7
ISIC_0027680,4,BKL,3374,HAM_0004677,2
ISIC_0027681,4,BKL,3375,HAM_0006531,8
ISIC_0027682,1,NV,3376,HAM_0002550,6
ISIC_0027683,1,NV,3377,HAM_0005738,8
ISIC_0027684,1,NV,3378,HAM_0003692,5
ISIC_0027685,1,NV,3379,HAM_0005120,8
ISIC_0027686,1,NV,3380,HAM_0002673,4
ISIC_0027687,1,NV,3381,HAM_0004467,8
ISIC_0027688,1,NV,3382,HAM_0001936,8
ISIC_0027689,1,NV,3383,HAM_0003819,0
ISIC_0027690,1,NV,3384,HAM_0004999,9
ISIC_0027691,1,NV,3385,HAM_0001482,4
ISIC_0027692,1,NV,3386,HAM_0003769,0
ISIC_0027693,0,MEL,3387,HAM_0004980,9
ISIC_0027694,1,NV,3388,HAM_0007405,7
ISIC_0027695,1,NV,3389,HAM_0005445,0
ISIC_0027696,1,NV,3390,HAM_0002155,1
ISIC_0027697,1,NV,3391,HAM_0002176,7
ISIC_0027698,1,NV,3392,HAM_0002645,0
ISIC_0027699,1,NV,3393,HAM_0005461,2
ISIC_0027700,3,AKIEC,3394,HAM_0001383,1
ISIC_0027701,1,NV,3395,HAM_0005653,6
ISIC_0027702,0,MEL,3396,HAM_0006004,5
ISIC_0027703,1,NV,3397,HAM_0001049,9
ISIC_0027704,2,BCC,3398,HAM_0001440,1
ISIC_0027705,1,NV,3399,HAM_0002618,6
ISIC_0027706,4,BKL,3400,HAM_0005596,0
ISIC_0027707,1,NV,3401,HAM_0005284,2
ISIC_0027708,3,AKIEC,3402,HAM_0005438,3
ISIC_0027709,1,NV,3403,HAM_0007312,9
ISIC_0027710,4,BKL,3404,HAM_0001062,6
ISIC_0027711,1,NV,3405,HAM_0005057,1
ISIC_0027712,1,NV,3406,HAM_0002784,4
ISIC_0027713,4,BKL,3407,HAM_0001562,7
ISIC_0027714,1,NV,3408,HAM_0005720,6
ISIC_0027715,1,NV,3409,HAM_0006126,9
ISIC_0027716,1,NV,3410,HAM_0004611,4
ISIC_0027717,1,NV,3411,HAM_0005647,2
ISIC_0027718,1,NV,3412,HAM_0004997,6
ISIC_0027719,3,AKIEC,3413,HAM_0007354,8
ISIC_0027720,1,NV,3414,HAM_0006412,4
ISIC_0027721,0,MEL,3415,HAM_0004364,1
ISIC_0027722,2,BCC,3416,HAM_0000987,6
ISIC_0027723,1,NV,3417,HAM_0003264,6
ISIC_0027724,1,NV,3418,HAM_0001154,1
ISIC_0027725,1,NV,3419,HAM_0005775,3
ISIC_0027726,1,NV,3420,HAM_0003342,5
ISIC_0027727,5,DF,3421,HAM_0004036,3
ISIC_0027728,1,NV,3422,HAM_0000644,1
ISIC_0027729,1,NV,3423,HAM_0006936,0
ISIC_0027730,1,NV,3424,HAM_0000010,9
ISIC_0027731,1,NV,3425,HAM_0000437,0
ISIC_0027732,1,NV,3426,HAM_0006132,9
ISIC_0027733,1,NV,3427,HAM_0006229,7
ISIC_0027734,1,NV,3428,HAM_0002670,0
ISIC_0027735,4,BKL,3429,HAM_0005896,1
ISIC_0027736,1,NV,3430,HAM_0006726,7
ISIC_0027737,4,BKL,3431,HAM_0002903,3
ISIC_0027738,1,NV,3432,HAM_0006389,1
ISIC_0027739,4,BKL,3433,HAM_0006325,6
ISIC_0027740,1,NV,3434,HAM_0003397,8
ISIC_0027741,1,NV,3435,HAM_0000419,5
ISIC_0027742,0,MEL,3436,HAM_0005203,7
ISIC_0027743,1,NV,3437,HAM_0004591,5
ISIC_0027744,2,BCC,3438,HAM_0005309,4
ISIC_0027745,5,DF,3439,HAM_0000902,5
ISIC_0027746,1,NV,3440,HAM_0003450,8
ISIC_0027747,4,BKL,3441,HAM_0005932,9
ISIC_0027748,1,NV,3442,HAM_0004228,0
ISIC_0027749,1,NV,3443,HAM_0000466,3
ISIC_0027750,1,NV,3444,HAM_0000461,9
ISIC_0027751,1,NV,3445,HAM_0000143,1
ISIC_0027752,1,NV,3446,HAM_0007241,2
ISIC_0027753,3,AKIEC,3447,HAM_0006481,0
ISIC_0027754,4,BKL,3448,HAM_0002535,3
ISIC_0027755,1,NV,3449,HAM_0002533,9
ISIC_0027756,1,NV,3450,HAM_0003305,6
ISIC_0027757,1,NV,3451,HAM_0007112,3
ISIC_0027758,1,NV,3452,HAM_0007145,7
ISIC_0027759,2,BCC,3453,HAM_0003198,8
ISIC_0027760,4,BKL,3454,HAM_0003766,6
ISIC_0027761,1,NV,3455,HAM_0000663,3
ISIC_0027762,1,NV,3456,HAM_0006345,3
ISIC_0027763,1,NV,3457,HAM_0000548,3
ISIC_0027764,1,NV,3458,HAM_0000183,9
ISIC_0027765,1,NV,3459,HAM_0005307,0
ISIC_0027766,1,NV,3460,HAM_0001609,5
ISIC_0027767,3,AKIEC,3461,HAM_0003934,3
ISIC_0027768,1,NV,3462,HAM_0005227,3
ISIC_0027769,0,MEL,3463,HAM_0000099,1
ISIC_0027770,4,BKL,3464,HAM_0004463,1
ISIC_0027771,4,BKL,3465,HAM_0000933,7
ISIC_0027772,1,NV,3466,HAM_0002207,5
ISIC_0027773,1,NV,3467,HAM_0007360,4
ISIC_0027774,2,BCC,3468,HAM_0004970,3
ISIC_0027775,1,NV,3469,HAM_0001754,6
ISIC_0027776,0,MEL,3470,HAM_0003622,6
ISIC_0027777,1,NV,3471,HAM_0000819,8
ISIC_0027778,1,NV,3472,HAM_0006682,9
ISIC_0027779,1,NV,3473,HAM_0001829,1
ISIC_0027780,4,BKL,3474,HAM_0007332,9
ISIC_0027781,4,BKL,3475,HAM_0005693,1
ISIC_0027782,1,NV,3476,HAM_0006043,0
ISIC_0027783,1,NV,3477,HAM_0001679,3
ISIC_0027784,1,NV,3478,HAM_0001723,2
ISIC_0027785,1,NV,3479,HAM_0006259,3
ISIC_0027786,2,BCC,3480,HAM_0002334,1
ISIC_0027787,1,NV,3481,HAM_0004220,3
ISIC_0027788,2,BCC,3482,HAM_0002812,4
ISIC_0027789,1,NV,3483,HAM_0003415,8
ISIC_0027790,6,VASC,3484,HAM_0004943,4
ISIC_0027791,1,NV,3485,HAM_0005544,2
ISIC_0027792,1,NV,3486,HAM_0003929,5
ISIC_0027793,0,MEL,3487,HAM_0006870,8
ISIC_0027794,1,NV,3488,HAM_0002072,5
ISIC_0027795,3,AKIEC,3489,HAM_0001526,7
ISIC_0027796,4,BKL,3490,HAM_0000745,0
ISIC_0027797,0,MEL,3491,HAM_0000910,7
ISIC_0027798,1,NV,3492,HAM_0007014,4
ISIC_0027799,1,NV,3493,HAM_0000654,2
ISIC_0027800,1,NV,3494,HAM_0001872,2
ISIC_0027801,4,BKL,3495,HAM_0003840,5
ISIC_0027802,3,AKIEC,3496,HAM_0006560,5
ISIC_0027803,1,NV,3497,HAM_0002288,9
ISIC_0027804,1,NV,3498,HAM_0005841,2
ISIC_0027805,1,NV,3499,HAM_0003962,7
ISIC_0027806,4,BKL,3500,HAM_0001273,8
ISIC_0027807,1,NV,3501,HAM_0005406,6
ISIC_0027808,1,NV,3502,HAM_0006668,9
ISIC_0027809,1,NV,3503,HAM_0003085,2
ISIC_0027810,1,NV,3504,HAM_0000047,9
ISIC_0027811,4,BKL,3505,HAM_0006346,4
ISIC_0027812,1,NV,3506,HAM_0004546,2
ISIC_0027813,1,NV,3507,HAM_0007153,5
ISIC_0027814,2,BCC,3508,HAM_0006631,2
ISIC_0027815,4,BKL,3509,HAM_0005388,6
ISIC_0027816,1,NV,3510,HAM_0005094,4
ISIC_0027817,1,NV,3511,HAM_0004401,8
ISIC_0027818,1,NV,3512,HAM_0006930,6
ISIC_0027819,2,BCC,3513,HAM_0004827,2
ISIC_0027820,4,BKL,3514,HAM_0001310,1
ISIC_0027821,1,NV,3515,HAM_0006126,7
ISIC_0027822,0,MEL,3516,HAM_0000059,4
ISIC_0027823,1,NV,3517,HAM_0005574,5
ISIC_0027824,1,NV,3518,HAM_0000343,4
ISIC_0027825,2,BCC,3519,HAM_0005268,7
ISIC_0027826,4,BKL,3520,HAM_0005278,2
ISIC_0027827,1,NV,3521,HAM_0006608,4
ISIC_0027828,4,BKL,3522,HAM_0002521,9
ISIC_0027829,3,AKIEC,3523,HAM_0004034,0
ISIC_0027830,1,NV,3524,HAM_0001516,2
ISIC_0027831,4,BKL,3525,HAM_0001678,3
ISIC_0027832,0,MEL,3526,HAM_0003509,9
ISIC_0027833,1,NV,3527,HAM_0003461,1
ISIC_0027834,1,NV,3528,HAM_0002138,2
ISIC_0027835,1,NV,3529,HAM_0007126,7
ISIC_0027836,1,NV,3530,HAM_0002994,3
ISIC_0027837,1,NV,3531,HAM_0002476,5
ISIC_0027838,0,MEL,3532,HAM_0007016,4
ISIC_0027839,1,NV,3533,HAM_0003230,5
ISIC_0027840,1,NV,3534,HAM_0002271,0
ISIC_0027841,1,NV,3535,HAM_0002932,2
ISIC_0027842,1,NV,3536,HAM_0000355,0
ISIC_0027843,1,NV,3537,HAM_0006671,4
ISIC_0027844,1,NV,3538,HAM_0004595,0
ISIC_0027845,1,NV,3539,HAM_0006167,5
ISIC_0027846,2,BCC,3540,HAM_0001183,8
ISIC_0027847,1,NV,3541,HAM_0000249,2
ISIC_0027848,1,NV,3542,HAM_0000930,9
ISIC_0027849,1,NV,3543,HAM_0006129,6
ISIC_0027850,4,BKL,3544,HAM_0001466,0
ISIC_0027851,2,BCC,3545,HAM_0001078,6
ISIC_0027852,1,NV,3546,HAM_0005060,9
ISIC_0027853,1,NV,3547,HAM_0004068,0
ISIC_0027854,1,NV,3548,HAM_0002105,6
ISIC_0027855,1,NV,3549,HAM_0000965,0
ISIC_0027856,6,VASC,3550,HAM_0007118,2
ISIC_0027857,1,NV,3551,HAM_0000714,5
ISIC_0027858,2,BCC,3552,HAM_0003094,0
ISIC_0027859,4,BKL,3553,HAM_0000001,0
ISIC_0027860,1,NV,3554,HAM_0004900,5
ISIC_0027861,1,NV,3555,HAM_0003343,9
ISIC_0027862,1,NV,3556,HAM_0007271,2
ISIC_0027863,0,MEL,3557,HAM_0000320,8
ISIC_0027864,1,NV,3558,HAM_0000944,0
ISIC_0027865,2,BCC,3559,HAM_0000393,6
ISIC_0027866,1,NV,3560,HAM_0004329,2
ISIC_0027867,1,NV,3561,HAM_0003430,2
ISIC_0027868,1,NV,3562,HAM_0003900,1
ISIC_0027869,1,NV,3563,HAM_0001411,0
ISIC_0027870,1,NV,3564,HAM_0005129,1
ISIC_0027871,1,NV,3565,HAM_0004310,3
ISIC_0027872,0,MEL,3566,HAM_0004784,8
ISIC_0027873,1,NV,3567,HAM_0006114,0
ISIC_0027874,1,NV,3568,HAM_0002684,5
ISIC_0027875,4,BKL,3569,HAM_0001429,0
ISIC_0027876,5,DF,3570,HAM_0004960,2
ISIC_0027877,1,NV,3571,HAM_0007580,8
ISIC_0027878,1,NV,3572,HAM_0007189,2
ISIC_0027879,1,NV,3573,HAM_0003863,9
ISIC_0027880,1,NV,3574,HAM_0005687,6
ISIC_0027881,1,NV,3575,HAM_0004473,2
ISIC_0027882,1,NV,3576,HAM_0001823,7
ISIC_0027883,1,NV,3577,HAM_0001737,2
ISIC_0027884,3,AKIEC,3578,HAM_0006024,6
ISIC_0027885,1,NV,3579,HAM_0002133,6
ISIC_0027886,1,NV,3580,HAM_0000003,8
ISIC_0027887,1,NV,3581,HAM_0004239,3
ISIC_0027888,6,VASC,3582,HAM_0004409,5
ISIC_0027889,1,NV,3583,HAM_0002490,4
ISIC_0027890,1,NV,3584,HAM_0006717,4
ISIC_0027891,1,NV,3585,HAM_0003417,2
ISIC_0027892,1,NV,3586,HAM_0004015,0
ISIC_0027893,4,BKL,3587,HAM_0000237,0
ISIC_0027894,1,NV,3588,HAM_0002236,2
ISIC_0027895,1,NV,3589,HAM_0001653,9
ISIC_0027896,3,AKIEC,3590,HAM_0003455,8
ISIC_0027897,1,NV,3591,HAM_0003164,9
ISIC_0027898,1,NV,3592,HAM_0007202,8
ISIC_0027899,1,NV,3593,HAM_0005644,8
ISIC_0027900,0,MEL,3594,HAM_0000563,0
ISIC_0027901,1,NV,3595,HAM_0004320,8
ISIC_0027902,1,NV,3596,HAM_0000342,6
ISIC_0027903,6,VASC,3597,HAM_0006156,5
ISIC_0027904,0,MEL,3598,HAM_0007522,0
ISIC_0027905,4,BKL,3599,HAM_0006770,7
ISIC_0027906,1,NV,3600,HAM_0000185,0
ISIC_0027907,1,NV,3601,HAM_0007606,8
ISIC_0027908,1,NV,3602,HAM_0001104,9
ISIC_0027909,1,NV,3603,HAM_0000139,6
ISIC_0027910,1,NV,3604,HAM_0001670,2
ISIC_0027911,1,NV,3605,HAM_0002942,4
ISIC_0027912,1,NV,3606,HAM_0002322,0
ISIC_0027913,1,NV,3607,HAM_0001564,6
ISIC_0027914,1,NV,3608,HAM_0001187,5
ISIC_0027915,2,BCC,3609,HAM_0000719,9
ISIC_0027916,4,BKL,3610,HAM_0005952,3
ISIC_0027917,1,NV,3611,HAM_0003117,6
ISIC_0027918,1,NV,3612,HAM_0005844,0
ISIC_0027919,1,NV,3613,HAM_0006523,6
ISIC_0027920,2,BCC,3614,HAM_0001390,2
ISIC_0027921,1,NV,3615,HAM_0003547,3
ISIC_0027922,1,NV,3616,HAM_0007178,6
ISIC_0027923,1,NV,3617,HAM_0003643,5
ISIC_0027924,1,NV,3618,HAM_0006283,3
ISIC_0027925,1,NV,3619,HAM_0002031,4
ISIC_0027926,1,NV,3620,HAM_0006360,1
ISIC_0027927,1,NV,3621,HAM_0006614,0
ISIC_0027928,1,NV,3622,HAM_0001077,6
ISIC_0027929,1,NV,3623,HAM_0003442,6
ISIC_0027930,3,AKIEC,3624,HAM_0004899,7
ISIC_0027931,1,NV,3625,HAM_0001220,5
ISIC_0027932,1,NV,3626,HAM_0005569,5
ISIC_0027933,1,NV,3627,HAM_0000070,6
ISIC_0027934,1,NV,3628,HAM_0001398,7
ISIC_0027935,1,NV,3629,HAM_0005219,6
ISIC_0027936,1,NV,3630,HAM_0000428,1
ISIC_0027937,6,VASC,3631,HAM_0006280,4
ISIC_0027938,1,NV,3632,HAM_0006885,0
ISIC_0027939,1,NV,3633,HAM_0002741,6
ISIC_0027940,1,NV,3634,HAM_0003436,0
ISIC_0027941,1,NV,3635,HAM_0002290,1
ISIC_0027942,1,NV,3636,HAM_0001041,5
ISIC_0027943,1,NV,3637,HAM_0004891,8
ISIC_0027944,1,NV,3638,HAM_0003414,8
ISIC_0027945,1,NV,3639,HAM_0003054,6
ISIC_0027946,1,NV,3640,HAM_0007226,0
ISIC_0027947,1,NV,3641,HAM_0004416,1
ISIC_0027948,1,NV,3642,HAM_0000159,1
ISIC_0027949,1,NV,3643,HAM_0002087,6
ISIC_0027950,3,AKIEC,3644,HAM_0000193,6
ISIC_0027951,1,NV,3645,HAM_0005080,9
ISIC_0027952,1,NV,3646,HAM_0003773,2
ISIC_0027953,4,BKL,3647,HAM_0006907,9
ISIC_0027954,4,BKL,3648,HAM_0002034,1
ISIC_0027955,1,NV,3649,HAM_0001099,5
ISIC_0027956,0,MEL,3650,HAM_0001791,6
ISIC_0027957,4,BKL,3651,HAM_0001665,3
ISIC_0027958,3,AKIEC,3652,HAM_0003455,8
ISIC_0027959,1,NV,3653,HAM_0007083,3
ISIC_0027960,4,BKL,3654,HAM_0003569,2
ISIC_0027961,1,NV,3655,HAM_0005365,8
ISIC_0027962,1,NV,3656,HAM_0003432,9
ISIC_0027963,1,NV,3657,HAM_0000891,3
ISIC_0027964,0,MEL,3658,HAM_0000125,9
ISIC_0027965,1,NV,3659,HAM_0003784,4
ISIC_0027966,2,BCC,3660,HAM_0005417,4
ISIC_0027967,4,BKL,3661,HAM_0002809,5
ISIC_0027968,1,NV,3662,HAM_0000223,7
ISIC_0027969,4,BKL,3663,HAM_0006170,8
ISIC_0027970,1,NV,3664,HAM_0006551,6
ISIC_0027971,1,NV,3665,HAM_0007082,3
ISIC_0027972,1,NV,3666,HAM_0000440,0
ISIC_0027973,4,BKL,3667,HAM_0002358,5
ISIC_0027974,1,NV,3668,HAM_0000750,7
ISIC_0027975,1,NV,3669,HAM_0002799,2
ISIC_0027976,2,BCC,3670,HAM_0004342,6
ISIC_0027977,1,NV,3671,HAM_0004512,5
ISIC_0027978,1,NV,3672,HAM_0006470,9
ISIC_0027979,1,NV,3673,HAM_0003272,7
ISIC_0027980,1,NV,3674,HAM_0004144,4
ISIC_0027981,1,NV,3675,HAM_0006648,3
ISIC_0027982,4,BKL,3676,HAM_0004423,8
ISIC_0027983,6,VASC,3677,HAM_0003839,5
ISIC_0027984,1,NV,3678,HAM_0007413,7
ISIC_0027985,1,NV,3679,HAM_0004357,3
ISIC_0027986,1,NV,3680,HAM_0003725,2
ISIC_0027987,1,NV,3681,HAM_0006457,0
ISIC_0027988,1,NV,3682,HAM_0007240,8
ISIC_0027989,4,BKL,3683,HAM_0000113,4
ISIC_0027990,4,BKL,3684,HAM_0001073,5
ISIC_0027991,4,BKL,3685,HAM_0002722,2
ISIC_0027992,1,NV,3686,HAM_0004451,4
ISIC_0027993,1,NV,3687,HAM_0004659,0
ISIC_0027994,1,NV,3688,HAM_0007525,3
ISIC_0027995,1,NV,3689,HAM_0001317,3
ISIC_0027996,4,BKL,3690,HAM_0003152,4
ISIC_0027997,1,NV,3691,HAM_0004008,7
ISIC_0027998,2,BCC,3692,HAM_0005947,9
ISIC_0027999,1,NV,3693,HAM_0002295,5
ISIC_0028000,1,NV,3694,HAM_0001496,5
ISIC_0028001,1,NV,3695,HAM_0005778,1
ISIC_0028002,1,NV,3696,HAM_0002168,1
ISIC_0028003,0,MEL,3697,HAM_0003484,5
ISIC_0028004,1,NV,3698,HAM_0004745,7
ISIC_0028005,1,NV,3699,HAM_0000117,0
ISIC_0028006,1,NV,3700,HAM_0004403,1
ISIC_0028007,1,NV,3701,HAM_0006969,6
ISIC_0028008,1,NV,3702,HAM_0005018,3
ISIC_0028009,1,NV,3703,HAM_0005479,3
ISIC_0028010,1,NV,3704,HAM_0002120,3
ISIC_0028011,1,NV,3705,HAM_0007489,2
ISIC_0028012,1,NV,3706,HAM_0002927,6
ISIC_0028013,1,NV,3707,HAM_0007363,9
ISIC_0028014,1,NV,3708,HAM_0005696,9
ISIC_0028015,1,NV,3709,HAM_0002575,5
ISIC_0028016,1,NV,3710,HAM_0005664,9
ISIC_0028017,0,MEL,3711,HAM_0000910,5
ISIC_0028018,1,NV,3712,HAM_0002468,5
ISIC_0028019,1,NV,3713,HAM_0005041,4
ISIC_0028020,4,BKL,3714,HAM_0003090,2
ISIC_0028021,1,NV,3715,HAM_0002239,9
ISIC_0028022,0,MEL,3716,HAM_0001202,8
ISIC_0028023,1,NV,3717,HAM_0002025,0
ISIC_0028024,1,NV,3718,HAM_0002360,3
ISIC_0028025,1,NV,3719,HAM_0005462,0
ISIC_0028026,0,MEL,3720,HAM_0007522,5
ISIC_0028027,1,NV,3721,HAM_0002254,3
ISIC_0028028,1,NV,3722,HAM_0004509,9
ISIC_0028029,0,MEL,3723,HAM_0007243,7
ISIC_0028030,1,NV,3724,HAM_0007358,3
ISIC_0028031,1,NV,3725,HAM_0005765,3
ISIC_0028032,1,NV,3726,HAM_0003058,1
ISIC_0028033,0,MEL,3727,HAM_0005789,7
ISIC_0028034,1,NV,3728,HAM_0005753,7
ISIC_0028035,2,BCC,3729,HAM_0002577,8
ISIC_0028036,1,NV,3730,HAM_0000084,2
ISIC_0028037,1,NV,3731,HAM_0001868,6
ISIC_0028038,1,NV,3732,HAM_0005114,9
ISIC_0028039,1,NV,3733,HAM_0000035,0
ISIC_0028040,1,NV,3734,HAM_0001463,3
ISIC_0028041,0,MEL,3735,HAM_0000796,7
ISIC_0028042,1,NV,3736,HAM_0003579,7
ISIC_0028043,4,BKL,3737,HAM_0000979,8
ISIC_0028044,1,NV,3738,HAM_0000867,6
ISIC_0028045,1,NV,3739,HAM_0003892,0
ISIC_0028046,1,NV,3740,HAM_0003719,2
ISIC_0028047,1,NV,3741,HAM_0002621,0
ISIC_0028048,1,NV,3742,HAM_0002631,9
ISIC_0028049,1,NV,3743,HAM_0004051,3
ISIC_0028050,2,BCC,3744,HAM_0003191,3
ISIC_0028051,0,MEL,3745,HAM_0006636,4
ISIC_0028052,4,BKL,3746,HAM_0000700,9
ISIC_0028053,1,NV,3747,HAM_0002237,0
ISIC_0028054,1,NV,3748,HAM_0004890,6
ISIC_0028055,1,NV,3749,HAM_0002697,4
ISIC_0028056,0,MEL,3750,HAM_0004979,1
ISIC_0028057,1,NV,3751,HAM_0001830,7
ISIC_0028058,1,NV,3752,HAM_0001005,2
ISIC_0028059,2,BCC,3753,HAM_0004273,4
ISIC_0028060,1,NV,3754,HAM_0005421,8
ISIC_0028061,1,NV,3755,HAM_0002059,8
ISIC_0028062,1,NV,3756,HAM_0004964,8
ISIC_0028063,3,AKIEC,3757,HAM_0006560,9
ISIC_0028064,1,NV,3758,HAM_0006392,8
ISIC_0028065,0,MEL,3759,HAM_0000136,3
ISIC_0028066,1,NV,3760,HAM_0005689,8
ISIC_0028067,1,NV,3761,HAM_0002768,4
ISIC_0028068,1,NV,3762,HAM_0002331,2
ISIC_0028069,0,MEL,3763,HAM_0001811,4
ISIC_0028070,1,NV,3764,HAM_0000989,5
ISIC_0028071,1,NV,3765,HAM_0000969,7
ISIC_0028072,1,NV,3766,HAM_0000081,3
ISIC_0028073,1,NV,3767,HAM_0006753,8
ISIC_0028074,1,NV,3768,HAM_0006440,5
ISIC_0028075,0,MEL,3769,HAM_0003504,0
ISIC_0028076,3,AKIEC,3770,HAM_0006434,0
ISIC_0028077,1,NV,3771,HAM_0002166,8
ISIC_0028078,1,NV,3772,HAM_0005637,9
ISIC_0028079,2,BCC,3773,HAM_0005947,7
ISIC_0028080,4,BKL,3774,HAM_0003007,4
ISIC_0028081,1,NV,3775,HAM_0000086,7
ISIC_0028082,0,MEL,3776,HAM_0006037,8
ISIC_0028083,1,NV,3777,HAM_0007496,2
ISIC_0028084,2,BCC,3778,HAM_0004940,2
ISIC_0028085,2,BCC,3779,HAM_0000065,8
ISIC_0028086,0,MEL,3780,HAM_0005678,1
ISIC_0028087,0,MEL,3781,HAM_0002981,0
ISIC_0028088,1,NV,3782,HAM_0001196,1
ISIC_0028089,1,NV,3783,HAM_0006059,2
ISIC_0028090,1,NV,3784,HAM_0005407,0
ISIC_0028091,1,NV,3785,HAM_0002025,7
ISIC_0028092,1,NV,3786,HAM_0006039,8
ISIC_0028093,1,NV,3787,HAM_0004073,3
ISIC_0028094,4,BKL,3788,HAM_0005404,2
ISIC_0028095,2,BCC,3789,HAM_0001926,0
ISIC_0028096,1,NV,3790,HAM_0002638,3
ISIC_0028097,1,NV,3791,HAM_0006928,6
ISIC_0028098,1,NV,3792,HAM_0002541,3
ISIC_0028099,1,NV,3793,HAM_0003706,1
ISIC_0028100,4,BKL,3794,HAM_0001510,7
ISIC_0028101,1,NV,3795,HAM_0001512,8
ISIC_0028102,1,NV,3796,HAM_0004793,3
ISIC_0028103,0,MEL,3797,HAM_0002338,0
ISIC_0028104,4,BKL,3798,HAM_0002424,9
ISIC_0028105,1,NV,3799,HAM_0005397,8
ISIC_0028106,2,BCC,3800,HAM_0007428,6
ISIC_0028107,2,BCC,3801,HAM_0003135,8
ISIC_0028108,1,NV,3802,HAM_0005037,1
ISIC_0028109,0,MEL,3803,HAM_0000814,4
ISIC_0028110,1,NV,3804,HAM_0002803,6
ISIC_0028111,1,NV,3805,HAM_0004952,8
ISIC_0028112,1,NV,3806,HAM_0004018,8
ISIC_0028113,2,BCC,3807,HAM_0003846,5
ISIC_0028114,0,MEL,3808,HAM_0002430,4
ISIC_0028115,1,NV,3809,HAM_0007168,5
ISIC_0028116,1,NV,3810,HAM_0006174,7
ISIC_0028117,1,NV,3811,HAM_0006116,5
ISIC_0028118,1,NV,3812,HAM_0007514,8
ISIC_0028119,1,NV,3813,HAM_0007564,4
ISIC_0028120,4,BKL,3814,HAM_0001055,8
ISIC_0028121,4,BKL,3815,HAM_0004389,5
ISIC_0028122,2,BCC,3816,HAM_0004621,0
ISIC_0028123,4,BKL,3817,HAM_0004556,3
ISIC_0028124,4,BKL,3818,HAM_0001294,3
ISIC_0028125,1,NV,3819,HAM_0003604,0
ISIC_0028126,0,MEL,3820,HAM_0004850,6
ISIC_0028127,0,MEL,3821,HAM_0005911,6
ISIC_0028128,1,NV,3822,HAM_0005102,3
ISIC_0028129,1,NV,3823,HAM_0005963,1
ISIC_0028130,1,NV,3824,HAM_0007263,8
ISIC_0028131,1,NV,3825,HAM_0003790,5
ISIC_0028132,3,AKIEC,3826,HAM_0005413,6
ISIC_0028133,1,NV,3827,HAM_0003087,8
ISIC_0028134,1,NV,3828,HAM_0004022,6
ISIC_0028135,1,NV,3829,HAM_0002944,3
ISIC_0028136,1,NV,3830,HAM_0003560,3
ISIC_0028137,1,NV,3831,HAM_0006416,9
ISIC_0028138,1,NV,3832,HAM_0004111,4
ISIC_0028139,1,NV,3833,HAM_0002429,7
ISIC_0028140,1,NV,3834,HAM_0002814,0
ISIC_0028141,1,NV,3835,HAM_0007014,7
ISIC_0028142,1,NV,3836,HAM_0001431,8
ISIC_0028143,1,NV,3837,HAM_0006373,5
ISIC_0028144,1,NV,3838,HAM_0006125,6
ISIC_0028145,1,NV,3839,HAM_0003175,9
ISIC_0028146,6,VASC,3840,HAM_0005471,7
ISIC_0028147,2,BCC,3841,HAM_0006053,8
ISIC_0028148,0,MEL,3842,HAM_0003176,3
ISIC_0028149,1,NV,3843,HAM_0004650,6
ISIC_0028150,1,NV,3844,HAM_0002451,5
ISIC_0028151,1,NV,3845,HAM_0000764,4
ISIC_0028152,1,NV,3846,HAM_0004825,9
ISIC_0028153,1,NV,3847,HAM_0004294,1
ISIC_0028154,1,NV,3848,HAM_0002856,1
ISIC_0028155,2,BCC,3849,HAM_0000781,9
ISIC_0028156,0,MEL,3850,HAM_0007498,4
ISIC_0028157,1,NV,3851,HAM_0004865,5
ISIC_0028158,3,AKIEC,3852,HAM_0002343,7
ISIC_0028159,1,NV,3853,HAM_0006146,8
ISIC_0028160,1,NV,3854,HAM_0006659,1
ISIC_0028161,1,NV,3855,HAM_0005150,0
ISIC_0028162,1,NV,3856,HAM_0000416,4
ISIC_0028163,6,VASC,3857,HAM_0006617,1
ISIC_0028164,1,NV,3858,HAM_0006443,3
ISIC_0028165,4,BKL,3859,HAM_0001878,6
ISIC_0028166,1,NV,3860,HAM_0005510,3
ISIC_0028167,1,NV,3861,HAM_0007456,4
ISIC_0028168,2,BCC,3862,HAM_0005371,2
ISIC_0028169,1,NV,3863,HAM_0002500,2
ISIC_0028170,1,NV,3864,HAM_0003040,1
ISIC_0028171,1,NV,3865,HAM_0005346,7
ISIC_0028172,1,NV,3866,HAM_0001731,5
ISIC_0028173,0,MEL,3867,HAM_0005927,0
ISIC_0028174,1,NV,3868,HAM_0005755,9
ISIC_0028175,1,NV,3869,HAM_0000958,6
ISIC_0028176,1,NV,3870,HAM_0002950,4
ISIC_0028177,1,NV,3871,HAM_0000031,3
ISIC_0028178,1,NV,3872,HAM_0006083,9
ISIC_0028179,1,NV,3873,HAM_0007049,0
ISIC_0028180,4,BKL,3874,HAM_0007500,4
ISIC_0028181,1,NV,3875,HAM_0006777,4
ISIC_0028182,1,NV,3876,HAM_0000426,5
ISIC_0028183,1,NV,3877,HAM_0003159,1
ISIC_0028184,1,NV,3878,HAM_0007152,6
ISIC_0028185,1,NV,3879,HAM_0005252,8
ISIC_0028186,1,NV,3880,HAM_0000634,2
ISIC_0028187,1,NV,3881,HAM_0006471,9
ISIC_0028188,6,VASC,3882,HAM_0004877,6
ISIC_0028189,1,NV,3883,HAM_0006849,2
ISIC_0028190,3,AKIEC,3884,HAM_0002734,5
ISIC_0028191,1,NV,3885,HAM_0001677,6
ISIC_0028192,1,NV,3886,HAM_0006656,5
ISIC_0028193,1,NV,3887,HAM_0007554,3
ISIC_0028194,1,NV,3888,HAM_0001100,3
ISIC_0028195,1,NV,3889,HAM_0006221,3
ISIC_0028196,1,NV,3890,HAM_0002702,3
ISIC_0028197,2,BCC,3891,HAM_0004711,2
ISIC_0028198,0,MEL,3892,HAM_0005064,8
ISIC_0028199,1,NV,3893,HAM_0005460,2
ISIC_0028200,4,BKL,3894,HAM_0005074,5
ISIC_0028201,4,BKL,3895,HAM_0005049,0
ISIC_0028202,1,NV,3896,HAM_0004942,3
ISIC_0028203,1,NV,3897,HAM_0007438,9
ISIC_0028204,1,NV,3898,HAM_0002401,6
ISIC_0028205,1,NV,3899,HAM_0000311,7
ISIC_0028206,1,NV,3900,HAM_0004052,3
ISIC_0028207,1,NV,3901,HAM_0000491,8
ISIC_0028208,1,NV,3902,HAM_0002398,7
ISIC_0028209,4,BKL,3903,HAM_0002096,2
ISIC_0028210,1,NV,3904,HAM_0003857,8
ISIC_0028211,0,MEL,3905,HAM_0001741,9
ISIC_0028212,1,NV,3906,HAM_0006266,4
ISIC_0028213,1,NV,3907,HAM_0000200,3
ISIC_0028214,1,NV,3908,HAM_0006187,2
ISIC_0028215,0,MEL,3909,HAM_0005557,3
ISIC_0028216,1,NV,3910,HAM_0007049,6
ISIC_0028217,1,NV,3911,HAM_0000763,5
ISIC_0028218,0,MEL,3912,HAM_0003256,7
ISIC_0028219,0,MEL,3913,HAM_0000233,1
ISIC_0028220,0,MEL,3914,HAM_0004559,1
ISIC_0028221,1,NV,3915,HAM_0003930,3
ISIC_0028222,1,NV,3916,HAM_0001968,7
ISIC_0028223,4,BKL,3917,HAM_0006595,2
ISIC_0028224,3,AKIEC,3918,HAM_0001625,5
ISIC_0028225,0,MEL,3919,HAM_0001349,7
ISIC_0028226,1,NV,3920,HAM_0003263,4
ISIC_0028227,0,MEL,3921,HAM_0006877,5
ISIC_0028228,0,MEL,3922,HAM_0003608,5
ISIC_0028229,4,BKL,3923,HAM_0004158,5
ISIC_0028230,1,NV,3924,HAM_0004519,6
ISIC_0028231,3,AKIEC,3925,HAM_0003688,6
ISIC_0028232,3,AKIEC,3926,HAM_0003123,7
ISIC_0028233,4,BKL,3927,HAM_0002392,5
ISIC_0028234,1,NV,3928,HAM_0003618,4
ISIC_0028235,1,NV,3929,HAM_0002231,8
ISIC_0028236,4,BKL,3930,HAM_0002731,8
ISIC_0028237,4,BKL,3931,HAM_0006327,2
ISIC_0028238,2,BCC,3932,HAM_0005776,3
ISIC_0028239,1,NV,3933,HAM_0002530,3
ISIC_0028240,1,NV,3934,HAM_0001635,5
ISIC_0028241,1,NV,3935,HAM_0007565,2
ISIC_0028242,1,NV,3936,HAM_0000768,6
ISIC_0028243,1,NV,3937,HAM_0002556,8
ISIC_0028244,1,NV,3938,HAM_0001533,0
ISIC_0028245,1,NV,3939,HAM_0006067,1
ISIC_0028246,1,NV,3940,HAM_0005538,4
ISIC_0028247,1,NV,3941,HAM_0003155,5
ISIC_0028248,1,NV,3942,HAM_0002245,0
ISIC_0028249,1,NV,3943,HAM_0002118,4
ISIC_0028250,1,NV,3944,HAM_0004727,1
ISIC_0028251,1,NV,3945,HAM_0002884,6
ISIC_0028252,1,NV,3946,HAM_0001259,5
ISIC_0028253,1,NV,3947,HAM_0007406,5
ISIC_0028254,4,BKL,3948,HAM_0005935,2
ISIC_0028255,1,NV,3949,HAM_0004699,3
ISIC_0028256,1,NV,3950,HAM_0004218,2
ISIC_0028257,1,NV,3951,HAM_0005969,9
ISIC_0028258,4,BKL,3952,HAM_0002757,5
ISIC_0028259,1,NV,3953,HAM_0001348,9
ISIC_0028260,1,NV,3954,HAM_0005139,3
ISIC_0028261,1,NV,3955,HAM_0005429,5
ISIC_0028262,1,NV,3956,HAM_0004959,9
ISIC_0028263,1,NV,3957,HAM_0000291,6
ISIC_0028264,4,BKL,3958,HAM_0003187,5
ISIC_0028265,1,NV,3959,HAM_0001027,6
ISIC_0028266,1,NV,3960,HAM_0003882,6
ISIC_0028267,1,NV,3961,HAM_0006195,8
ISIC_0028268,1,NV,3962,HAM_0004875,4
ISIC_0028269,1,NV,3963,HAM_0001282,4
ISIC_0028270,1,NV,3964,HAM_0004710,0
ISIC_0028271,1,NV,3965,HAM_0000025,0
ISIC_0028272,1,NV,3966,HAM_0001306,2
ISIC_0028273,1,NV,3967,HAM_0000242,3
ISIC_0028274,1,NV,3968,HAM_0007597,9
ISIC_0028275,1,NV,3969,HAM_0000991,5
ISIC_0028276,1,NV,3970,HAM_0001126,9
ISIC_0028277,1,NV,3971,HAM_0005168,8
ISIC_0028278,1,NV,3972,HAM_0002191,6
ISIC_0028279,1,NV,3973,HAM_0001843,9
ISIC_0028280,1,NV,3974,HAM_0001002,3
ISIC_0028281,1,NV,3975,HAM_0006300,1
ISIC_0028282,1,NV,3976,HAM_0002624,8
ISIC_0028283,2,BCC,3977,HAM_0000655,0
ISIC_0028284,1,NV,3978,HAM_0006768,2
ISIC_0028285,0,MEL,3979,HAM_0004767,2
ISIC_0028286,1,NV,3980,HAM_0005470,8
ISIC_0028287,1,NV,3981,HAM_0006934,2
ISIC_0028288,0,MEL,3982,HAM_0004709,3
ISIC_0028289,1,NV,3983,HAM_0002748,5
ISIC_0028290,1,NV,3984,HAM_0000348,7
ISIC_0028291,0,MEL,3985,HAM_0006253,7
ISIC_0028292,1,NV,3986,HAM_0006686,5
ISIC_0028293,1,NV,3987,HAM_0000476,9
ISIC_0028294,4,BKL,3988,HAM_0002042,4
ISIC_0028295,1,NV,3989,HAM_0007186,2
ISIC_0028296,1,NV,3990,HAM_0006365,9
ISIC_0028297,1,NV,3991,HAM_0001630,5
ISIC_0028298,1,NV,3992,HAM_0004140,4
ISIC_0028299,1,NV,3993,HAM_0001540,4
ISIC_0028300,1,NV,3994,HAM_0004092,1
ISIC_0028301,1,NV,3995,HAM_0005069,5
ISIC_0028302,1,NV,3996,HAM_0007302,1
ISIC_0028303,2,BCC,3997,HAM_0005030,9
ISIC_0028304,1,NV,3998,HAM_0003005,0
ISIC_0028305,1,NV,3999,HAM_0001318,9
ISIC_0028306,0,MEL,4000,HAM_0007238,0
ISIC_0028307,1,NV,4001,HAM_0000689,6
ISIC_0028308,4,BKL,4002,HAM_0003752,4
ISIC_0028309,4,BKL,4003,HAM_0006770,2
ISIC_0028310,1,NV,4004,HAM_0000693,2
ISIC_0028311,1,NV,4005,HAM_0000600,4
ISIC_0028312,1,NV,4006,HAM_0002315,1
ISIC_0028313,1,NV,4007,HAM_0004166,5
ISIC_0028314,3,AKIEC,4008,HAM_0006434,6
ISIC_0028315,1,NV,4009,HAM_0002516,8
ISIC_0028316,2,BCC,4010,HAM_0001296,6
ISIC_0028317,0,MEL,4011,HAM_0005752,8
ISIC_0028318,1,NV,4012,HAM_0001886,2
ISIC_0028319,1,NV,4013,HAM_0001464,2
ISIC_0028320,1,NV,4014,HAM_0005577,8
ISIC_0028321,1,NV,4015,HAM_0001032,4
ISIC_0028322,1,NV,4016,HAM_0003493,2
ISIC_0028323,2,BCC,4017,HAM_0001900,5
ISIC_0028324,1,NV,4018,HAM_0006710,8
ISIC_0028325,0,MEL,4019,HAM_0001729,6
ISIC_0028326,0,MEL,4020,HAM_0002471,7
ISIC_0028327,1,NV,4021,HAM_0000449,5
ISIC_0028328,1,NV,4022,HAM_0001304,1
ISIC_0028329,2,BCC,4023,HAM_0004624,9
ISIC_0028330,1,NV,4024,HAM_0001184,3
ISIC_0028331,4,BKL,4025,HAM_0002962,1
ISIC_0028332,1,NV,4026,HAM_0006197,3
ISIC_0028333,1,NV,4027,HAM_0002259,2
ISIC_0028334,1,NV,4028,HAM_0002826,0
ISIC_0028335,3,AKIEC,4029,HAM_0001219,6
ISIC_0028336,4,BKL,4030,HAM_0007260,6
ISIC_0028337,1,NV,4031,HAM_0000546,5
ISIC_0028338,1,NV,4032,HAM_0004742,4
ISIC_0028339,1,NV,4033,HAM_0000472,6
ISIC_0028340,1,NV,4034,HAM_0000908,1
ISIC_0028341,1,NV,4035,HAM_0006804,4
ISIC_0028342,1,NV,4036,HAM_0006008,2
ISIC_0028343,4,BKL,4037,HAM_0004343,7
ISIC_0028344,1,NV,4038,HAM_0003423,5
ISIC_0028345,1,NV,4039,HAM_0007298,0
ISIC_0028346,5,DF,4040,HAM_0005861,2
ISIC_0028347,4,BKL,4041,HAM_0001991,6
ISIC_0028348,1,NV,4042,HAM_0006319,3
ISIC_0028349,1,NV,4043,HAM_0003841,9
ISIC_0028350,2,BCC,4044,HAM_0003827,7
ISIC_0028351,1,NV,4045,HAM_0002485,5
ISIC_0028352,0,MEL,4046,HAM_0006423,1
ISIC_0028353,1,NV,4047,HAM_0000326,5
ISIC_0028354,4,BKL,4048,HAM_0000122,8
ISIC_0028355,1,NV,4049,HAM_0005666,7
ISIC_0028356,1,NV,4050,HAM_0000175,8
ISIC_0028357,1,NV,4051,HAM_0004283,7
ISIC_0028358,1,NV,4052,HAM_0001318,2
ISIC_0028359,1,NV,4053,HAM_0001842,7
ISIC_0028360,1,NV,4054,HAM_0002300,6
ISIC_0028361,0,MEL,4055,HAM_0001747,6
ISIC_0028362,1,NV,4056,HAM_0001507,1
ISIC_0028363,1,NV,4057,HAM_0001481,5
ISIC_0028364,1,NV,4058,HAM_0000777,4
ISIC_0028365,1,NV,4059,HAM_0007209,4
ISIC_0028366,1,NV,4060,HAM_0002435,0
ISIC_0028367,1,NV,4061,HAM_0003912,4
ISIC_0028368,1,NV,4062,HAM_0002409,1
ISIC_0028369,1,NV,4063,HAM_0002175,7
ISIC_0028370,3,AKIEC,4064,HAM_0005668,2
ISIC_0028371,1,NV,4065,HAM_0007464,5
ISIC_0028372,3,AKIEC,4066,HAM_0006482,7
ISIC_0028373,1,NV,4067,HAM_0002715,7
ISIC_0028374,1,NV,4068,HAM_0005398,8
ISIC_0028375,1,NV,4069,HAM_0006997,7
ISIC_0028376,4,BKL,4070,HAM_0004630,9
ISIC_0028377,1,NV,4071,HAM_0007408,1
ISIC_0028378,1,NV,4072,HAM_0001001,4
ISIC_0028379,1,NV,4073,HAM_0003333,3
ISIC_0028380,1,NV,4074,HAM_0003965,8
ISIC_0028381,3,AKIEC,4075,HAM_0004522,9
ISIC_0028382,1,NV,4076,HAM_0002522,8
ISIC_0028383,1,NV,4077,HAM_0005556,9
ISIC_0028384,1,NV,4078,HAM_0005817,1
ISIC_0028385,1,NV,4079,HAM_0006359,3
ISIC_0028386,4,BKL,4080,HAM_0005751,6
ISIC_0028387,1,NV,4081,HAM_0004470,0
ISIC_0028388,4,BKL,4082,HAM_0005672,9
ISIC_0028389,4,BKL,4083,HAM_0005335,9
ISIC_0028390,1,NV,4084,HAM_0000188,0
ISIC_0028391,1,NV,4085,HAM_0005528,7
ISIC_0028392,1,NV,4086,HAM_0002634,0
ISIC_0028393,3,AKIEC,4087,HAM_0005579,1
ISIC_0028394,1,NV,4088,HAM_0004684,6
ISIC_0028395,1,NV,4089,HAM_0006001,5
ISIC_0028396,1,NV,4090,HAM_0005977,3
ISIC_0028397,1,NV,4091,HAM_0006183,3
ISIC_0028398,1,NV,4092,HAM_0003399,0
ISIC_0028399,1,NV,4093,HAM_0007122,9
ISIC_0028400,1,NV,4094,HAM_0006118,1
ISIC_0028401,1,NV,4095,HAM_0005342,2
ISIC_0028402,1,NV,4096,HAM_0006957,6
ISIC_0028403,1,NV,4097,HAM_0003309,1
ISIC_0028404,4,BKL,4098,HAM_0000881,7
ISIC_0028405,1,NV,4099,HAM_0002816,7
ISIC_0028406,6,VASC,4100,HAM_0005215,1
ISIC_0028407,1,NV,4101,HAM_0001345,8
ISIC_0028408,1,NV,4102,HAM_0006506,6
ISIC_0028409,1,NV,4103,HAM_0005133,5
ISIC_0028410,0,MEL,4104,HAM_0007558,5
ISIC_0028411,4,BKL,4105,HAM_0005463,9
ISIC_0028412,0,MEL,4106,HAM_0007310,8
ISIC_0028413,1,NV,4107,HAM_0005360,4
ISIC_0028414,4,BKL,4108,HAM_0001733,8
ISIC_0028415,0,MEL,4109,HAM_0000796,5
ISIC_0028416,1,NV,4110,HAM_0003332,4
ISIC_0028417,1,NV,4111,HAM_0000061,8
ISIC_0028418,0,MEL,4112,HAM_0007114,3
ISIC_0028419,2,BCC,4113,HAM_0003941,4
ISIC_0028420,1,NV,4114,HAM_0005079,2
ISIC_0028421,1,NV,4115,HAM_0000085,8
ISIC_0028422,1,NV,4116,HAM_0002820,2
ISIC_0028423,1,NV,4117,HAM_0006439,0
ISIC_0028424,1,NV,4118,HAM_0000703,6
ISIC_0028425,1,NV,4119,HAM_0003867,2
ISIC_0028426,1,NV,4120,HAM_0003541,2
ISIC_0028427,1,NV,4121,HAM_0002931,4
ISIC_0028428,1,NV,4122,HAM_0001338,3
ISIC_0028429,1,NV,4123,HAM_0000279,6
ISIC_0028430,1,NV,4124,HAM_0004267,4
ISIC_0028431,6,VASC,4125,HAM_0004653,9
ISIC_0028432,1,NV,4126,HAM_0004778,9
ISIC_0028433,1,NV,4127,HAM_0004990,8
ISIC_0028434,1,NV,4128,HAM_0000712,9
ISIC_0028435,1,NV,4129,HAM_0001324,2
ISIC_0028436,1,NV,4130,HAM_0005127,5
ISIC_0028437,1,NV,4131,HAM_0002990,9
ISIC_0028438,1,NV,4132,HAM_0003384,7
ISIC_0028439,1,NV,4133,HAM_0000684,3
ISIC_0028440,1,NV,4134,HAM_0001461,5
ISIC_0028441,1,NV,4135,HAM_0000603,0
ISIC_0028442,0,MEL,4136,HAM_0001328,2
ISIC_0028443,1,NV,4137,HAM_0004601,3
ISIC_0028444,1,NV,4138,HAM_0007411,0
ISIC_0028445,0,MEL,4139,HAM_0000492,3
ISIC_0028446,1,NV,4140,HAM_0006498,0
ISIC_0028447,1,NV,4141,HAM_0005745,4
ISIC_0028448,4,BKL,4142,HAM_0001167,9
ISIC_0028449,4,BKL,4143,HAM_0004556,0
ISIC_0028450,1,NV,4144,HAM_0004839,8
ISIC_0028451,4,BKL,4145,HAM_0004338,8
ISIC_0028452,1,NV,4146,HAM_0001191,5
ISIC_0028453,1,NV,4147,HAM_0002856,5
ISIC_0028454,1,NV,4148,HAM_0002216,2
ISIC_0028455,1,NV,4149,HAM_0004270,5
ISIC_0028456,1,NV,4150,HAM_0001742,5
ISIC_0028457,2,BCC,4151,HAM_0007446,5
ISIC_0028458,1,NV,4152,HAM_0006680,2
ISIC_0028459,1,NV,4153,HAM_0006109,1
ISIC_0028460,0,MEL,4154,HAM_0002099,7
ISIC_0028461,1,NV,4155,HAM_0000072,0
ISIC_0028462,1,NV,4156,HAM_0004702,8
ISIC_0028463,0,MEL,4157,HAM_0002186,4
ISIC_0028464,1,NV,4158,HAM_0004600,2
ISIC_0028465,0,MEL,4159,HAM_0002491,5
ISIC_0028466,1,NV,4160,HAM_0006261,7
ISIC_0028467,0,MEL,4161,HAM_0004676,2
ISIC_0028468,1,NV,4162,HAM_0000961,9
ISIC_0028469,1,NV,4163,HAM_0002145,4
ISIC_0028470,1,NV,4164,HAM_0000811,6
ISIC_0028471,1,NV,4165,HAM_0004085,8
ISIC_0028472,1,NV,4166,HAM_0005769,1
ISIC_0028473,4,BKL,4167,HAM_0004889,3
ISIC_0028474,1,NV,4168,HAM_0004682,2
ISIC_0028475,1,NV,4169,HAM_0006897,0
ISIC_0028476,1,NV,4170,HAM_0007264,3
ISIC_0028477,1,NV,4171,HAM_0005531,3
ISIC_0028478,1,NV,4172,HAM_0002154,6
ISIC_0028479,4,BKL,4173,HAM_0002821,0
ISIC_0028480,1,NV,4174,HAM_0003548,9
ISIC_0028481,0,MEL,4175,HAM_0000396,2
ISIC_0028482,1,NV,4176,HAM_0004169,4
ISIC_0028483,1,NV,4177,HAM_0003709,1
ISIC_0028484,1,NV,4178,HAM_0006258,4
ISIC_0028485,1,NV,4179,HAM_0005567,7
ISIC_0028486,2,BCC,4180,HAM_0005981,5
ISIC_0028487,1,NV,4181,HAM_0003891,5
ISIC_0028488,1,NV,4182,HAM_0001975,7
ISIC_0028489,0,MEL,4183,HAM_0005785,2
ISIC_0028490,4,BKL,4184,HAM_0001642,6
ISIC_0028491,1,NV,4185,HAM_0004758,4
ISIC_0028492,1,NV,4186,HAM_0004323,4
ISIC_0028493,0,MEL,4187,HAM_0003534,2
ISIC_0028494,1,NV,4188,HAM_0005110,5
ISIC_0028495,2,BCC,4189,HAM_0000195,7
ISIC_0028496,4,BKL,4190,HAM_0003830,7
ISIC_0028497,4,BKL,4191,HAM_0006533,3
ISIC_0028498,1,NV,4192,HAM_0000000,0
ISIC_0028499,3,AKIEC,4193,HAM_0004976,4
ISIC_0028500,1,NV,4194,HAM_0006326,6
ISIC_0028501,1,NV,4195,HAM_0000142,9
ISIC_0028502,1,NV,4196,HAM_0001940,4
ISIC_0028503,4,BKL,4197,HAM_0003726,1
ISIC_0028504,1,NV,4198,HAM_0006910,5
ISIC_0028505,0,MEL,4199,HAM_0005084,9
ISIC_0028506,1,NV,4200,HAM_0006838,9
ISIC_0028507,1,NV,4201,HAM_0003340,3
ISIC_0028508,0,MEL,4202,HAM_0001607,8
ISIC_0028509,1,NV,4203,HAM_0007249,8
ISIC_0028510,1,NV,4204,HAM_0002835,9
ISIC_0028511,4,BKL,4205,HAM_0004889,8
ISIC_0028512,0,MEL,4206,HAM_0003350,6
ISIC_0028513,1,NV,4207,HAM_0000070,0
ISIC_0028514,1,NV,4208,HAM_0002311,0
ISIC_0028515,1,NV,4209,HAM_0006463,1
ISIC_0028516,1,NV,4210,HAM_0005113,2
ISIC_0028517,3,AKIEC,4211,HAM_0006220,3
ISIC_0028518,1,NV,4212,HAM_0002919,1
ISIC_0028519,0,MEL,4213,HAM_0003212,4
ISIC_0028520,0,MEL,4214,HAM_0001793,4
ISIC_0028521,1,NV,4215,HAM_0002446,7
ISIC_0028522,1,NV,4216,HAM_0004906,3
ISIC_0028523,1,NV,4217,HAM_0001523,2
ISIC_0028524,1,NV,4218,HAM_0003387,8
ISIC_0028525,4,BKL,4219,HAM_0005722,6
ISIC_0028526,1,NV,4220,HAM_0004028,2
ISIC_0028527,1,NV,4221,HAM_0006484,5
ISIC_0028528,1,NV,4222,HAM_0000324,7
ISIC_0028529,1,NV,4223,HAM_0002171,0
ISIC_0028530,1,NV,4224,HAM_0006425,3
ISIC_0028531,1,NV,4225,HAM_0001498,1
ISIC_0028532,1,NV,4226,HAM_0002041,7
ISIC_0028533,1,NV,4227,HAM_0001404,2
ISIC_0028534,1,NV,4228,HAM_0003653,8
ISIC_0028535,1,NV,4229,HAM_0005493,4
ISIC_0028536,1,NV,4230,HAM_0003903,8
ISIC_0028537,0,MEL,4231,HAM_0000856,9
ISIC_0028538,1,NV,4232,HAM_0007276,0
ISIC_0028539,1,NV,4233,HAM_0002215,3
ISIC_0028540,1,NV,4234,HAM_0002023,9
ISIC_0028541,1,NV,4235,HAM_0004096,5
ISIC_0028542,2,BCC,4236,HAM_0001573,0
ISIC_0028543,0,MEL,4237,HAM_0004669,7
ISIC_0028544,1,NV,4238,HAM_0003044,8
ISIC_0028545,1,NV,4239,HAM_0004068,8
ISIC_0028546,1,NV,4240,HAM_0007512,9
ISIC_0028547,1,NV,4241,HAM_0005699,3
ISIC_0028548,0,MEL,4242,HAM_0000133,8
ISIC_0028549,1,NV,4243,HAM_0004752,4
ISIC_0028550,4,BKL,4244,HAM_0000259,3
ISIC_0028551,1,NV,4245,HAM_0000667,9
ISIC_0028552,1,NV,4246,HAM_0000240,3
ISIC_0028553,1,NV,4247,HAM_0003075,3
ISIC_0028554,1,NV,4248,HAM_0000942,7
ISIC_0028555,4,BKL,4249,HAM_0002301,7
ISIC_0028556,2,BCC,4250,HAM_0002421,0
ISIC_0028557,1,NV,4251,HAM_0005395,1
ISIC_0028558,3,AKIEC,4252,HAM_0002646,8
ISIC_0028559,1,NV,4253,HAM_0000913,0
ISIC_0028560,4,BKL,4254,HAM_0003847,3
ISIC_0028561,1,NV,4255,HAM_0005517,8
ISIC_0028562,1,NV,4256,HAM_0003619,6
ISIC_0028563,1,NV,4257,HAM_0002126,5
ISIC_0028564,1,NV,4258,HAM_0003204,7
ISIC_0028565,0,MEL,4259,HAM_0005624,6
ISIC_0028566,1,NV,4260,HAM_0004417,9
ISIC_0028567,0,MEL,4261,HAM_0001814,8
ISIC_0028568,2,BCC,4262,HAM_0001434,9
ISIC_0028569,1,NV,4263,HAM_0005709,1
ISIC_0028570,2,BCC,4264,HAM_0002818,9
ISIC_0028571,1,NV,4265,HAM_0006273,5
ISIC_0028572,1,NV,4266,HAM_0006013,2
ISIC_0028573,1,NV,4267,HAM_0003675,4
ISIC_0028574,1,NV,4268,HAM_0004686,7
ISIC_0028575,1,NV,4269,HAM_0003528,6
ISIC_0028576,1,NV,4270,HAM_0001684,3
ISIC_0028577,2,BCC,4271,HAM_0007139,5
ISIC_0028578,1,NV,4272,HAM_0003874,7
ISIC_0028579,0,MEL,4273,HAM_0001811,4
ISIC_0028580,1,NV,4274,HAM_0006881,9
ISIC_0028581,1,NV,4275,HAM_0003758,9
ISIC_0028582,0,MEL,4276,HAM_0004302,6
ISIC_0028583,2,BCC,4277,HAM_0004880,5
ISIC_0028584,0,MEL,4278,HAM_0001819,0
ISIC_0028585,1,NV,4279,HAM_0002554,3
ISIC_0028586,1,NV,4280,HAM_0000690,4
ISIC_0028587,4,BKL,4281,HAM_0001735,6
ISIC_0028588,1,NV,4282,HAM_0000850,5
ISIC_0028589,1,NV,4283,HAM_0002480,2
ISIC_0028590,1,NV,4284,HAM_0000295,6
ISIC_0028591,1,NV,4285,HAM_0000468,6
ISIC_0028592,1,NV,4286,HAM_0001702,3
ISIC_0028593,4,BKL,4287,HAM_0003120,8
ISIC_0028594,1,NV,4288,HAM_0006228,4
ISIC_0028595,1,NV,4289,HAM_0003237,7
ISIC_0028596,1,NV,4290,HAM_0003322,0
ISIC_0028597,1,NV,4291,HAM_0000652,1
ISIC_0028598,1,NV,4292,HAM_0006633,9
ISIC_0028599,1,NV,4293,HAM_0001319,2
ISIC_0028600,1,NV,4294,HAM_0007268,2
ISIC_0028601,1,NV,4295,HAM_0001116,6
ISIC_0028602,1,NV,4296,HAM_0000778,5
ISIC_0028603,1,NV,4297,HAM_0007559,1
ISIC_0028604,1,NV,4298,HAM_0006449,6
ISIC_0028605,1,NV,4299,HAM_0000076,3
ISIC_0028606,1,NV,4300,HAM_0004044,4
ISIC_0028607,4,BKL,4301,HAM_0000114,2
ISIC_0028608,1,NV,4302,HAM_0003434,2
ISIC_0028609,1,NV,4303,HAM_0007608,1
ISIC_0028610,1,NV,4304,HAM_0000291,6
ISIC_0028611,4,BKL,4305,HAM_0004695,8
ISIC_0028612,1,NV,4306,HAM_0002403,6
ISIC_0028613,1,NV,4307,HAM_0004080,8
ISIC_0028614,1,NV,4308,HAM_0006966,7
ISIC_0028615,4,BKL,4309,HAM_0007590,4
ISIC_0028616,1,NV,4310,HAM_0002846,0
ISIC_0028617,1,NV,4311,HAM_0006487,9
ISIC_0028618,1,NV,4312,HAM_0001633,9
ISIC_0028619,3,AKIEC,4313,HAM_0001565,5
ISIC_0028620,1,NV,4314,HAM_0000939,8
ISIC_0028621,1,NV,4315,HAM_0000391,2
ISIC_0028622,4,BKL,4316,HAM_0000083,6
ISIC_0028623,4,BKL,4317,HAM_0001781,6
ISIC_0028624,1,NV,4318,HAM_0003750,8
ISIC_0028625,1,NV,4319,HAM_0006790,5
ISIC_0028626,1,NV,4320,HAM_0006209,2
ISIC_0028627,1,NV,4321,HAM_0000980,8
ISIC_0028628,4,BKL,4322,HAM_0001359,0
ISIC_0028629,1,NV,4323,HAM_0001003,9
ISIC_0028630,1,NV,4324,HAM_0003488,4
ISIC_0028631,1,NV,4325,HAM_0000338,9
ISIC_0028632,1,NV,4326,HAM_0005960,5
ISIC_0028633,1,NV,4327,HAM_0001563,5
ISIC_0028634,1,NV,4328,HAM_0000481,3
ISIC_0028635,1,NV,4329,HAM_0002416,1
ISIC_0028636,1,NV,4330,HAM_0002097,3
ISIC_0028637,1,NV,4331,HAM_0007046,5
ISIC_0028638,1,NV,4332,HAM_0001320,6
ISIC_0028639,1,NV,4333,HAM_0006340,8
ISIC_0028640,4,BKL,4334,HAM_0005913,7
ISIC_0028641,1,NV,4335,HAM_0004805,7
ISIC_0028642,0,MEL,4336,HAM_0004720,4
ISIC_0028643,1,NV,4337,HAM_0005537,6
ISIC_0028644,3,AKIEC,4338,HAM_0001176,9
ISIC_0028645,1,NV,4339,HAM_0000275,8
ISIC_0028646,4,BKL,4340,HAM_0005077,8
ISIC_0028647,1,NV,4341,HAM_0005849,5
ISIC_0028648,1,NV,4342,HAM_0005670,6
ISIC_0028649,1,NV,4343,HAM_0003754,2
ISIC_0028650,4,BKL,4344,HAM_0002358,9
ISIC_0028651,5,DF,4345,HAM_0004496,2
ISIC_0028652,2,BCC,4346,HAM_0001575,6
ISIC_0028653,2,BCC,4347,HAM_0005837,0
ISIC_0028654,1,NV,4348,HAM_0002179,6
ISIC_0028655,0,MEL,4349,HAM_0007102,8
ISIC_0028656,4,BKL,4350,HAM_0002548,0
ISIC_0028657,1,NV,4351,HAM_0006597,1
ISIC_0028658,1,NV,4352,HAM_0004703,0
ISIC_0028659,3,AKIEC,4353,HAM_0002070,1
ISIC_0028660,1,NV,4354,HAM_0003674,3
ISIC_0028661,1,NV,4355,HAM_0006776,7
ISIC_0028662,4,BKL,4356,HAM_0002042,2
ISIC_0028663,1,NV,4357,HAM_0000635,5
ISIC_0028664,1,NV,4358,HAM_0002695,9
ISIC_0028665,1,NV,4359,HAM_0005193,8
ISIC_0028666,0,MEL,4360,HAM_0004622,5
ISIC_0028667,1,NV,4361,HAM_0003806,0
ISIC_0028668,1,NV,4362,HAM_0003197,4
ISIC_0028669,1,NV,4363,HAM_0004989,2
ISIC_0028670,2,BCC,4364,HAM_0003981,9
ISIC_0028671,2,BCC,4365,HAM_0001713,3
ISIC_0028672,1,NV,4366,HAM_0003888,4
ISIC_0028673,1,NV,4367,HAM_0004553,2
ISIC_0028674,1,NV,4368,HAM_0000962,3
ISIC_0028675,1,NV,4369,HAM_0001799,9
ISIC_0028676,1,NV,4370,HAM_0006198,0
ISIC_0028677,2,BCC,4371,HAM_0001711,8
ISIC_0028678,1,NV,4372,HAM_0000222,1
ISIC_0028679,1,NV,4373,HAM_0005239,4
ISIC_0028680,6,VASC,4374,HAM_0007150,3
ISIC_0028681,4,BKL,4375,HAM_0004309,6
ISIC_0028682,1,NV,4376,HAM_0002651,7
ISIC_0028683,1,NV,4377,HAM_0006839,2
ISIC_0028684,1,NV,4378,HAM_0006120,6
ISIC_0028685,0,MEL,4379,HAM_0006423,9
ISIC_0028686,1,NV,4380,HAM_0005329,2
ISIC_0028687,2,BCC,4381,HAM_0003444,9
ISIC_0028688,2,BCC,4382,HAM_0006844,5
ISIC_0028689,1,NV,4383,HAM_0002537,5
ISIC_0028690,1,NV,4384,HAM_0002773,1
ISIC_0028691,1,NV,4385,HAM_0001161,7
ISIC_0028692,1,NV,4386,HAM_0005840,3
ISIC_0028693,2,BCC,4387,HAM_0001610,0
ISIC_0028694,1,NV,4388,HAM_0004841,3
ISIC_0028695,1,NV,4389,HAM_0006010,1
ISIC_0028696,0,MEL,4390,HAM_0003330,3
ISIC_0028697,1,NV,4391,HAM_0001585,6
ISIC_0028698,1,NV,4392,HAM_0003033,3
ISIC_0028699,1,NV,4393,HAM_0002260,9
ISIC_0028700,1,NV,4394,HAM_0001717,3
ISIC_0028701,4,BKL,4395,HAM_0006128,9
ISIC_0028702,4,BKL,4396,HAM_0001914,9
ISIC_0028703,1,NV,4397,HAM_0007345,8
ISIC_0028704,1,NV,4398,HAM_0006427,0
ISIC_0028705,1,NV,4399,HAM_0002353,2
ISIC_0028706,1,NV,4400,HAM_0002986,0
ISIC_0028707,4,BKL,4401,HAM_0000920,9
ISIC_0028708,1,NV,4402,HAM_0005004,8
ISIC_0028709,0,MEL,4403,HAM_0002197,1
ISIC_0028710,4,BKL,4404,HAM_0004908,9
ISIC_0028711,1,NV,4405,HAM_0001355,2
ISIC_0028712,1,NV,4406,HAM_0002160,2
ISIC_0028713,1,NV,4407,HAM_0003898,4
ISIC_0028714,6,VASC,4408,HAM_0005713,9
ISIC_0028715,1,NV,4409,HAM_0002053,0
ISIC_0028716,1,NV,4410,HAM_0000864,6
ISIC_0028717,1,NV,4411,HAM_0005803,5
ISIC_0028718,0,MEL,4412,HAM_0006380,8
ISIC_0028719,2,BCC,4413,HAM_0004365,9
ISIC_0028720,1,NV,4414,HAM_0002589,9
ISIC_0028721,1,NV,4415,HAM_0007173,7
ISIC_0028722,1,NV,4416,HAM_0002901,1
ISIC_0028723,1,NV,4417,HAM_0007160,8
ISIC_0028724,1,NV,4418,HAM_0006450,9
ISIC_0028725,1,NV,4419,HAM_0003598,1
ISIC_0028726,1,NV,4420,HAM_0005900,8
ISIC_0028727,1,NV,4421,HAM_0006678,4
ISIC_0028728,2,BCC,4422,HAM_0005026,8
ISIC_0028729,1,NV,4423,HAM_0006989,6
ISIC_0028730,3,AKIEC,4424,HAM_0005282,1
ISIC_0028731,1,NV,4425,HAM_0002407,1
ISIC_0028732,1,NV,4426,HAM_0002780,7
ISIC_0028733,1,NV,4427,HAM_0006639,3
ISIC_0028734,1,NV,4428,HAM_0000861,1
ISIC_0028735,5,DF,4429,HAM_0005663,9
ISIC_0028736,1,NV,4430,HAM_0003125,4
ISIC_0028737,1,NV,4431,HAM_0001157,7
ISIC_0028738,1,NV,4432,HAM_0004576,0
ISIC_0028739,2,BCC,4433,HAM_0007313,5
ISIC_0028740,1,NV,4434,HAM_0004977,6
ISIC_0028741,1,NV,4435,HAM_0003549,8
ISIC_0028742,1,NV,4436,HAM_0004062,2
ISIC_0028743,1,NV,4437,HAM_0001075,5
ISIC_0028744,1,NV,4438,HAM_0002515,8
ISIC_0028745,1,NV,4439,HAM_0003214,3
ISIC_0028746,0,MEL,4440,HAM_0000878,4
ISIC_0028747,2,BCC,4441,HAM_0007262,2
ISIC_0028748,1,NV,4442,HAM_0005516,1
ISIC_0028749,4,BKL,4443,HAM_0005275,5
ISIC_0028750,4,BKL,4444,HAM_0000318,4
ISIC_0028751,1,NV,4445,HAM_0005034,7
ISIC_0028752,1,NV,4446,HAM_0001695,8
ISIC_0028753,1,NV,4447,HAM_0001303,3
ISIC_0028754,1,NV,4448,HAM_0005385,6
ISIC_0028755,1,NV,4449,HAM_0000288,4
ISIC_0028756,1,NV,4450,HAM_0004604,3
ISIC_0028757,1,NV,4451,HAM_0003662,8
ISIC_0028758,1,NV,4452,HAM_0004443,4
ISIC_0028759,1,NV,4453,HAM_0006185,4
ISIC_0028760,0,MEL,4454,HAM_0006088,4
ISIC_0028761,1,NV,4455,HAM_0003415,1
ISIC_0028762,1,NV,4456,HAM_0001080,7
ISIC_0028763,3,AKIEC,4457,HAM_0000832,8
ISIC_0028764,0,MEL,4458,HAM_0004746,0
ISIC_0028765,2,BCC,4459,HAM_0004511,6
ISIC_0028766,1,NV,4460,HAM_0001541,4
ISIC_0028767,1,NV,4461,HAM_0003419,9
ISIC_0028768,1,NV,4462,HAM_0000148,2
ISIC_0028769,1,NV,4463,HAM_0004242,4
ISIC_0028770,1,NV,4464,HAM_0005682,3
ISIC_0028771,1,NV,4465,HAM_0005305,5
ISIC_0028772,1,NV,4466,HAM_0007594,0
ISIC_0028773,0,MEL,4467,HAM_0004354,9
ISIC_0028774,4,BKL,4468,HAM_0004852,9
ISIC_0028775,1,NV,4469,HAM_0005495,0
ISIC_0028776,1,NV,4470,HAM_0002065,9
ISIC_0028777,0,MEL,4471,HAM_0000125,6
ISIC_0028778,1,NV,4472,HAM_0006534,5
ISIC_0028779,1,NV,4473,HAM_0003524,2
ISIC_0028780,1,NV,4474,HAM_0000138,4
ISIC_0028781,1,NV,4475,HAM_0005208,9
ISIC_0028782,1,NV,4476,HAM_0000528,2
ISIC_0028783,1,NV,4477,HAM_0007326,1
ISIC_0028784,1,NV,4478,HAM_0004460,5
ISIC_0028785,1,NV,4479,HAM_0005914,9
ISIC_0028786,1,NV,4480,HAM_0005272,1
ISIC_0028787,1,NV,4481,HAM_0001934,4
ISIC_0028788,1,NV,4482,HAM_0002351,8
ISIC_0028789,1,NV,4483,HAM_0003032,5
ISIC_0028790,5,DF,4484,HAM_0005276,2
ISIC_0028791,1,NV,4485,HAM_0006032,9
ISIC_0028792,4,BKL,4486,HAM_0001608,7
ISIC_0028793,1,NV,4487,HAM_0004783,1
ISIC_0028794,1,NV,4488,HAM_0006606,3
ISIC_0028795,3,AKIEC,4489,HAM_0004568,3
ISIC_0028796,1,NV,4490,HAM_0002420,1
ISIC_0028797,4,BKL,4491,HAM_0001838,9
ISIC_0028798,1,NV,4492,HAM_0007365,1
ISIC_0028799,1,NV,4493,HAM_0001727,4
ISIC_0028800,1,NV,4494,HAM_0003235,2
ISIC_0028801,1,NV,4495,HAM_0003855,3
ISIC_0028802,1,NV,4496,HAM_0005549,9
ISIC_0028803,1,NV,4497,HAM_0000977,7
ISIC_0028804,1,NV,4498,HAM_0006618,0
ISIC_0028805,1,NV,4499,HAM_0006166,8
ISIC_0028806,1,NV,4500,HAM_0004175,9
ISIC_0028807,2,BCC,4501,HAM_0003429,3
ISIC_0028808,1,NV,4502,HAM_0005910,5
ISIC_0028809,1,NV,4503,HAM_0004991,6
ISIC_0028810,1,NV,4504,HAM_0002975,6
ISIC_0028811,1,NV,4505,HAM_0003795,0
ISIC_0028812,1,NV,4506,HAM_0004248,9
ISIC_0028813,1,NV,4507,HAM_0001067,9
ISIC_0028814,2,BCC,4508,HAM_0005375,3
ISIC_0028815,2,BCC,4509,HAM_0004967,4
ISIC_0028816,3,AKIEC,4510,HAM_0003123,6
ISIC_0028817,1,NV,4511,HAM_0003294,2
ISIC_0028818,2,BCC,4512,HAM_0003694,5
ISIC_0028819,1,NV,4513,HAM_0003536,2
ISIC_0028820,3,AKIEC,4514,HAM_0000931,0
ISIC_0028821,1,NV,4515,HAM_0003992,2
ISIC_0028822,4,BKL,4516,HAM_0005126,2
ISIC_0028823,1,NV,4517,HAM_0007138,0
ISIC_0028824,1,NV,4518,HAM_0003053,5
ISIC_0028825,1,NV,4519,HAM_0001517,9
ISIC_0028826,4,BKL,4520,HAM_0000865,4
ISIC_0028827,1,NV,4521,HAM_0001816,4
ISIC_0028828,1,NV,4522,HAM_0002690,9
ISIC_0028829,1,NV,4523,HAM_0006191,9
ISIC_0028830,4,BKL,4524,HAM_0001312,3
ISIC_0028831,1,NV,4525,HAM_0006856,0
ISIC_0028832,1,NV,4526,HAM_0001750,2
ISIC_0028833,1,NV,4527,HAM_0001015,3
ISIC_0028834,1,NV,4528,HAM_0007566,3
ISIC_0028835,1,NV,4529,HAM_0000820,3
ISIC_0028836,1,NV,4530,HAM_0004971,4
ISIC_0028837,1,NV,4531,HAM_0005164,5
ISIC_0028838,1,NV,4532,HAM_0004541,7
ISIC_0028839,1,NV,4533,HAM_0004994,3
ISIC_0028840,4,BKL,4534,HAM_0003647,3
ISIC_0028841,1,NV,4535,HAM_0007143,9
ISIC_0028842,4,BKL,4536,HAM_0001515,4
ISIC_0028843,1,NV,4537,HAM_0002409,5
ISIC_0028844,1,NV,4538,HAM_0003184,4
ISIC_0028845,1,NV,4539,HAM_0001016,8
ISIC_0028846,4,BKL,4540,HAM_0004491,3
ISIC_0028847,0,MEL,4541,HAM_0006006,6
ISIC_0028848,1,NV,4542,HAM_0004828,1
ISIC_0028849,1,NV,4543,HAM_0005230,0
ISIC_0028850,1,NV,4544,HAM_0003837,2
ISIC_0028851,1,NV,4545,HAM_0007028,2
ISIC_0028852,1,NV,4546,HAM_0000800,8
ISIC_0028853,1,NV,4547,HAM_0001047,7
ISIC_0028854,3,AKIEC,4548,HAM_0005356,5
ISIC_0028855,1,NV,4549,HAM_0005201,1
ISIC_0028856,4,BKL,4550,HAM_0004501,6
ISIC_0028857,1,NV,4551,HAM_0002107,7
ISIC_0028858,2,BCC,4552,HAM_0001078,8
ISIC_0028859,1,NV,4553,HAM_0000336,9
ISIC_0028860,0,MEL,4554,HAM_0006779,5
ISIC_0028861,1,NV,4555,HAM_0005621,6
ISIC_0028862,1,NV,4556,HAM_0003382,5
ISIC_0028863,1,NV,4557,HAM_0005651,9
ISIC_0028864,1,NV,4558,HAM_0005800,3
ISIC_0028865,1,NV,4559,HAM_0004600,6
ISIC_0028866,1,NV,4560,HAM_0006554,8
ISIC_0028867,1,NV,4561,HAM_0003169,9
ISIC_0028868,1,NV,4562,HAM_0004450,3
ISIC_0028869,1,NV,4563,HAM_0002283,8
ISIC_0028870,1,NV,4564,HAM_0001381,7
ISIC_0028871,2,BCC,4565,HAM_0000212,2
ISIC_0028872,3,AKIEC,4566,HAM_0000552,9
ISIC_0028873,1,NV,4567,HAM_0001190,7
ISIC_0028874,1,NV,4568,HAM_0001702,7
ISIC_0028875,1,NV,4569,HAM_0002492,3
ISIC_0028876,4,BKL,4570,HAM_0003030,6
ISIC_0028877,2,BCC,4571,HAM_0003764,6
ISIC_0028878,0,MEL,4572,HAM_0000062,5
ISIC_0028879,1,NV,4573,HAM_0005858,5
ISIC_0028880,5,DF,4574,HAM_0004103,1
ISIC_0028881,4,BKL,4575,HAM_0001605,7
ISIC_0028882,1,NV,4576,HAM_0000486,8
ISIC_0028883,1,NV,4577,HAM_0003372,5
ISIC_0028884,1,NV,4578,HAM_0005914,4
ISIC_0028885,6,VASC,4579,HAM_0005427,7
ISIC_0028886,1,NV,4580,HAM_0002995,3
ISIC_0028887,1,NV,4581,HAM_0006225,3
ISIC_0028888,1,NV,4582,HAM_0003838,6
ISIC_0028889,1,NV,4583,HAM_0003004,5
ISIC_0028890,2,BCC,4584,HAM_0005435,7
ISIC_0028891,1,NV,4585,HAM_0006600,2
ISIC_0028892,1,NV,4586,HAM_0006335,0
ISIC_0028893,1,NV,4587,HAM_0007556,0
ISIC_0028894,1,NV,4588,HAM_0003639,3
ISIC_0028895,1,NV,4589,HAM_0003567,1
ISIC_0028896,1,NV,4590,HAM_0005659,4
ISIC_0028897,0,MEL,4591,HAM_0002109,2
ISIC_0028898,0,MEL,4592,HAM_0001069,9
ISIC_0028899,0,MEL,4593,HAM_0000863,7
ISIC_0028900,0,MEL,4594,HAM_0006635,5
ISIC_0028901,0,MEL,4595,HAM_0006739,4
ISIC_0028902,1,NV,4596,HAM_0005426,3
ISIC_0028903,1,NV,4597,HAM_0003872,8
ISIC_0028904,1,NV,4598,HAM_0003269,0
ISIC_0028905,1,NV,4599,HAM_0004399,9
ISIC_0028906,1,NV,4600,HAM_0002891,1
ISIC_0028907,1,NV,4601,HAM_0005698,4
ISIC_0028908,1,NV,4602,HAM_0005281,7
ISIC_0028909,1,NV,4603,HAM_0004996,5
ISIC_0028910,1,NV,4604,HAM_0006136,1
ISIC_0028911,1,NV,4605,HAM_0006058,8
ISIC_0028912,1,NV,4606,HAM_0006448,5
ISIC_0028913,4,BKL,4607,HAM_0004396,0
ISIC_0028914,1,NV,4608,HAM_0001518,5
ISIC_0028915,0,MEL,4609,HAM_0006832,8
ISIC_0028916,0,MEL,4610,HAM_0006208,0
ISIC_0028917,1,NV,4611,HAM_0003349,7
ISIC_0028918,1,NV,4612,HAM_0001141,4
ISIC_0028919,1,NV,4613,HAM_0000964,1
ISIC_0028920,4,BKL,4614,HAM_0003452,3
ISIC_0028921,1,NV,4615,HAM_0000507,2
ISIC_0028922,1,NV,4616,HAM_0001382,6
ISIC_0028923,1,NV,4617,HAM_0005730,6
ISIC_0028924,1,NV,4618,HAM_0001149,7
ISIC_0028925,4,BKL,4619,HAM_0001752,8
ISIC_0028926,5,DF,4620,HAM_0000720,6
ISIC_0028927,1,NV,4621,HAM_0000680,4
ISIC_0028928,2,BCC,4622,HAM_0002998,9
ISIC_0028929,0,MEL,4623,HAM_0000588,7
ISIC_0028930,0,MEL,4624,HAM_0002591,4
ISIC_0028931,4,BKL,4625,HAM_0001733,0
ISIC_0028932,1,NV,4626,HAM_0000789,3
ISIC_0028933,1,NV,4627,HAM_0001572,2
ISIC_0028934,1,NV,4628,HAM_0000514,9
ISIC_0028935,1,NV,4629,HAM_0001336,1
ISIC_0028936,1,NV,4630,HAM_0005377,6
ISIC_0028937,2,BCC,4631,HAM_0003610,0
ISIC_0028938,1,NV,4632,HAM_0001689,2
ISIC_0028939,1,NV,4633,HAM_0005218,3
ISIC_0028940,1,NV,4634,HAM_0003890,4
ISIC_0028941,3,AKIEC,4635,HAM_0001593,6
ISIC_0028942,1,NV,4636,HAM_0006690,8
ISIC_0028943,4,BKL,4637,HAM_0004106,9
ISIC_0028944,1,NV,4638,HAM_0007340,8
ISIC_0028945,1,NV,4639,HAM_0002370,2
ISIC_0028946,1,NV,4640,HAM_0003109,1
ISIC_0028947,1,NV,4641,HAM_0002486,5
ISIC_0028948,1,NV,4642,HAM_0001333,6
ISIC_0028949,1,NV,4643,HAM_0001066,5
ISIC_0028950,1,NV,4644,HAM_0007187,9
ISIC_0028951,1,NV,4645,HAM_0007116,8
ISIC_0028952,4,BKL,4646,HAM_0006065,5
ISIC_0028953,1,NV,4647,HAM_0000660,0
ISIC_0028954,1,NV,4648,HAM_0000166,6
ISIC_0028955,1,NV,4649,HAM_0003875,0
ISIC_0028956,1,NV,4650,HAM_0000786,1
ISIC_0028957,1,NV,4651,HAM_0003127,4
ISIC_0028958,4,BKL,4652,HAM_0002912,6
ISIC_0028959,1,NV,4653,HAM_0004974,9
ISIC_0028960,1,NV,4654,HAM_0004007,4
ISIC_0028961,1,NV,4655,HAM_0005561,2
ISIC_0028962,1,NV,4656,HAM_0001322,2
ISIC_0028963,1,NV,4657,HAM_0002423,6
ISIC_0028964,2,BCC,4658,HAM_0000092,1
ISIC_0028965,0,MEL,4659,HAM_0004281,0
ISIC_0028966,1,NV,4660,HAM_0001849,9
ISIC_0028967,1,NV,4661,HAM_0001449,6
ISIC_0028968,0,MEL,4662,HAM_0001910,0
ISIC_0028969,0,MEL,4663,HAM_0005328,1
ISIC_0028970,4,BKL,4664,HAM_0001435,6
ISIC_0028971,1,NV,4665,HAM_0000930,7
ISIC_0028972,4,BKL,4666,HAM_0003476,5
ISIC_0028973,2,BCC,4667,HAM_0005665,6
ISIC_0028974,1,NV,4668,HAM_0005202,1
ISIC_0028975,1,NV,4669,HAM_0004819,1
ISIC_0028976,1,NV,4670,HAM_0003100,2
ISIC_0028977,4,BKL,4671,HAM_0006159,8
ISIC_0028978,2,BCC,4672,HAM_0005026,3
ISIC_0028979,1,NV,4673,HAM_0004608,4
ISIC_0028980,2,BCC,4674,HAM_0003741,5
ISIC_0028981,1,NV,4675,HAM_0002187,4
ISIC_0028982,1,NV,4676,HAM_0000762,1
ISIC_0028983,1,NV,4677,HAM_0000674,3
ISIC_0028984,0,MEL,4678,HAM_0003400,7
ISIC_0028985,1,NV,4679,HAM_0006611,4
ISIC_0028986,1,NV,4680,HAM_0007338,8
ISIC_0028987,1,NV,4681,HAM_0006409,6
ISIC_0028988,1,NV,4682,HAM_0003155,1
ISIC_0028989,2,BCC,4683,HAM_0004487,8
ISIC_0028990,3,AKIEC,4684,HAM_0006180,5
ISIC_0028991,1,NV,4685,HAM_0001194,2
ISIC_0028992,4,BKL,4686,HAM_0003920,3
ISIC_0028993,1,NV,4687,HAM_0006352,9
ISIC_0028994,2,BCC,4688,HAM_0000687,3
ISIC_0028995,4,BKL,4689,HAM_0006945,2
ISIC_0028996,1,NV,4690,HAM_0004151,9
ISIC_0028997,1,NV,4691,HAM_0001163,1
ISIC_0028998,1,NV,4692,HAM_0003253,6
ISIC_0028999,1,NV,4693,HAM_0006296,3
ISIC_0029000,0,MEL,4694,HAM_0005481,3
ISIC_0029001,1,NV,4695,HAM_0005664,2
ISIC_0029002,3,AKIEC,4696,HAM_0003401,9
ISIC_0029003,4,BKL,4697,HAM_0004947,4
ISIC_0029004,1,NV,4698,HAM_0001584,6
ISIC_0029005,1,NV,4699,HAM_0007318,0
ISIC_0029006,1,NV,4700,HAM_0001054,7
ISIC_0029007,1,NV,4701,HAM_0000672,9
ISIC_0029008,1,NV,4702,HAM_0000629,5
ISIC_0029009,1,NV,4703,HAM_0001705,6
ISIC_0029010,4,BKL,4704,HAM_0003293,3
ISIC_0029011,1,NV,4705,HAM_0002248,8
ISIC_0029012,4,BKL,4706,HAM_0001982,9
ISIC_0029013,0,MEL,4707,HAM_0003522,8
ISIC_0029014,4,BKL,4708,HAM_0004373,5
ISIC_0029015,1,NV,4709,HAM_0002321,1
ISIC_0029016,1,NV,4710,HAM_0006441,6
ISIC_0029017,0,MEL,4711,HAM_0004980,7
ISIC_0029018,1,NV,4712,HAM_0003246,5
ISIC_0029019,1,NV,4713,HAM_0005221,8
ISIC_0029020,2,BCC,4714,HAM_0004873,3
ISIC_0029021,0,MEL,4715,HAM_0004746,8
ISIC_0029022,4,BKL,4716,HAM_0001473,2
ISIC_0029023,1,NV,4717,HAM_0005598,6
ISIC_0029024,1,NV,4718,HAM_0003942,8
ISIC_0029025,3,AKIEC,4719,HAM_0004384,0
ISIC_0029026,1,NV,4720,HAM_0002905,1
ISIC_0029027,1,NV,4721,HAM_0006364,5
ISIC_0029028,0,MEL,4722,HAM_0003182,2
ISIC_0029029,4,BKL,4723,HAM_0001763,5
ISIC_0029030,1,NV,4724,HAM_0001393,1
ISIC_0029031,4,BKL,4725,HAM_0004143,8
ISIC_0029032,4,BKL,4726,HAM_0006472,7
ISIC_0029033,0,MEL,4727,HAM_0002719,2
ISIC_0029034,2,BCC,4728,HAM_0005921,9
ISIC_0029035,2,BCC,4729,HAM_0006386,3
ISIC_0029036,4,BKL,4730,HAM_0000955,8
ISIC_0029037,1,NV,4731,HAM_0004311,5
ISIC_0029038,1,NV,4732,HAM_0004857,5
ISIC_0029039,5,DF,4733,HAM_0004317,2
ISIC_0029040,4,BKL,4734,HAM_0001721,9
ISIC_0029041,3,AKIEC,4735,HAM_0006898,9
ISIC_0029042,1,NV,4736,HAM_0004040,2
ISIC_0029043,3,AKIEC,4737,HAM_0005231,7
ISIC_0029044,1,NV,4738,HAM_0004929,6
ISIC_0029045,1,NV,4739,HAM_0000068,5
ISIC_0029046,1,NV,4740,HAM_0004170,0
ISIC_0029047,1,NV,4741,HAM_0002340,3
ISIC_0029048,4,BKL,4742,HAM_0000452,7
ISIC_0029049,1,NV,4743,HAM_0003246,8
ISIC_0029050,1,NV,4744,HAM_0003481,8
ISIC_0029051,4,BKL,4745,HAM_0000298,1
ISIC_0029052,5,DF,4746,HAM_0002463,9
ISIC_0029053,2,BCC,4747,HAM_0002812,4
ISIC_0029054,1,NV,4748,HAM_0005822,6
ISIC_0029055,1,NV,4749,HAM_0002296,6
ISIC_0029056,0,MEL,4750,HAM_0004878,7
ISIC_0029057,1,NV,4751,HAM_0000244,9
ISIC_0029058,1,NV,4752,HAM_0006292,5
ISIC_0029059,3,AKIEC,4753,HAM_0002771,8
ISIC_0029060,4,BKL,4754,HAM_0005075,0
ISIC_0029061,4,BKL,4755,HAM_0003881,5
ISIC_0029062,4,BKL,4756,HAM_0003076,7
ISIC_0029063,1,NV,4757,HAM_0001185,5
ISIC_0029064,1,NV,4758,HAM_0000134,1
ISIC_0029065,1,NV,4759,HAM_0004067,1
ISIC_0029066,1,NV,4760,HAM_0004160,8
ISIC_0029067,3,AKIEC,4761,HAM_0000498,1
ISIC_0029068,4,BKL,4762,HAM_0002761,5
ISIC_0029069,1,NV,4763,HAM_0003792,6
ISIC_0029070,4,BKL,4764,HAM_0005126,2
ISIC_0029071,1,NV,4765,HAM_0000096,5
ISIC_0029072,1,NV,4766,HAM_0004380,4
ISIC_0029073,1,NV,4767,HAM_0001774,7
ISIC_0029074,1,NV,4768,HAM_0000678,5
ISIC_0029075,1,NV,4769,HAM_0006225,1
ISIC_0029076,1,NV,4770,HAM_0005147,9
ISIC_0029077,1,NV,4771,HAM_0002945,9
ISIC_0029078,1,NV,4772,HAM_0004808,8
ISIC_0029079,1,NV,4773,HAM_0002888,2
ISIC_0029080,4,BKL,4774,HAM_0000186,1
ISIC_0029081,0,MEL,4775,HAM_0006453,7
ISIC_0029082,2,BCC,4776,HAM_0005665,7
ISIC_0029083,2,BCC,4777,HAM_0002312,0
ISIC_0029084,1,NV,4778,HAM_0003552,4
ISIC_0029085,1,NV,4779,HAM_0007467,5
ISIC_0029086,1,NV,4780,HAM_0000180,9
ISIC_0029087,1,NV,4781,HAM_0000911,9
ISIC_0029088,1,NV,4782,HAM_0007430,8
ISIC_0029089,0,MEL,4783,HAM_0000624,7
ISIC_0029090,1,NV,4784,HAM_0007389,1
ISIC_0029091,1,NV,4785,HAM_0002832,2
ISIC_0029092,0,MEL,4786,HAM_0004427,6
ISIC_0029093,1,NV,4787,HAM_0000476,8
ISIC_0029094,0,MEL,4788,HAM_0006527,1
ISIC_0029095,1,NV,4789,HAM_0006685,4
ISIC_0029096,1,NV,4790,HAM_0006672,9
ISIC_0029097,1,NV,4791,HAM_0005019,6
ISIC_0029098,1,NV,4792,HAM_0000333,4
ISIC_0029099,6,VASC,4793,HAM_0000286,8
ISIC_0029100,4,BKL,4794,HAM_0001788,7
ISIC_0029101,4,BKL,4795,HAM_0006287,8
ISIC_0029102,4,BKL,4796,HAM_0005415,6
ISIC_0029103,1,NV,4797,HAM_0004798,7
ISIC_0029104,1,NV,4798,HAM_0003221,3
ISIC_0029105,1,NV,4799,HAM_0005047,2
ISIC_0029106,1,NV,4800,HAM_0006337,3
ISIC_0029107,4,BKL,4801,HAM_0005616,6
ISIC_0029108,4,BKL,4802,HAM_0003179,8
ISIC_0029109,1,NV,4803,HAM_0003820,5
ISIC_0029110,1,NV,4804,HAM_0001233,1
ISIC_0029111,1,NV,4805,HAM_0003964,5
ISIC_0029112,1,NV,4806,HAM_0003883,6
ISIC_0029113,4,BKL,4807,HAM_0007233,0
ISIC_0029114,1,NV,4808,HAM_0007231,0
ISIC_0029115,4,BKL,4809,HAM_0000846,3
ISIC_0029116,1,NV,4810,HAM_0007062,0
ISIC_0029117,1,NV,4811,HAM_0002341,9
ISIC_0029118,1,NV,4812,HAM_0000444,6
ISIC_0029119,1,NV,4813,HAM_0003932,8
ISIC_0029120,1,NV,4814,HAM_0002081,5
ISIC_0029121,1,NV,4815,HAM_0002368,3
ISIC_0029122,1,NV,4816,HAM_0006050,6
ISIC_0029123,2,BCC,4817,HAM_0000451,8
ISIC_0029124,1,NV,4818,HAM_0001626,1
ISIC_0029125,1,NV,4819,HAM_0001193,5
ISIC_0029126,4,BKL,4820,HAM_0001914,8
ISIC_0029127,1,NV,4821,HAM_0003918,0
ISIC_0029128,1,NV,4822,HAM_0001436,1
ISIC_0029129,2,BCC,4823,HAM_0004285,4
ISIC_0029130,5,DF,4824,HAM_0000049,8
ISIC_0029131,1,NV,4825,HAM_0006985,9
ISIC_0029132,1,NV,4826,HAM_0001632,0
ISIC_0029133,3,AKIEC,4827,HAM_0000918,7
ISIC_0029134,1,NV,4828,HAM_0002829,0
ISIC_0029135,4,BKL,4829,HAM_0007043,9
ISIC_0029136,1,NV,4830,HAM_0005416,2
ISIC_0029137,1,NV,4831,HAM_0002048,8
ISIC_0029138,1,NV,4832,HAM_0003355,8
ISIC_0029139,4,BKL,4833,HAM_0007603,8
ISIC_0029140,1,NV,4834,HAM_0004646,1
ISIC_0029141,3,AKIEC,4835,HAM_0004592,1
ISIC_0029142,1,NV,4836,HAM_0000016,0
ISIC_0029143,1,NV,4837,HAM_0001410,5
ISIC_0029144,1,NV,4838,HAM_0007319,1
ISIC_0029145,1,NV,4839,HAM_0000500,6
ISIC_0029146,0,MEL,4840,HAM_0002079,6
ISIC_0029147,4,BKL,4841,HAM_0007125,2
ISIC_0029148,1,NV,4842,HAM_0000697,0
ISIC_0029149,1,NV,4843,HAM_0002545,9
ISIC_0029150,1,NV,4844,HAM_0005908,6
ISIC_0029151,1,NV,4845,HAM_0004755,1
ISIC_0029152,1,NV,4846,HAM_0003816,7
ISIC_0029153,1,NV,4847,HAM_0004124,3
ISIC_0029154,1,NV,4848,HAM_0001426,2
ISIC_0029155,1,NV,4849,HAM_0007379,9
ISIC_0029156,1,NV,4850,HAM_0001571,6
ISIC_0029157,0,MEL,4851,HAM_0007488,7
ISIC_0029158,1,NV,4852,HAM_0004689,0
ISIC_0029159,1,NV,4853,HAM_0005507,3
ISIC_0029160,1,NV,4854,HAM_0006514,1
ISIC_0029161,4,BKL,4855,HAM_0000164,1
ISIC_0029162,1,NV,4856,HAM_0005090,3
ISIC_0029163,0,MEL,4857,HAM_0006692,0
ISIC_0029164,1,NV,4858,HAM_0006161,5
ISIC_0029165,1,NV,4859,HAM_0004666,6
ISIC_0029166,4,BKL,4860,HAM_0004691,0
ISIC_0029167,1,NV,4861,HAM_0000213,7
ISIC_0029168,1,NV,4862,HAM_0003147,5
ISIC_0029169,1,NV,4863,HAM_0002049,8
ISIC_0029170,0,MEL,4864,HAM_0001814,0
ISIC_0029171,1,NV,4865,HAM_0004179,2
ISIC_0029172,0,MEL,4866,HAM_0000396,8
ISIC_0029173,1,NV,4867,HAM_0003292,5
ISIC_0029174,1,NV,4868,HAM_0001381,2
ISIC_0029175,1,NV,4869,HAM_0002806,9
ISIC_0029176,4,BKL,4870,HAM_0002761,7
ISIC_0029177,5,DF,4871,HAM_0005918,5
ISIC_0029178,1,NV,4872,HAM_0000594,8
ISIC_0029179,1,NV,4873,HAM_0007300,9
ISIC_0029180,1,NV,4874,HAM_0005595,2
ISIC_0029181,1,NV,4875,HAM_0003126,8
ISIC_0029182,1,NV,4876,HAM_0000277,3
ISIC_0029183,1,NV,4877,HAM_0007491,9
ISIC_0029184,1,NV,4878,HAM_0005454,4
ISIC_0029185,1,NV,4879,HAM_0000890,2
ISIC_0029186,1,NV,4880,HAM_0006275,6
ISIC_0029187,1,NV,4881,HAM_0005611,6
ISIC_0029188,1,NV,4882,HAM_0001872,6
ISIC_0029189,1,NV,4883,HAM_0006393,9
ISIC_0029190,1,NV,4884,HAM_0000965,9
ISIC_0029191,1,NV,4885,HAM_0003415,2
ISIC_0029192,2,BCC,4886,HAM_0002397,5
ISIC_0029193,2,BCC,4887,HAM_0006834,3
ISIC_0029194,1,NV,4888,HAM_0002484,8
ISIC_0029195,4,BKL,4889,HAM_0003129,8
ISIC_0029196,1,NV,4890,HAM_0001895,4
ISIC_0029197,1,NV,4891,HAM_0001911,3
ISIC_0029198,1,NV,4892,HAM_0006749,2
ISIC_0029199,1,NV,4893,HAM_0000188,1
ISIC_0029200,1,NV,4894,HAM_0000849,7
ISIC_0029201,2,BCC,4895,HAM_0000009,3
ISIC_0029202,4,BKL,4896,HAM_0002355,6
ISIC_0029203,1,NV,4897,HAM_0005510,5
ISIC_0029204,1,NV,4898,HAM_0005877,2
ISIC_0029205,1,NV,4899,HAM_0002247,0
ISIC_0029206,4,BKL,4900,HAM_0006993,3
ISIC_0029207,1,NV,4901,HAM_0003477,4
ISIC_0029208,1,NV,4902,HAM_0000604,6
ISIC_0029209,0,MEL,4903,HAM_0000319,6
ISIC_0029210,3,AKIEC,4904,HAM_0004060,6
ISIC_0029211,1,NV,4905,HAM_0001162,6
ISIC_0029212,0,MEL,4906,HAM_0002955,6
ISIC_0029213,4,BKL,4907,HAM_0000237,8
ISIC_0029214,1,NV,4908,HAM_0004886,2
ISIC_0029215,1,NV,4909,HAM_0001507,6
ISIC_0029216,0,MEL,4910,HAM_0004153,7
ISIC_0029217,4,BKL,4911,HAM_0002316,4
ISIC_0029218,1,NV,4912,HAM_0005633,4
ISIC_0029219,1,NV,4913,HAM_0001923,9
ISIC_0029220,2,BCC,4914,HAM_0002258,0
ISIC_0029221,1,NV,4915,HAM_0006458,0
ISIC_0029222,1,NV,4916,HAM_0003615,7
ISIC_0029223,1,NV,4917,HAM_0006747,5
ISIC_0029224,1,NV,4918,HAM_0006695,4
ISIC_0029225,1,NV,4919,HAM_0003226,9
ISIC_0029226,1,NV,4920,HAM_0000831,0
ISIC_0029227,4,BKL,4921,HAM_0007219,5
ISIC_0029228,1,NV,4922,HAM_0003492,5
ISIC_0029229,1,NV,4923,HAM_0006331,3
ISIC_0029230,2,BCC,4924,HAM_0007141,1
ISIC_0029231,1,NV,4925,HAM_0004996,5
ISIC_0029232,4,BKL,4926,HAM_0005632,9
ISIC_0029233,4,BKL,4927,HAM_0003757,7
ISIC_0029234,1,NV,4928,HAM_0006758,8
ISIC_0029235,4,BKL,4929,HAM_0005580,6
ISIC_0029236,1,NV,4930,HAM_0000503,5
ISIC_0029237,1,NV,4931,HAM_0006477,5
ISIC_0029238,0,MEL,4932,HAM_0001598,4
ISIC_0029239,1,NV,4933,HAM_0001367,9
ISIC_0029240,1,NV,4934,HAM_0006012,1
ISIC_0029241,0,MEL,4935,HAM_0006092,6
ISIC_0029242,0,MEL,4936,HAM_0003449,2
ISIC_0029243,4,BKL,4937,HAM_0003120,2
ISIC_0029244,1,NV,4938,HAM_0004315,2
ISIC_0029245,1,NV,4939,HAM_0004529,9
ISIC_0029246,1,NV,4940,HAM_0003666,8
ISIC_0029247,1,NV,4941,HAM_0002708,4
ISIC_0029248,5,DF,4942,HAM_0004756,3
ISIC_0029249,4,BKL,4943,HAM_0005869,8
ISIC_0029250,1,NV,4944,HAM_0003720,2
ISIC_0029251,4,BKL,4945,HAM_0001997,6
ISIC_0029252,1,NV,4946,HAM_0004095,1
ISIC_0029253,1,NV,4947,HAM_0000306,2
ISIC_0029254,1,NV,4948,HAM_0006747,9
ISIC_0029255,1,NV,4949,HAM_0007599,3
ISIC_0029256,1,NV,4950,HAM_0001783,0
ISIC_0029257,1,NV,4951,HAM_0005085,3
ISIC_0029258,1,NV,4952,HAM_0002786,3
ISIC_0029259,1,NV,4953,HAM_0003132,6
ISIC_0029260,4,BKL,4954,HAM_0000843,0
ISIC_0029261,1,NV,4955,HAM_0001977,6
ISIC_0029262,1,NV,4956,HAM_0004353,3
ISIC_0029263,2,BCC,4957,HAM_0002689,7
ISIC_0029264,1,NV,4958,HAM_0001691,1
ISIC_0029265,0,MEL,4959,HAM_0001272,9
ISIC_0029266,1,NV,4960,HAM_0004750,0
ISIC_0029267,1,NV,4961,HAM_0000975,7
ISIC_0029268,3,AKIEC,4962,HAM_0005459,6
ISIC_0029269,1,NV,4963,HAM_0002470,2
ISIC_0029270,4,BKL,4964,HAM_0006099,0
ISIC_0029271,0,MEL,4965,HAM_0005783,2
ISIC_0029272,0,MEL,4966,HAM_0002911,7
ISIC_0029273,1,NV,4967,HAM_0004538,0
ISIC_0029274,1,NV,4968,HAM_0003632,3
ISIC_0029275,1,NV,4969,HAM_0003905,0
ISIC_0029276,1,NV,4970,HAM_0004719,5
ISIC_0029277,1,NV,4971,HAM_0007385,3
ISIC_0029278,2,BCC,4972,HAM_0002224,8
ISIC_0029279,3,AKIEC,4973,HAM_0000769,7
ISIC_0029280,1,NV,4974,HAM_0006674,7
ISIC_0029281,0,MEL,4975,HAM_0001726,7
ISIC_0029282,1,NV,4976,HAM_0001059,7
ISIC_0029283,1,NV,4977,HAM_0001873,2
ISIC_0029284,1,NV,4978,HAM_0007048,7
ISIC_0029285,1,NV,4979,HAM_0006276,9
ISIC_0029286,1,NV,4980,HAM_0005450,5
ISIC_0029287,1,NV,4981,HAM_0000715,9
ISIC_0029288,4,BKL,4982,HAM_0000959,8
ISIC_0029289,4,BKL,4983,HAM_0001469,4
ISIC_0029290,1,NV,4984,HAM_0005226,4
ISIC_0029291,4,BKL,4985,HAM_0002521,0
ISIC_0029292,1,NV,4986,HAM_0004295,9
ISIC_0029293,1,NV,4987,HAM_0000580,9
ISIC_0029294,1,NV,4988,HAM_0003564,3
ISIC_0029295,1,NV,4989,HAM_0005941,3
ISIC_0029296,1,NV,4990,HAM_0007476,3
ISIC_0029297,5,DF,4991,HAM_0002153,1
ISIC_0029298,1,NV,4992,HAM_0001508,1
ISIC_0029299,1,NV,4993,HAM_0000071,5
ISIC_0029300,1,NV,4994,HAM_0003914,3
ISIC_0029301,4,BKL,4995,HAM_0001221,3
ISIC_0029302,4,BKL,4996,HAM_0006737,3
ISIC_0029303,1,NV,4997,HAM_0001180,5
ISIC_0029304,1,NV,4998,HAM_0001955,0
ISIC_0029305,1,NV,4999,HAM_0002459,8
ISIC_0029306,1,NV,5000,HAM_0000897,3
ISIC_0029307,1,NV,5001,HAM_0001127,5
ISIC_0029308,4,BKL,5002,HAM_0002921,4
ISIC_0029309,3,AKIEC,5003,HAM_0005579,2
ISIC_0029310,1,NV,5004,HAM_0006701,8
ISIC_0029311,4,BKL,5005,HAM_0002592,5
ISIC_0029312,1,NV,5006,HAM_0006502,8
ISIC_0029313,1,NV,5007,HAM_0006041,2
ISIC_0029314,1,NV,5008,HAM_0003959,9
ISIC_0029315,3,AKIEC,5009,HAM_0004780,0
ISIC_0029316,0,MEL,5010,HAM_0006978,8
ISIC_0029317,1,NV,5011,HAM_0005629,4
ISIC_0029318,0,MEL,5012,HAM_0002609,8
ISIC_0029319,0,MEL,5013,HAM_0005315,4
ISIC_0029320,4,BKL,5014,HAM_0006186,0
ISIC_0029321,1,NV,5015,HAM_0007162,8
ISIC_0029322,1,NV,5016,HAM_0001371,6
ISIC_0029323,2,BCC,5017,HAM_0000872,9
ISIC_0029324,1,NV,5018,HAM_0007380,4
ISIC_0029325,1,NV,5019,HAM_0000026,9
ISIC_0029326,1,NV,5020,HAM_0005081,4
ISIC_0029327,1,NV,5021,HAM_0003163,3
ISIC_0029328,1,NV,5022,HAM_0001169,8
ISIC_0029329,4,BKL,5023,HAM_0002844,2
ISIC_0029330,1,NV,5024,HAM_0005768,6
ISIC_0029331,2,BCC,5025,HAM_0002069,2
ISIC_0029332,1,NV,5026,HAM_0000798,4
ISIC_0029333,1,NV,5027,HAM_0001946,3
ISIC_0029334,1,NV,5028,HAM_0002881,7
ISIC_0029335,1,NV,5029,HAM_0005119,9
ISIC_0029336,1,NV,5030,HAM_0005863,4
ISIC_0029337,2,BCC,5031,HAM_0002506,0
ISIC_0029338,1,NV,5032,HAM_0002141,2
ISIC_0029339,1,NV,5033,HAM_0000418,7
ISIC_0029340,4,BKL,5034,HAM_0005157,5
ISIC_0029341,2,BCC,5035,HAM_0002346,9
ISIC_0029342,2,BCC,5036,HAM_0007139,1
ISIC_0029343,0,MEL,5037,HAM_0003330,2
ISIC_0029344,1,NV,5038,HAM_0004638,8
ISIC_0029345,4,BKL,5039,HAM_0003260,9
ISIC_0029346,1,NV,5040,HAM_0004625,9
ISIC_0029347,1,NV,5041,HAM_0000256,9
ISIC_0029348,1,NV,5042,HAM_0000012,4
ISIC_0029349,1,NV,5043,HAM_0000771,3
ISIC_0029350,1,NV,5044,HAM_0000151,4
ISIC_0029351,1,NV,5045,HAM_0006224,6
ISIC_0029352,2,BCC,5046,HAM_0006765,7
ISIC_0029353,0,MEL,5047,HAM_0001744,2
ISIC_0029354,1,NV,5048,HAM_0000269,7
ISIC_0029355,1,NV,5049,HAM_0007069,7
ISIC_0029356,1,NV,5050,HAM_0004876,6
ISIC_0029357,1,NV,5051,HAM_0001767,5
ISIC_0029358,4,BKL,5052,HAM_0004945,9
ISIC_0029359,1,NV,5053,HAM_0001137,3
ISIC_0029360,3,AKIEC,5054,HAM_0000549,1
ISIC_0029361,1,NV,5055,HAM_0001182,9
ISIC_0029362,3,AKIEC,5056,HAM_0005413,3
ISIC_0029363,0,MEL,5057,HAM_0005400,2
ISIC_0029364,1,NV,5058,HAM_0002635,9
ISIC_0029365,1,NV,5059,HAM_0001068,8
ISIC_0029366,1,NV,5060,HAM_0001342,6
ISIC_0029367,1,NV,5061,HAM_0003304,3
ISIC_0029368,1,NV,5062,HAM_0005522,3
ISIC_0029369,1,NV,5063,HAM_0004505,5
ISIC_0029370,0,MEL,5064,HAM_0006433,2
ISIC_0029371,3,AKIEC,5065,HAM_0005264,8
ISIC_0029372,2,BCC,5066,HAM_0000451,6
ISIC_0029373,1,NV,5067,HAM_0003671,0
ISIC_0029374,1,NV,5068,HAM_0006738,3
ISIC_0029375,1,NV,5069,HAM_0003012,6
ISIC_0029376,1,NV,5070,HAM_0002637,5
ISIC_0029377,1,NV,5071,HAM_0006973,2
ISIC_0029378,1,NV,5072,HAM_0006620,8
ISIC_0029379,1,NV,5073,HAM_0002781,8
ISIC_0029380,1,NV,5074,HAM_0005171,6
ISIC_0029381,1,NV,5075,HAM_0002681,2
ISIC_0029382,1,NV,5076,HAM_0000275,4
ISIC_0029383,1,NV,5077,HAM_0005344,0
ISIC_0029384,4,BKL,5078,HAM_0001486,0
ISIC_0029385,1,NV,5079,HAM_0005187,1
ISIC_0029386,1,NV,5080,HAM_0004707,8
ISIC_0029387,1,NV,5081,HAM_0000711,1
ISIC_0029388,1,NV,5082,HAM_0006144,5
ISIC_0029389,1,NV,5083,HAM_0004575,6
ISIC_0029390,1,NV,5084,HAM_0001701,1
ISIC_0029391,2,BCC,5085,HAM_0006575,1
ISIC_0029392,2,BCC,5086,HAM_0002983,3
ISIC_0029393,1,NV,5087,HAM_0001755,6
ISIC_0029394,4,BKL,5088,HAM_0004566,8
ISIC_0029395,1,NV,5089,HAM_0006958,2
ISIC_0029396,4,BKL,5090,HAM_0004234,2
ISIC_0029397,0,MEL,5091,HAM_0006538,9
ISIC_0029398,1,NV,5092,HAM_0002101,7
ISIC_0029399,1,NV,5093,HAM_0004059,6
ISIC_0029400,1,NV,5094,HAM_0000369,9
ISIC_0029401,1,NV,5095,HAM_0001009,2
ISIC_0029402,1,NV,5096,HAM_0007579,6
ISIC_0029403,1,NV,5097,HAM_0007506,1
ISIC_0029404,6,VASC,5098,HAM_0002692,0
ISIC_0029405,1,NV,5099,HAM_0003394,4
ISIC_0029406,4,BKL,5100,HAM_0001608,1
ISIC_0029407,1,NV,5101,HAM_0002116,4
ISIC_0029408,1,NV,5102,HAM_0002122,9
ISIC_0029409,1,NV,5103,HAM_0003677,4
ISIC_0029410,1,NV,5104,HAM_0004286,7
ISIC_0029411,1,NV,5105,HAM_0002866,0
ISIC_0029412,2,BCC,5106,HAM_0002024,0
ISIC_0029413,4,BKL,5107,HAM_0005801,5
ISIC_0029414,1,NV,5108,HAM_0001422,7
ISIC_0029415,1,NV,5109,HAM_0004504,2
ISIC_0029416,1,NV,5110,HAM_0005455,1
ISIC_0029417,3,AKIEC,5111,HAM_0002644,1
ISIC_0029418,4,BKL,5112,HAM_0004673,2
ISIC_0029419,1,NV,5113,HAM_0002469,2
ISIC_0029420,4,BKL,5114,HAM_0007573,5
ISIC_0029421,1,NV,5115,HAM_0003203,5
ISIC_0029422,1,NV,5116,HAM_0005866,3
ISIC_0029423,1,NV,5117,HAM_0005177,1
ISIC_0029424,1,NV,5118,HAM_0000297,0
ISIC_0029425,4,BKL,5119,HAM_0003410,2
ISIC_0029426,1,NV,5120,HAM_0002250,8
ISIC_0029427,4,BKL,5121,HAM_0006186,1
ISIC_0029428,1,NV,5122,HAM_0003291,6
ISIC_0029429,1,NV,5123,HAM_0003794,0
ISIC_0029430,1,NV,5124,HAM_0003327,7
ISIC_0029431,1,NV,5125,HAM_0000167,0
ISIC_0029432,1,NV,5126,HAM_0002480,0
ISIC_0029433,1,NV,5127,HAM_0001445,8
ISIC_0029434,0,MEL,5128,HAM_0002391,6
ISIC_0029435,1,NV,5129,HAM_0006062,1
ISIC_0029436,1,NV,5130,HAM_0006786,7
ISIC_0029437,1,NV,5131,HAM_0005235,1
ISIC_0029438,1,NV,5132,HAM_0002738,2
ISIC_0029439,6,VASC,5133,HAM_0002390,8
ISIC_0029440,1,NV,5134,HAM_0000829,5
ISIC_0029441,1,NV,5135,HAM_0000500,1
ISIC_0029442,1,NV,5136,HAM_0007175,2
ISIC_0029443,4,BKL,5137,HAM_0004396,4
ISIC_0029444,1,NV,5138,HAM_0001128,9
ISIC_0029445,1,NV,5139,HAM_0001368,9
ISIC_0029446,1,NV,5140,HAM_0000749,7
ISIC_0029447,1,NV,5141,HAM_0006263,1
ISIC_0029448,6,VASC,5142,HAM_0002218,5
ISIC_0029449,1,NV,5143,HAM_0000957,5
ISIC_0029450,1,NV,5144,HAM_0004239,7
ISIC_0029451,1,NV,5145,HAM_0006981,7
ISIC_0029452,1,NV,5146,HAM_0005429,1
ISIC_0029453,0,MEL,5147,HAM_0005719,0
ISIC_0029454,0,MEL,5148,HAM_0007019,4
ISIC_0029455,4,BKL,5149,HAM_0005404,9
ISIC_0029456,1,NV,5150,HAM_0006977,0
ISIC_0029457,1,NV,5151,HAM_0001846,2
ISIC_0029458,1,NV,5152,HAM_0002762,1
ISIC_0029459,1,NV,5153,HAM_0006884,6
ISIC_0029460,3,AKIEC,5154,HAM_0000545,4
ISIC_0029461,1,NV,5155,HAM_0007344,7
ISIC_0029462,3,AKIEC,5156,HAM_0007349,4
ISIC_0029463,1,NV,5157,HAM_0003704,9
ISIC_0029464,4,BKL,5158,HAM_0003789,5
ISIC_0029465,1,NV,5159,HAM_0006323,2
ISIC_0029466,2,BCC,5160,HAM_0002021,3
ISIC_0029467,1,NV,5161,HAM_0006762,8
ISIC_0029468,1,NV,5162,HAM_0003266,2
ISIC_0029469,1,NV,5163,HAM_0003976,1
ISIC_0029470,1,NV,5164,HAM_0000073,5
ISIC_0029471,1,NV,5165,HAM_0000205,8
ISIC_0029472,4,BKL,5166,HAM_0004029,4
ISIC_0029473,0,MEL,5167,HAM_0001796,7
ISIC_0029474,4,BKL,5168,HAM_0000744,8
ISIC_0029475,1,NV,5169,HAM_0006397,4
ISIC_0029476,1,NV,5170,HAM_0004069,5
ISIC_0029477,1,NV,5171,HAM_0004168,0
ISIC_0029478,1,NV,5172,HAM_0002937,3
ISIC_0029479,1,NV,5173,HAM_0005175,5
ISIC_0029480,0,MEL,5174,HAM_0004898,8
ISIC_0029481,1,NV,5175,HAM_0004421,5
ISIC_0029482,1,NV,5176,HAM_0000211,3
ISIC_0029483,1,NV,5177,HAM_0003433,9
ISIC_0029484,1,NV,5178,HAM_0005296,7
ISIC_0029485,1,NV,5179,HAM_0004457,6
ISIC_0029486,6,VASC,5180,HAM_0001920,8
ISIC_0029487,1,NV,5181,HAM_0006582,9
ISIC_0029488,1,NV,5182,HAM_0001623,6
ISIC_0029489,2,BCC,5183,HAM_0006005,8
ISIC_0029490,1,NV,5184,HAM_0003721,1
ISIC_0029491,1,NV,5185,HAM_0003663,0
ISIC_0029492,1,NV,5186,HAM_0000735,5
ISIC_0029493,1,NV,5187,HAM_0005761,0
ISIC_0029494,1,NV,5188,HAM_0003486,8
ISIC_0029495,0,MEL,5189,HAM_0002817,8
ISIC_0029496,1,NV,5190,HAM_0001448,9
ISIC_0029497,1,NV,5191,HAM_0001300,1
ISIC_0029498,1,NV,5192,HAM_0001356,4
ISIC_0029499,1,NV,5193,HAM_0000397,9
ISIC_0029500,3,AKIEC,5194,HAM_0006887,3
ISIC_0029501,2,BCC,5195,HAM_0002018,4
ISIC_0029502,0,MEL,5196,HAM_0003617,4
ISIC_0029503,1,NV,5197,HAM_0006894,2
ISIC_0029504,1,NV,5198,HAM_0001715,5
ISIC_0029505,4,BKL,5199,HAM_0003789,4
ISIC_0029506,1,NV,5200,HAM_0005497,3
ISIC_0029507,1,NV,5201,HAM_0002783,8
ISIC_0029508,1,NV,5202,HAM_0004966,8
ISIC_0029509,1,NV,5203,HAM_0001826,5
ISIC_0029510,1,NV,5204,HAM_0001364,1
ISIC_0029511,1,NV,5205,HAM_0006627,6
ISIC_0029512,0,MEL,5206,HAM_0004784,9
ISIC_0029513,0,MEL,5207,HAM_0000645,1
ISIC_0029514,6,VASC,5208,HAM_0007614,7
ISIC_0029515,2,BCC,5209,HAM_0007002,9
ISIC_0029516,1,NV,5210,HAM_0002547,0
ISIC_0029517,1,NV,5211,HAM_0004031,5
ISIC_0029518,4,BKL,5212,HAM_0002096,1
ISIC_0029519,4,BKL,5213,HAM_0005546,7
ISIC_0029520,1,NV,5214,HAM_0002249,1
ISIC_0029521,1,NV,5215,HAM_0001663,2
ISIC_0029522,4,BKL,5216,HAM_0002199,8
ISIC_0029523,1,NV,5217,HAM_0005134,0
ISIC_0029524,2,BCC,5218,HAM_0003191,8
ISIC_0029525,4,BKL,5219,HAM_0000744,3
ISIC_0029526,1,NV,5220,HAM_0001061,9
ISIC_0029527,4,BKL,5221,HAM_0003030,7
ISIC_0029528,1,NV,5222,HAM_0003707,4
ISIC_0029529,1,NV,5223,HAM_0007034,0
ISIC_0029530,1,NV,5224,HAM_0000267,0
ISIC_0029531,1,NV,5225,HAM_0004412,3
ISIC_0029532,1,NV,5226,HAM_0006314,3
ISIC_0029533,3,AKIEC,5227,HAM_0005389,5
ISIC_0029534,1,NV,5228,HAM_0000854,6
ISIC_0029535,1,NV,5229,HAM_0000664,7
ISIC_0029536,1,NV,5230,HAM_0005223,8
ISIC_0029537,1,NV,5231,HAM_0002147,4
ISIC_0029538,0,MEL,5232,HAM_0002534,6
ISIC_0029539,2,BCC,5233,HAM_0005971,1
ISIC_0029540,1,NV,5234,HAM_0003516,4
ISIC_0029541,3,AKIEC,5235,HAM_0004636,8
ISIC_0029542,1,NV,5236,HAM_0006388,3
ISIC_0029543,1,NV,5237,HAM_0007419,1
ISIC_0029544,1,NV,5238,HAM_0007013,7
ISIC_0029545,2,BCC,5239,HAM_0000496,2
ISIC_0029546,2,BCC,5240,HAM_0005482,8
ISIC_0029547,0,MEL,5241,HAM_0007165,5
ISIC_0029548,4,BKL,5242,HAM_0000113,9
ISIC_0029549,3,AKIEC,5243,HAM_0005718,6
ISIC_0029550,1,NV,5244,HAM_0002394,3
ISIC_0029551,1,NV,5245,HAM_0006640,2
ISIC_0029552,1,NV,5246,HAM_0005477,9
ISIC_0029553,1,NV,5247,HAM_0005048,8
ISIC_0029554,1,NV,5248,HAM_0003958,7
ISIC_0029555,4,BKL,5249,HAM_0007090,1
ISIC_0029556,1,NV,5250,HAM_0001831,8
ISIC_0029557,4,BKL,5251,HAM_0006170,8
ISIC_0029558,0,MEL,5252,HAM_0003683,2
ISIC_0029559,4,BKL,5253,HAM_0000351,1
ISIC_0029560,1,NV,5254,HAM_0006129,0
ISIC_0029561,1,NV,5255,HAM_0005046,1
ISIC_0029562,0,MEL,5256,HAM_0005719,9
ISIC_0029563,3,AKIEC,5257,HAM_0003146,5
ISIC_0029564,2,BCC,5258,HAM_0004515,6
ISIC_0029565,1,NV,5259,HAM_0001859,0
ISIC_0029566,1,NV,5260,HAM_0004787,4
ISIC_0029567,3,AKIEC,5261,HAM_0000954,6
ISIC_0029568,4,BKL,5262,HAM_0002301,1
ISIC_0029569,1,NV,5263,HAM_0005853,0
ISIC_0029570,0,MEL,5264,HAM_0002130,3
ISIC_0029571,0,MEL,5265,HAM_0006152,6
ISIC_0029572,1,NV,5266,HAM_0006020,3
ISIC_0029573,3,AKIEC,5267,HAM_0006879,7
ISIC_0029574,0,MEL,5268,HAM_0005986,8
ISIC_0029575,0,MEL,5269,HAM_0001747,3
ISIC_0029576,4,BKL,5270,HAM_0005801,3
ISIC_0029577,1,NV,5271,HAM_0000886,0
ISIC_0029578,5,DF,5272,HAM_0002895,9
ISIC_0029579,1,NV,5273,HAM_0003082,0
ISIC_0029580,4,BKL,5274,HAM_0001958,5
ISIC_0029581,1,NV,5275,HAM_0000626,0
ISIC_0029582,3,AKIEC,5276,HAM_0003501,3
ISIC_0029583,1,NV,5277,HAM_0003585,1
ISIC_0029584,1,NV,5278,HAM_0007115,1
ISIC_0029585,4,BKL,5279,HAM_0006327,8
ISIC_0029586,1,NV,5280,HAM_0003864,7
ISIC_0029587,1,NV,5281,HAM_0003160,4
ISIC_0029588,4,BKL,5282,HAM_0001721,7
ISIC_0029589,1,NV,5283,HAM_0004069,2
ISIC_0029590,1,NV,5284,HAM_0002679,2
ISIC_0029591,0,MEL,5285,HAM_0005121,8
ISIC_0029592,1,NV,5286,HAM_0006756,7
ISIC_0029593,1,NV,5287,HAM_0004229,1
ISIC_0029594,1,NV,5288,HAM_0003227,3
ISIC_0029595,1,NV,5289,HAM_0007520,5
ISIC_0029596,4,BKL,5290,HAM_0007018,2
ISIC_0029597,1,NV,5291,HAM_0007133,9
ISIC_0029598,3,AKIEC,5292,HAM_0003401,0
ISIC_0029599,1,NV,5293,HAM_0000499,2
ISIC_0029600,4,BKL,5294,HAM_0001927,9
ISIC_0029601,1,NV,5295,HAM_0001131,9
ISIC_0029602,2,BCC,5296,HAM_0003991,8
ISIC_0029603,4,BKL,5297,HAM_0003476,5
ISIC_0029604,1,NV,5298,HAM_0001804,1
ISIC_0029605,1,NV,5299,HAM_0005502,2
ISIC_0029606,0,MEL,5300,HAM_0003700,7
ISIC_0029607,1,NV,5301,HAM_0003599,8
ISIC_0029608,6,VASC,5302,HAM_0000502,2
ISIC_0029609,1,NV,5303,HAM_0000211,7
ISIC_0029610,3,AKIEC,5304,HAM_0005459,2
ISIC_0029611,1,NV,5305,HAM_0000818,0
ISIC_0029612,4,BKL,5306,HAM_0004396,2
ISIC_0029613,4,BKL,5307,HAM_0003458,6
ISIC_0029614,1,NV,5308,HAM_0006684,2
ISIC_0029615,1,NV,5309,HAM_0006735,7
ISIC_0029616,1,NV,5310,HAM_0002842,0
ISIC_0029617,4,BKL,5311,HAM_0005082,2
ISIC_0029618,1,NV,5312,HAM_0005655,1
ISIC_0029619,1,NV,5313,HAM_0002080,6
ISIC_0029620,1,NV,5314,HAM_0004800,1
ISIC_0029621,1,NV,5315,HAM_0007132,1
ISIC_0029622,1,NV,5316,HAM_0004276,1
ISIC_0029623,1,NV,5317,HAM_0004433,9
ISIC_0029624,1,NV,5318,HAM_0006489,3
ISIC_0029625,1,NV,5319,HAM_0004292,8
ISIC_0029626,1,NV,5320,HAM_0002564,1
ISIC_0029627,4,BKL,5321,HAM_0004531,1
ISIC_0029628,1,NV,5322,HAM_0004227,8
ISIC_0029629,1,NV,5323,HAM_0004019,9
ISIC_0029630,0,MEL,5324,HAM_0006692,6
ISIC_0029631,1,NV,5325,HAM_0003170,6
ISIC_0029632,0,MEL,5326,HAM_0005535,0
ISIC_0029633,1,NV,5327,HAM_0002302,1
ISIC_0029634,3,AKIEC,5328,HAM_0003971,4
ISIC_0029635,1,NV,5329,HAM_0005485,2
ISIC_0029636,1,NV,5330,HAM_0001220,3
ISIC_0029637,1,NV,5331,HAM_0001807,8
ISIC_0029638,3,AKIEC,5332,HAM_0000005,6
ISIC_0029639,1,NV,5333,HAM_0001543,8
ISIC_0029640,1,NV,5334,HAM_0005284,2
ISIC_0029641,1,NV,5335,HAM_0002675,3
ISIC_0029642,0,MEL,5336,HAM_0006964,8
ISIC_0029643,1,NV,5337,HAM_0005451,6
ISIC_0029644,2,BCC,5338,HAM_0005184,2
ISIC_0029645,1,NV,5339,HAM_0000225,4
ISIC_0029646,1,NV,5340,HAM_0002674,6
ISIC_0029647,2,BCC,5341,HAM_0003094,8
ISIC_0029648,1,NV,5342,HAM_0005099,4
ISIC_0029649,1,NV,5343,HAM_0000586,4
ISIC_0029650,1,NV,5344,HAM_0001329,6
ISIC_0029651,0,MEL,5345,HAM_0004643,4
ISIC_0029652,0,MEL,5346,HAM_0006832,2
ISIC_0029653,1,NV,5347,HAM_0006738,7
ISIC_0029654,1,NV,5348,HAM_0000312,9
ISIC_0029655,2,BCC,5349,HAM_0006727,7
ISIC_0029656,1,NV,5350,HAM_0000395,9
ISIC_0029657,1,NV,5351,HAM_0006694,9
ISIC_0029658,1,NV,5352,HAM_0005593,4
ISIC_0029659,3,AKIEC,5353,HAM_0000673,4
ISIC_0029660,0,MEL,5354,HAM_0001703,1
ISIC_0029661,1,NV,5355,HAM_0001699,8
ISIC_0029662,1,NV,5356,HAM_0005298,2
ISIC_0029663,1,NV,5357,HAM_0002039,5
ISIC_0029664,1,NV,5358,HAM_0006754,3
ISIC_0029665,1,NV,5359,HAM_0000347,8
ISIC_0029666,1,NV,5360,HAM_0002645,0
ISIC_0029667,1,NV,5361,HAM_0001142,7
ISIC_0029668,1,NV,5362,HAM_0001902,9
ISIC_0029669,2,BCC,5363,HAM_0001616,0
ISIC_0029670,1,NV,5364,HAM_0006016,7
ISIC_0029671,1,NV,5365,HAM_0003754,7
ISIC_0029672,1,NV,5366,HAM_0006880,8
ISIC_0029673,1,NV,5367,HAM_0001825,5
ISIC_0029674,4,BKL,5368,HAM_0000114,8
ISIC_0029675,1,NV,5369,HAM_0001314,0
ISIC_0029676,4,BKL,5370,HAM_0002503,9
ISIC_0029677,1,NV,5371,HAM_0000567,1
ISIC_0029678,4,BKL,5372,HAM_0000383,5
ISIC_0029679,1,NV,5373,HAM_0000366,3
ISIC_0029680,2,BCC,5374,HAM_0001237,3
ISIC_0029681,1,NV,5375,HAM_0000583,9
ISIC_0029682,4,BKL,5376,HAM_0004029,3
ISIC_0029683,4,BKL,5377,HAM_0002774,0
ISIC_0029684,1,NV,5378,HAM_0005754,2
ISIC_0029685,1,NV,5379,HAM_0002443,5
ISIC_0029686,1,NV,5380,HAM_0006530,1
ISIC_0029687,4,BKL,5381,HAM_0007409,4
ISIC_0029688,1,NV,5382,HAM_0006369,0
ISIC_0029689,1,NV,5383,HAM_0006976,0
ISIC_0029690,1,NV,5384,HAM_0006455,4
ISIC_0029691,1,NV,5385,HAM_0002880,1
ISIC_0029692,1,NV,5386,HAM_0005503,1
ISIC_0029693,1,NV,5387,HAM_0002305,5
ISIC_0029694,1,NV,5388,HAM_0006590,3
ISIC_0029695,1,NV,5389,HAM_0007377,0
ISIC_0029696,1,NV,5390,HAM_0005183,2
ISIC_0029697,1,NV,5391,HAM_0005671,8
ISIC_0029698,0,MEL,5392,HAM_0005425,9
ISIC_0029699,1,NV,5393,HAM_0005241,0
ISIC_0029700,1,NV,5394,HAM_0001787,7
ISIC_0029701,1,NV,5395,HAM_0001425,9
ISIC_0029702,1,NV,5396,HAM_0000824,8
ISIC_0029703,1,NV,5397,HAM_0000617,6
ISIC_0029704,1,NV,5398,HAM_0003745,6
ISIC_0029705,0,MEL,5399,HAM_0004936,8
ISIC_0029706,1,NV,5400,HAM_0003972,8
ISIC_0029707,1,NV,5401,HAM_0000774,7
ISIC_0029708,1,NV,5402,HAM_0000899,9
ISIC_0029709,1,NV,5403,HAM_0003763,6
ISIC_0029710,1,NV,5404,HAM_0002068,6
ISIC_0029711,1,NV,5405,HAM_0002544,7
ISIC_0029712,1,NV,5406,HAM_0004438,9
ISIC_0029713,3,AKIEC,5407,HAM_0006036,7
ISIC_0029714,1,NV,5408,HAM_0006494,3
ISIC_0029715,3,AKIEC,5409,HAM_0000859,6
ISIC_0029716,1,NV,5410,HAM_0000098,1
ISIC_0029717,1,NV,5411,HAM_0002802,8
ISIC_0029718,1,NV,5412,HAM_0003545,8
ISIC_0029719,1,NV,5413,HAM_0003692,8
ISIC_0029720,1,NV,5414,HAM_0000230,6
ISIC_0029721,1,NV,5415,HAM_0006212,5
ISIC_0029722,1,NV,5416,HAM_0003338,7
ISIC_0029723,1,NV,5417,HAM_0002440,5
ISIC_0029724,1,NV,5418,HAM_0005284,0
ISIC_0029725,1,NV,5419,HAM_0004724,7
ISIC_0029726,0,MEL,5420,HAM_0004102,6
ISIC_0029727,1,NV,5421,HAM_0000929,6
ISIC_0029728,1,NV,5422,HAM_0006155,9
ISIC_0029729,1,NV,5423,HAM_0003008,2
ISIC_0029730,1,NV,5424,HAM_0002907,7
ISIC_0029731,4,BKL,5425,HAM_0000643,0
ISIC_0029732,1,NV,5426,HAM_0006356,0
ISIC_0029733,1,NV,5427,HAM_0005750,7
ISIC_0029734,1,NV,5428,HAM_0003537,0
ISIC_0029735,1,NV,5429,HAM_0002120,4
ISIC_0029736,1,NV,5430,HAM_0003088,6
ISIC_0029737,1,NV,5431,HAM_0000515,4
ISIC_0029738,1,NV,5432,HAM_0003637,0
ISIC_0029739,1,NV,5433,HAM_0007352,3
ISIC_0029740,0,MEL,5434,HAM_0003225,5
ISIC_0029741,4,BKL,5435,HAM_0005096,1
ISIC_0029742,6,VASC,5436,HAM_0002650,4
ISIC_0029743,1,NV,5437,HAM_0005367,9
ISIC_0029744,0,MEL,5438,HAM_0003782,8
ISIC_0029745,2,BCC,5439,HAM_0003941,5
ISIC_0029746,1,NV,5440,HAM_0001137,8
ISIC_0029747,2,BCC,5441,HAM_0006800,3
ISIC_0029748,1,NV,5442,HAM_0006260,1
ISIC_0029749,1,NV,5443,HAM_0001962,6
ISIC_0029750,1,NV,5444,HAM_0002395,5
ISIC_0029751,1,NV,5445,HAM_0004786,2
ISIC_0029752,1,NV,5446,HAM_0000028,2
ISIC_0029753,1,NV,5447,HAM_0005646,7
ISIC_0029754,1,NV,5448,HAM_0000389,5
ISIC_0029755,2,BCC,5449,HAM_0005776,0
ISIC_0029756,1,NV,5450,HAM_0003221,2
ISIC_0029757,1,NV,5451,HAM_0001288,2
ISIC_0029758,1,NV,5452,HAM_0004314,2
ISIC_0029759,1,NV,5453,HAM_0001765,0
ISIC_0029760,5,DF,5454,HAM_0004330,0
ISIC_0029761,1,NV,5455,HAM_0005948,4
ISIC_0029762,1,NV,5456,HAM_0007587,7
ISIC_0029763,1,NV,5457,HAM_0005739,3
ISIC_0029764,4,BKL,5458,HAM_0004696,5
ISIC_0029765,1,NV,5459,HAM_0005348,3
ISIC_0029766,1,NV,5460,HAM_0004023,6
ISIC_0029767,1,NV,5461,HAM_0003734,1
ISIC_0029768,1,NV,5462,HAM_0002479,8
ISIC_0029769,1,NV,5463,HAM_0004107,4
ISIC_0029770,4,BKL,5464,HAM_0004928,8
ISIC_0029771,1,NV,5465,HAM_0004656,5
ISIC_0029772,1,NV,5466,HAM_0006805,8
ISIC_0029773,1,NV,5467,HAM_0003340,4
ISIC_0029774,1,NV,5468,HAM_0004393,0
ISIC_0029775,1,NV,5469,HAM_0002432,2
ISIC_0029776,4,BKL,5470,HAM_0003140,3
ISIC_0029777,1,NV,5471,HAM_0001189,1
ISIC_0029778,4,BKL,5472,HAM_0007381,4
ISIC_0029779,2,BCC,5473,HAM_0000009,5
ISIC_0029780,0,MEL,5474,HAM_0001596,1
ISIC_0029781,3,AKIEC,5475,HAM_0002646,0
ISIC_0029782,1,NV,5476,HAM_0007120,5
ISIC_0029783,5,DF,5477,HAM_0002706,9
ISIC_0029784,1,NV,5478,HAM_0005563,3
ISIC_0029785,1,NV,5479,HAM_0005468,0
ISIC_0029786,1,NV,5480,HAM_0007058,8
ISIC_0029787,1,NV,5481,HAM_0004136,5
ISIC_0029788,1,NV,5482,HAM_0004822,6
ISIC_0029789,4,BKL,5483,HAM_0001562,0
ISIC_0029790,1,NV,5484,HAM_0001684,6
ISIC_0029791,4,BKL,5485,HAM_0005708,6
ISIC_0029792,1,NV,5486,HAM_0005250,4
ISIC_0029793,4,BKL,5487,HAM_0007151,1
ISIC_0029794,1,NV,5488,HAM_0006734,0
ISIC_0029795,1,NV,5489,HAM_0002737,8
ISIC_0029796,1,NV,5490,HAM_0000860,7
ISIC_0029797,1,NV,5491,HAM_0003404,7
ISIC_0029798,1,NV,5492,HAM_0003517,0
ISIC_0029799,1,NV,5493,HAM_0003995,3
ISIC_0029800,1,NV,5494,HAM_0003702,8
ISIC_0029801,4,BKL,5495,HAM_0000716,0
ISIC_0029802,4,BKL,5496,HAM_0005558,5
ISIC_0029803,1,NV,5497,HAM_0003940,4
ISIC_0029804,1,NV,5498,HAM_0005851,0
ISIC_0029805,2,BCC,5499,HAM_0005575,1
ISIC_0029806,1,NV,5500,HAM_0006204,9
ISIC_0029807,1,NV,5501,HAM_0002380,4
ISIC_0029808,1,NV,5502,HAM_0003540,7
ISIC_0029809,1,NV,5503,HAM_0004014,8
ISIC_0029810,4,BKL,5504,HAM_0001944,7
ISIC_0029811,3,AKIEC,5505,HAM_0003157,9
ISIC_0029812,1,NV,5506,HAM_0005318,0
ISIC_0029813,1,NV,5507,HAM_0007457,7
ISIC_0029814,1,NV,5508,HAM_0004485,4
ISIC_0029815,1,NV,5509,HAM_0006537,1
ISIC_0029816,1,NV,5510,HAM_0003074,3
ISIC_0029817,1,NV,5511,HAM_0003572,8
ISIC_0029818,1,NV,5512,HAM_0001577,9
ISIC_0029819,0,MEL,5513,HAM_0007586,1
ISIC_0029820,2,BCC,5514,HAM_0007627,6
ISIC_0029821,1,NV,5515,HAM_0005707,3
ISIC_0029822,1,NV,5516,HAM_0006332,4
ISIC_0029823,4,BKL,5517,HAM_0001781,3
ISIC_0029824,5,DF,5518,HAM_0005362,6
ISIC_0029825,1,NV,5519,HAM_0003475,4
ISIC_0029826,1,NV,5520,HAM_0005159,2
ISIC_0029827,3,AKIEC,5521,HAM_0002699,0
ISIC_0029828,1,NV,5522,HAM_0006510,1
ISIC_0029829,1,NV,5523,HAM_0006992,3
ISIC_0029830,3,AKIEC,5524,HAM_0006024,0
ISIC_0029831,2,BCC,5525,HAM_0004711,0
ISIC_0029832,1,NV,5526,HAM_0000325,1
ISIC_0029833,1,NV,5527,HAM_0006664,7
ISIC_0029834,1,NV,5528,HAM_0004454,1
ISIC_0029835,1,NV,5529,HAM_0001512,0
ISIC_0029836,4,BKL,5530,HAM_0007571,6
ISIC_0029837,4,BKL,5531,HAM_0002127,0
ISIC_0029838,1,NV,5532,HAM_0002364,7
ISIC_0029839,0,MEL,5533,HAM_0002113,6
ISIC_0029840,3,AKIEC,5534,HAM_0004809,2
ISIC_0029841,4,BKL,5535,HAM_0003605,1
ISIC_0029842,1,NV,5536,HAM_0006865,0
ISIC_0029843,0,MEL,5537,HAM_0006257,5
ISIC_0029844,1,NV,5538,HAM_0002999,4
ISIC_0029845,1,NV,5539,HAM_0000892,3
ISIC_0029846,1,NV,5540,HAM_0002484,2
ISIC_0029847,2,BCC,5541,HAM_0002791,9
ISIC_0029848,1,NV,5542,HAM_0001993,4
ISIC_0029849,4,BKL,5543,HAM_0003605,2
ISIC_0029850,1,NV,5544,HAM_0006714,7
ISIC_0029851,3,AKIEC,5545,HAM_0000769,6
ISIC_0029852,1,NV,5546,HAM_0002444,7
ISIC_0029853,1,NV,5547,HAM_0001485,4
ISIC_0029854,1,NV,5548,HAM_0003933,2
ISIC_0029855,1,NV,5549,HAM_0003958,9
ISIC_0029856,2,BCC,5550,HAM_0001457,8
ISIC_0029857,2,BCC,5551,HAM_0005856,2
ISIC_0029858,1,NV,5552,HAM_0005965,3
ISIC_0029859,0,MEL,5553,HAM_0000492,5
ISIC_0029860,3,AKIEC,5554,HAM_0001967,1
ISIC_0029861,1,NV,5555,HAM_0002300,1
ISIC_0029862,1,NV,5556,HAM_0006910,0
ISIC_0029863,1,NV,5557,HAM_0000804,3
ISIC_0029864,1,NV,5558,HAM_0000276,7
ISIC_0029865,1,NV,5559,HAM_0003828,3
ISIC_0029866,1,NV,5560,HAM_0006761,2
ISIC_0029867,1,NV,5561,HAM_0002128,6
ISIC_0029868,1,NV,5562,HAM_0000008,9
ISIC_0029869,1,NV,5563,HAM_0004995,0
ISIC_0029870,1,NV,5564,HAM_0002151,2
ISIC_0029871,1,NV,5565,HAM_0003529,7
ISIC_0029872,4,BKL,5566,HAM_0004004,9
ISIC_0029873,1,NV,5567,HAM_0005824,0
ISIC_0029874,1,NV,5568,HAM_0003527,3
ISIC_0029875,1,NV,5569,HAM_0003584,8
ISIC_0029876,1,NV,5570,HAM_0002286,4
ISIC_0029877,6,VASC,5571,HAM_0006193,2
ISIC_0029878,4,BKL,5572,HAM_0000299,5
ISIC_0029879,1,NV,5573,HAM_0001329,7
ISIC_0029880,4,BKL,5574,HAM_0002366,9
ISIC_0029881,1,NV,5575,HAM_0000217,8
ISIC_0029882,1,NV,5576,HAM_0007440,0
ISIC_0029883,1,NV,5577,HAM_0006382,8
ISIC_0029884,0,MEL,5578,HAM_0006635,7
ISIC_0029885,0,MEL,5579,HAM_0000856,7
ISIC_0029886,1,NV,5580,HAM_0007459,7
ISIC_0029887,1,NV,5581,HAM_0000638,4
ISIC_0029888,1,NV,5582,HAM_0003217,4
ISIC_0029889,6,VASC,5583,HAM_0006324,6
ISIC_0029890,1,NV,5584,HAM_0000052,3
ISIC_0029891,5,DF,5585,HAM_0007227,9
ISIC_0029892,1,NV,5586,HAM_0006511,2
ISIC_0029893,0,MEL,5587,HAM_0006699,1
ISIC_0029894,1,NV,5588,HAM_0006397,8
ISIC_0029895,1,NV,5589,HAM_0004777,5
ISIC_0029896,1,NV,5590,HAM_0001352,2
ISIC_0029897,4,BKL,5591,HAM_0001809,4
ISIC_0029898,1,NV,5592,HAM_0004324,6
ISIC_0029899,2,BCC,5593,HAM_0005530,7
ISIC_0029900,3,AKIEC,5594,HAM_0005551,1
ISIC_0029901,1,NV,5595,HAM_0006022,9
ISIC_0029902,1,NV,5596,HAM_0000138,9
ISIC_0029903,1,NV,5597,HAM_0001102,9
ISIC_0029904,1,NV,5598,HAM_0007079,0
ISIC_0029905,1,NV,5599,HAM_0006420,8
ISIC_0029906,1,NV,5600,HAM_0001644,1
ISIC_0029907,1,NV,5601,HAM_0003285,1
ISIC_0029908,1,NV,5602,HAM_0001646,0
ISIC_0029909,0,MEL,5603,HAM_0001266,7
ISIC_0029910,1,NV,5604,HAM_0006045,2
ISIC_0029911,1,NV,5605,HAM_0000647,1
ISIC_0029912,4,BKL,5606,HAM_0001469,7
ISIC_0029913,0,MEL,5607,HAM_0007171,0
ISIC_0029914,0,MEL,5608,HAM_0006626,7
ISIC_0029915,3,AKIEC,5609,HAM_0006002,0
ISIC_0029916,1,NV,5610,HAM_0001222,0
ISIC_0029917,2,BCC,5611,HAM_0007364,5
ISIC_0029918,1,NV,5612,HAM_0000170,2
ISIC_0029919,2,BCC,5613,HAM_0005721,7
ISIC_0029920,1,NV,5614,HAM_0004475,8
ISIC_0029921,1,NV,5615,HAM_0002453,8
ISIC_0029922,1,NV,5616,HAM_0007121,4
ISIC_0029923,1,NV,5617,HAM_0000870,6
ISIC_0029924,4,BKL,5618,HAM_0003010,5
ISIC_0029925,1,NV,5619,HAM_0004061,4
ISIC_0029926,1,NV,5620,HAM_0004030,4
ISIC_0029927,4,BKL,5621,HAM_0000999,6
ISIC_0029928,1,NV,5622,HAM_0001179,8
ISIC_0029929,4,BKL,5623,HAM_0003768,8
ISIC_0029930,3,AKIEC,5624,HAM_0005889,0
ISIC_0029931,4,BKL,5625,HAM_0005324,9
ISIC_0029932,3,AKIEC,5626,HAM_0004722,8
ISIC_0029933,0,MEL,5627,HAM_0007305,9
ISIC_0029934,1,NV,5628,HAM_0006317,4
ISIC_0029935,1,NV,5629,HAM_0002593,4
ISIC_0029936,1,NV,5630,HAM_0000575,3
ISIC_0029937,0,MEL,5631,HAM_0000766,2
ISIC_0029938,1,NV,5632,HAM_0001895,2
ISIC_0029939,1,NV,5633,HAM_0001557,2
ISIC_0029940,1,NV,5634,HAM_0007297,8
ISIC_0029941,1,NV,5635,HAM_0001089,7
ISIC_0029942,1,NV,5636,HAM_0003211,7
ISIC_0029943,1,NV,5637,HAM_0002632,4
ISIC_0029944,1,NV,5638,HAM_0006119,9
ISIC_0029945,1,NV,5639,HAM_0000324,5
ISIC_0029946,1,NV,5640,HAM_0001374,1
ISIC_0029947,4,BKL,5641,HAM_0007043,0
ISIC_0029948,1,NV,5642,HAM_0001988,8
ISIC_0029949,1,NV,5643,HAM_0002337,4
ISIC_0029950,1,NV,5644,HAM_0000232,7
ISIC_0029951,2,BCC,5645,HAM_0005973,0
ISIC_0029952,1,NV,5646,HAM_0002570,2
ISIC_0029953,1,NV,5647,HAM_0002793,4
ISIC_0029954,1,NV,5648,HAM_0000736,3
ISIC_0029955,1,NV,5649,HAM_0003906,5
ISIC_0029956,1,NV,5650,HAM_0005073,9
ISIC_0029957,1,NV,5651,HAM_0005418,1
ISIC_0029958,0,MEL,5652,HAM_0004507,3
ISIC_0029959,1,NV,5653,HAM_0007066,2
ISIC_0029960,1,NV,5654,HAM_0001451,0
ISIC_0029961,1,NV,5655,HAM_0000727,9
ISIC_0029962,5,DF,5656,HAM_0007410,2
ISIC_0029963,1,NV,5657,HAM_0007025,1
ISIC_0029964,1,NV,5658,HAM_0006165,7
ISIC_0029965,1,NV,5659,HAM_0001360,2
ISIC_0029966,1,NV,5660,HAM_0003064,3
ISIC_0029967,5,DF,5661,HAM_0004960,9
ISIC_0029968,1,NV,5662,HAM_0001559,7
ISIC_0029969,1,NV,5663,HAM_0006038,3
ISIC_0029970,1,NV,5664,HAM_0005712,1
ISIC_0029971,1,NV,5665,HAM_0004459,3
ISIC_0029972,1,NV,5666,HAM_0002997,5
ISIC_0029973,5,DF,5667,HAM_0002045,8
ISIC_0029974,2,BCC,5668,HAM_0004627,2
ISIC_0029975,1,NV,5669,HAM_0005994,7
ISIC_0029976,1,NV,5670,HAM_0002323,8
ISIC_0029977,1,NV,5671,HAM_0003252,5
ISIC_0029978,1,NV,5672,HAM_0006040,4
ISIC_0029979,1,NV,5673,HAM_0004233,6
ISIC_0029980,1,NV,5674,HAM_0000379,6
ISIC_0029981,1,NV,5675,HAM_0005357,9
ISIC_0029982,1,NV,5676,HAM_0005886,2
ISIC_0029983,1,NV,5677,HAM_0006619,0
ISIC_0029984,1,NV,5678,HAM_0004523,1
ISIC_0029985,1,NV,5679,HAM_0004763,7
ISIC_0029986,1,NV,5680,HAM_0006711,3
ISIC_0029987,1,NV,5681,HAM_0005071,3
ISIC_0029988,1,NV,5682,HAM_0002212,4
ISIC_0029989,1,NV,5683,HAM_0000834,8
ISIC_0029990,1,NV,5684,HAM_0002858,9
ISIC_0029991,4,BKL,5685,HAM_0003899,2
ISIC_0029992,1,NV,5686,HAM_0002735,7
ISIC_0029993,1,NV,5687,HAM_0005987,9
ISIC_0029994,1,NV,5688,HAM_0007080,4
ISIC_0029995,0,MEL,5689,HAM_0001835,6
ISIC_0029996,1,NV,5690,HAM_0004001,1
ISIC_0029997,1,NV,5691,HAM_0000526,0
ISIC_0029998,1,NV,5692,HAM_0005401,7
ISIC_0029999,1,NV,5693,HAM_0001373,9
ISIC_0030000,1,NV,5694,HAM_0004735,2
ISIC_0030001,1,NV,5695,HAM_0001658,0
ISIC_0030002,0,MEL,5696,HAM_0005746,9
ISIC_0030003,1,NV,5697,HAM_0005229,2
ISIC_0030004,1,NV,5698,HAM_0007482,4
ISIC_0030005,4,BKL,5699,HAM_0003021,3
ISIC_0030006,1,NV,5700,HAM_0003546,9
ISIC_0030007,4,BKL,5701,HAM_0004105,5
ISIC_0030008,1,NV,5702,HAM_0007317,7
ISIC_0030009,1,NV,5703,HAM_0006454,2
ISIC_0030010,2,BCC,5704,HAM_0006548,3
ISIC_0030011,5,DF,5705,HAM_0004371,8
ISIC_0030012,1,NV,5706,HAM_0000253,6
ISIC_0030013,1,NV,5707,HAM_0001530,9
ISIC_0030014,0,MEL,5708,HAM_0005742,2
ISIC_0030015,5,DF,5709,HAM_0006542,7
ISIC_0030016,1,NV,5710,HAM_0003673,5
ISIC_0030017,1,NV,5711,HAM_0002643,2
ISIC_0030018,1,NV,5712,HAM_0002573,9
ISIC_0030019,1,NV,5713,HAM_0006967,5
ISIC_0030020,1,NV,5714,HAM_0003986,9
ISIC_0030021,5,DF,5715,HAM_0001164,1
ISIC_0030022,1,NV,5716,HAM_0002347,1
ISIC_0030023,1,NV,5717,HAM_0001706,9
ISIC_0030024,1,NV,5718,HAM_0001650,0
ISIC_0030025,1,NV,5719,HAM_0003391,2
ISIC_0030026,4,BKL,5720,HAM_0004400,8
ISIC_0030027,1,NV,5721,HAM_0002860,9
ISIC_0030028,1,NV,5722,HAM_0004645,6
ISIC_0030029,1,NV,5723,HAM_0005437,0
ISIC_0030030,1,NV,5724,HAM_0007382,7
ISIC_0030031,0,MEL,5725,HAM_0007102,3
ISIC_0030032,0,MEL,5726,HAM_0005724,1
ISIC_0030033,1,NV,5727,HAM_0002572,2
ISIC_0030034,0,MEL,5728,HAM_0006207,8
ISIC_0030035,1,NV,5729,HAM_0001065,1
ISIC_0030036,3,AKIEC,5730,HAM_0007008,1
ISIC_0030037,1,NV,5731,HAM_0002568,0
ISIC_0030038,1,NV,5732,HAM_0001956,2
ISIC_0030039,1,NV,5733,HAM_0001737,6
ISIC_0030040,1,NV,5734,HAM_0003543,3
ISIC_0030041,1,NV,5735,HAM_0000925,2
ISIC_0030042,1,NV,5736,HAM_0004436,1
ISIC_0030043,1,NV,5737,HAM_0002549,7
ISIC_0030044,1,NV,5738,HAM_0001776,9
ISIC_0030045,1,NV,5739,HAM_0006864,5
ISIC_0030046,1,NV,5740,HAM_0001917,9
ISIC_0030047,0,MEL,5741,HAM_0007242,9
ISIC_0030048,1,NV,5742,HAM_0003621,9
ISIC_0030049,1,NV,5743,HAM_0007469,8
ISIC_0030050,1,NV,5744,HAM_0001662,6
ISIC_0030051,1,NV,5745,HAM_0003581,9
ISIC_0030052,1,NV,5746,HAM_0003722,1
ISIC_0030053,1,NV,5747,HAM_0000261,9
ISIC_0030054,1,NV,5748,HAM_0001377,3
ISIC_0030055,1,NV,5749,HAM_0006743,6
ISIC_0030056,4,BKL,5750,HAM_0003982,8
ISIC_0030057,1,NV,5751,HAM_0001157,2
ISIC_0030058,1,NV,5752,HAM_0005794,3
ISIC_0030059,1,NV,5753,HAM_0005246,7
ISIC_0030060,0,MEL,5754,HAM_0004126,2
ISIC_0030061,1,NV,5755,HAM_0000836,3
ISIC_0030062,1,NV,5756,HAM_0001293,7
ISIC_0030063,1,NV,5757,HAM_0007464,4
ISIC_0030064,1,NV,5758,HAM_0006048,7
ISIC_0030065,1,NV,5759,HAM_0001817,8
ISIC_0030066,1,NV,5760,HAM_0007089,5
ISIC_0030067,4,BKL,5761,HAM_0001589,1
ISIC_0030068,1,NV,5762,HAM_0005322,4
ISIC_0030069,1,NV,5763,HAM_0004833,0
ISIC_0030070,6,VASC,5764,HAM_0007020,3
ISIC_0030071,1,NV,5765,HAM_0002883,6
ISIC_0030072,1,NV,5766,HAM_0005384,8
ISIC_0030073,1,NV,5767,HAM_0005764,7
ISIC_0030074,1,NV,5768,HAM_0000140,4
ISIC_0030075,1,NV,5769,HAM_0003563,1
ISIC_0030076,3,AKIEC,5770,HAM_0007085,9
ISIC_0030077,1,NV,5771,HAM_0003828,0
ISIC_0030078,1,NV,5772,HAM_0005796,8
ISIC_0030079,1,NV,5773,HAM_0003241,2
ISIC_0030080,0,MEL,5774,HAM_0006900,0
ISIC_0030081,4,BKL,5775,HAM_0004327,1
ISIC_0030082,1,NV,5776,HAM_0006154,4
ISIC_0030083,0,MEL,5777,HAM_0005746,9
ISIC_0030084,1,NV,5778,HAM_0004616,0
ISIC_0030085,1,NV,5779,HAM_0000012,6
ISIC_0030086,1,NV,5780,HAM_0000229,4
ISIC_0030087,1,NV,5781,HAM_0006248,0
ISIC_0030088,4,BKL,5782,HAM_0000659,6
ISIC_0030089,0,MEL,5783,HAM_0007620,9
ISIC_0030090,1,NV,5784,HAM_0005756,1
ISIC_0030091,1,NV,5785,HAM_0005829,2
ISIC_0030092,1,NV,5786,HAM_0002000,6
ISIC_0030093,1,NV,5787,HAM_0000275,7
ISIC_0030094,2,BCC,5788,HAM_0003101,6
ISIC_0030095,4,BKL,5789,HAM_0000050,6
ISIC_0030096,2,BCC,5790,HAM_0003669,8
ISIC_0030097,1,NV,5791,HAM_0007487,6
ISIC_0030098,1,NV,5792,HAM_0003975,3
ISIC_0030099,1,NV,5793,HAM_0000474,7
ISIC_0030100,1,NV,5794,HAM_0002694,9
ISIC_0030101,1,NV,5795,HAM_0004712,9
ISIC_0030102,1,NV,5796,HAM_0005449,6
ISIC_0030103,1,NV,5797,HAM_0001148,2
ISIC_0030104,6,VASC,5798,HAM_0001122,4
ISIC_0030105,4,BKL,5799,HAM_0003670,5
ISIC_0030106,0,MEL,5800,HAM_0001531,7
ISIC_0030107,0,MEL,5801,HAM_0004888,4
ISIC_0030108,1,NV,5802,HAM_0005165,1
ISIC_0030109,1,NV,5803,HAM_0000606,4
ISIC_0030110,0,MEL,5804,HAM_0001655,8
ISIC_0030111,1,NV,5805,HAM_0001864,9
ISIC_0030112,1,NV,5806,HAM_0005152,6
ISIC_0030113,1,NV,5807,HAM_0005729,8
ISIC_0030114,2,BCC,5808,HAM_0005998,5
ISIC_0030115,1,NV,5809,HAM_0003822,6
ISIC_0030116,1,NV,5810,HAM_0000182,0
ISIC_0030117,1,NV,5811,HAM_0001361,4
ISIC_0030118,4,BKL,5812,HAM_0003613,7
ISIC_0030119,0,MEL,5813,HAM_0005557,9
ISIC_0030120,1,NV,5814,HAM_0000729,8
ISIC_0030121,1,NV,5815,HAM_0003088,6
ISIC_0030122,0,MEL,5816,HAM_0003171,7
ISIC_0030123,4,BKL,5817,HAM_0006652,8
ISIC_0030124,4,BKL,5818,HAM_0004807,3
ISIC_0030125,1,NV,5819,HAM_0001680,9
ISIC_0030126,1,NV,5820,HAM_0005651,3
ISIC_0030127,1,NV,5821,HAM_0004698,9
ISIC_0030128,1,NV,5822,HAM_0002466,8
ISIC_0030129,0,MEL,5823,HAM_0003558,5
ISIC_0030130,4,BKL,5824,HAM_0001743,1
ISIC_0030131,1,NV,5825,HAM_0002064,6
ISIC_0030132,1,NV,5826,HAM_0005857,6
ISIC_0030133,3,AKIEC,5827,HAM_0001152,6
ISIC_0030134,0,MEL,5828,HAM_0001203,5
ISIC_0030135,1,NV,5829,HAM_0001297,3
ISIC_0030136,1,NV,5830,HAM_0001867,5
ISIC_0030137,4,BKL,5831,HAM_0002357,8
ISIC_0030138,2,BCC,5832,HAM_0006111,6
ISIC_0030139,1,NV,5833,HAM_0003653,6
ISIC_0030140,1,NV,5834,HAM_0006512,8
ISIC_0030141,1,NV,5835,HAM_0001798,8
ISIC_0030142,3,AKIEC,5836,HAM_0006434,9
ISIC_0030143,3,AKIEC,5837,HAM_0005978,5
ISIC_0030144,1,NV,5838,HAM_0004996,8
ISIC_0030145,2,BCC,5839,HAM_0001326,9
ISIC_0030146,1,NV,5840,HAM_0006895,7
ISIC_0030147,1,NV,5841,HAM_0004366,9
ISIC_0030148,1,NV,5842,HAM_0000381,6
ISIC_0030149,1,NV,5843,HAM_0003693,9
ISIC_0030150,0,MEL,5844,HAM_0005124,0
ISIC_0030151,1,NV,5845,HAM_0004614,0
ISIC_0030152,1,NV,5846,HAM_0000043,7
ISIC_0030153,1,NV,5847,HAM_0005836,5
ISIC_0030154,1,NV,5848,HAM_0000293,1
ISIC_0030155,1,NV,5849,HAM_0005817,2
ISIC_0030156,1,NV,5850,HAM_0004954,9
ISIC_0030157,1,NV,5851,HAM_0002173,3
ISIC_0030158,3,AKIEC,5852,HAM_0005255,2
ISIC_0030159,1,NV,5853,HAM_0007208,2
ISIC_0030160,4,BKL,5854,HAM_0002043,5
ISIC_0030161,1,NV,5855,HAM_0000622,5
ISIC_0030162,1,NV,5856,HAM_0006468,2
ISIC_0030163,1,NV,5857,HAM_0006140,3
ISIC_0030164,1,NV,5858,HAM_0002828,9
ISIC_0030165,0,MEL,5859,HAM_0005911,4
ISIC_0030166,1,NV,5860,HAM_0007270,0
ISIC_0030167,1,NV,5861,HAM_0004372,6
ISIC_0030168,1,NV,5862,HAM_0000966,6
ISIC_0030169,1,NV,5863,HAM_0005240,4
ISIC_0030170,1,NV,5864,HAM_0006845,9
ISIC_0030171,0,MEL,5865,HAM_0006253,6
ISIC_0030172,4,BKL,5866,HAM_0002722,8
ISIC_0030173,4,BKL,5867,HAM_0001982,5
ISIC_0030174,1,NV,5868,HAM_0005259,1
ISIC_0030175,3,AKIEC,5869,HAM_0003051,4
ISIC_0030176,1,NV,5870,HAM_0005450,2
ISIC_0030177,2,BCC,5871,HAM_0000463,9
ISIC_0030178,1,NV,5872,HAM_0003533,5
ISIC_0030179,1,NV,5873,HAM_0001507,5
ISIC_0030180,1,NV,5874,HAM_0000362,1
ISIC_0030181,2,BCC,5875,HAM_0005985,3
ISIC_0030182,1,NV,5876,HAM_0000690,6
ISIC_0030183,0,MEL,5877,HAM_0005532,8
ISIC_0030184,1,NV,5878,HAM_0004138,0
ISIC_0030185,1,NV,5879,HAM_0001204,0
ISIC_0030186,1,NV,5880,HAM_0006850,1
ISIC_0030187,0,MEL,5881,HAM_0002622,9
ISIC_0030188,4,BKL,5882,HAM_0006240,2
ISIC_0030189,4,BKL,5883,HAM_0000959,7
ISIC_0030190,1,NV,5884,HAM_0003956,6
ISIC_0030191,3,AKIEC,5885,HAM_0003161,2
ISIC_0030192,0,MEL,5886,HAM_0006453,3
ISIC_0030193,1,NV,5887,HAM_0000671,6
ISIC_0030194,1,NV,5888,HAM_0000589,3
ISIC_0030195,1,NV,5889,HAM_0004110,5
ISIC_0030196,1,NV,5890,HAM_0006361,6
ISIC_0030197,2,BCC,5891,HAM_0006727,5
ISIC_0030198,1,NV,5892,HAM_0005695,6
ISIC_0030199,1,NV,5893,HAM_0001165,2
ISIC_0030200,1,NV,5894,HAM_0000495,1
ISIC_0030201,1,NV,5895,HAM_0005638,9
ISIC_0030202,1,NV,5896,HAM_0003644,6
ISIC_0030203,4,BKL,5897,HAM_0001896,7
ISIC_0030204,1,NV,5898,HAM_0005104,9
ISIC_0030205,1,NV,5899,HAM_0007322,9
ISIC_0030206,1,NV,5900,HAM_0000191,1
ISIC_0030207,4,BKL,5901,HAM_0001399,4
ISIC_0030208,4,BKL,5902,HAM_0003152,5
ISIC_0030209,1,NV,5903,HAM_0000266,8
ISIC_0030210,1,NV,5904,HAM_0004534,1
ISIC_0030211,0,MEL,5905,HAM_0004126,4
ISIC_0030212,1,NV,5906,HAM_0000605,0
ISIC_0030213,1,NV,5907,HAM_0005622,2
ISIC_0030214,1,NV,5908,HAM_0006216,1
ISIC_0030215,1,NV,5909,HAM_0002978,4
ISIC_0030216,1,NV,5910,HAM_0001951,4
ISIC_0030217,1,NV,5911,HAM_0002137,7
ISIC_0030218,1,NV,5912,HAM_0002098,8
ISIC_0030219,1,NV,5913,HAM_0006681,2
ISIC_0030220,1,NV,5914,HAM_0004810,5
ISIC_0030221,1,NV,5915,HAM_0001350,5
ISIC_0030222,1,NV,5916,HAM_0002213,7
ISIC_0030223,0,MEL,5917,HAM_0005642,4
ISIC_0030224,1,NV,5918,HAM_0001802,4
ISIC_0030225,1,NV,5919,HAM_0005085,7
ISIC_0030226,4,BKL,5920,HAM_0000069,0
ISIC_0030227,4,BKL,5921,HAM_0004917,3
ISIC_0030228,1,NV,5922,HAM_0002777,3
ISIC_0030229,1,NV,5923,HAM_0003579,3
ISIC_0030230,2,BCC,5924,HAM_0007588,7
ISIC_0030231,4,BKL,5925,HAM_0003938,1
ISIC_0030232,1,NV,5926,HAM_0005092,7
ISIC_0030233,2,BCC,5927,HAM_0003112,5
ISIC_0030234,1,NV,5928,HAM_0002152,3
ISIC_0030235,1,NV,5929,HAM_0002896,8
ISIC_0030236,1,NV,5930,HAM_0004368,7
ISIC_0030237,1,NV,5931,HAM_0003210,8
ISIC_0030238,0,MEL,5932,HAM_0000375,2
ISIC_0030239,1,NV,5933,HAM_0001648,1
ISIC_0030240,4,BKL,5934,HAM_0003392,3
ISIC_0030241,4,BKL,5935,HAM_0001294,5
ISIC_0030242,3,AKIEC,5936,HAM_0006898,1
ISIC_0030243,1,NV,5937,HAM_0000721,6
ISIC_0030244,5,DF,5938,HAM_0007526,7
ISIC_0030245,3,AKIEC,5939,HAM_0004780,8
ISIC_0030246,0,MEL,5940,HAM_0003149,5
ISIC_0030247,1,NV,5941,HAM_0003767,5
ISIC_0030248,1,NV,5942,HAM_0006403,6
ISIC_0030249,2,BCC,5943,HAM_0003444,0
ISIC_0030250,1,NV,5944,HAM_0002163,3
ISIC_0030251,1,NV,5945,HAM_0001989,6
ISIC_0030252,1,NV,5946,HAM_0002263,0
ISIC_0030253,1,NV,5947,HAM_0005670,8
ISIC_0030254,1,NV,5948,HAM_0006759,1
ISIC_0030255,0,MEL,5949,HAM_0002817,0
ISIC_0030256,1,NV,5950,HAM_0001586,4
ISIC_0030257,1,NV,5951,HAM_0001370,8
ISIC_0030258,4,BKL,5952,HAM_0004945,4
ISIC_0030259,1,NV,5953,HAM_0000665,2
ISIC_0030260,1,NV,5954,HAM_0006821,1
ISIC_0030261,2,BCC,5955,HAM_0004871,1
ISIC_0030262,1,NV,5956,HAM_0006474,3
ISIC_0030263,1,NV,5957,HAM_0003672,6
ISIC_0030264,1,NV,5958,HAM_0007221,7
ISIC_0030265,1,NV,5959,HAM_0003374,7
ISIC_0030266,1,NV,5960,HAM_0007458,4
ISIC_0030267,1,NV,5961,HAM_0000877,2
ISIC_0030268,1,NV,5962,HAM_0004717,3
ISIC_0030269,1,NV,5963,HAM_0006817,6
ISIC_0030270,1,NV,5964,HAM_0002029,7
ISIC_0030271,2,BCC,5965,HAM_0005469,0
ISIC_0030272,4,BKL,5966,HAM_0006697,7
ISIC_0030273,1,NV,5967,HAM_0004524,4
ISIC_0030274,1,NV,5968,HAM_0005100,9
ISIC_0030275,6,VASC,5969,HAM_0002692,9
ISIC_0030276,4,BKL,5970,HAM_0004075,2
ISIC_0030277,0,MEL,5971,HAM_0004047,2
ISIC_0030278,1,NV,5972,HAM_0001545,1
ISIC_0030279,1,NV,5973,HAM_0002936,6
ISIC_0030280,3,AKIEC,5974,HAM_0003633,2
ISIC_0030281,0,MEL,5975,HAM_0003315,3
ISIC_0030282,1,NV,5976,HAM_0005211,0
ISIC_0030283,6,VASC,5977,HAM_0007372,4
ISIC_0030284,1,NV,5978,HAM_0003192,5
ISIC_0030285,1,NV,5979,HAM_0005178,4
ISIC_0030286,1,NV,5980,HAM_0000793,7
ISIC_0030287,1,NV,5981,HAM_0004055,1
ISIC_0030288,1,NV,5982,HAM_0003626,7
ISIC_0030289,1,NV,5983,HAM_0002836,7
ISIC_0030290,1,NV,5984,HAM_0004391,4
ISIC_0030291,1,NV,5985,HAM_0004983,3
ISIC_0030292,1,NV,5986,HAM_0002387,0
ISIC_0030293,1,NV,5987,HAM_0007618,1
ISIC_0030294,1,NV,5988,HAM_0007215,1
ISIC_0030295,1,NV,5989,HAM_0007404,5
ISIC_0030296,1,NV,5990,HAM_0005795,1
ISIC_0030297,3,AKIEC,5991,HAM_0001621,6
ISIC_0030298,1,NV,5992,HAM_0003336,2
ISIC_0030299,1,NV,5993,HAM_0006554,3
ISIC_0030300,1,NV,5994,HAM_0002284,3
ISIC_0030301,1,NV,5995,HAM_0000788,4
ISIC_0030302,1,NV,5996,HAM_0000058,1
ISIC_0030303,1,NV,5997,HAM_0005143,0
ISIC_0030304,1,NV,5998,HAM_0000493,1
ISIC_0030305,1,NV,5999,HAM_0007577,3
ISIC_0030306,1,NV,6000,HAM_0001904,2
ISIC_0030307,1,NV,6001,HAM_0003798,1
ISIC_0030308,1,NV,6002,HAM_0006250,1
ISIC_0030309,1,NV,6003,HAM_0006322,7
ISIC_0030310,4,BKL,6004,HAM_0006993,8
ISIC_0030311,1,NV,6005,HAM_0000836,0
ISIC_0030312,1,NV,6006,HAM_0004762,2
ISIC_0030313,1,NV,6007,HAM_0003902,2
ISIC_0030314,2,BCC,6008,HAM_0004536,7
ISIC_0030315,1,NV,6009,HAM_0002584,1
ISIC_0030316,4,BKL,6010,HAM_0000441,1
ISIC_0030317,1,NV,6011,HAM_0001050,2
ISIC_0030318,4,BKL,6012,HAM_0004423,4
ISIC_0030319,4,BKL,6013,HAM_0003508,7
ISIC_0030320,1,NV,6014,HAM_0006646,5
ISIC_0030321,5,DF,6015,HAM_0003555,7
ISIC_0030322,1,NV,6016,HAM_0005279,7
ISIC_0030323,4,BKL,6017,HAM_0004232,7
ISIC_0030324,0,MEL,6018,HAM_0005095,3
ISIC_0030325,1,NV,6019,HAM_0004493,4
ISIC_0030326,1,NV,6020,HAM_0000262,7
ISIC_0030327,1,NV,6021,HAM_0005815,7
ISIC_0030328,1,NV,6022,HAM_0001334,9
ISIC_0030329,4,BKL,6023,HAM_0003279,2
ISIC_0030330,1,NV,6024,HAM_0002399,3
ISIC_0030331,1,NV,6025,HAM_0006163,8
ISIC_0030332,1,NV,6026,HAM_0007035,0
ISIC_0030333,0,MEL,6027,HAM_0004853,7
ISIC_0030334,1,NV,6028,HAM_0001497,7
ISIC_0030335,2,BCC,6029,HAM_0004603,5
ISIC_0030336,1,NV,6030,HAM_0006551,8
ISIC_0030337,1,NV,6031,HAM_0002640,8
ISIC_0030338,1,NV,6032,HAM_0001775,4
ISIC_0030339,2,BCC,6033,HAM_0000915,7
ISIC_0030340,1,NV,6034,HAM_0006972,5
ISIC_0030341,3,AKIEC,6035,HAM_0004558,6
ISIC_0030342,1,NV,6036,HAM_0006508,3
ISIC_0030343,1,NV,6037,HAM_0006570,9
ISIC_0030344,3,AKIEC,6038,HAM_0007199,4
ISIC_0030345,1,NV,6039,HAM_0004598,9
ISIC_0030346,4,BKL,6040,HAM_0005146,8
ISIC_0030347,1,NV,6041,HAM_0006019,9
ISIC_0030348,1,NV,6042,HAM_0002364,0
ISIC_0030349,2,BCC,6043,HAM_0006572,5
ISIC_0030350,1,NV,6044,HAM_0006822,1
ISIC_0030351,1,NV,6045,HAM_0004017,0
ISIC_0030352,2,BCC,6046,HAM_0001129,6
ISIC_0030353,1,NV,6047,HAM_0000737,4
ISIC_0030354,1,NV,6048,HAM_0003987,2
ISIC_0030355,1,NV,6049,HAM_0002159,6
ISIC_0030356,0,MEL,6050,HAM_0005481,7
ISIC_0030357,1,NV,6051,HAM_0004026,2
ISIC_0030358,1,NV,6052,HAM_0005960,9
ISIC_0030359,1,NV,6053,HAM_0007435,2
ISIC_0030360,0,MEL,6054,HAM_0000220,1
ISIC_0030361,1,NV,6055,HAM_0001470,6
ISIC_0030362,1,NV,6056,HAM_0000135,2
ISIC_0030363,1,NV,6057,HAM_0004112,3
ISIC_0030364,1,NV,6058,HAM_0001709,6
ISIC_0030365,4,BKL,6059,HAM_0004801,5
ISIC_0030366,0,MEL,6060,HAM_0002764,2
ISIC_0030367,1,NV,6061,HAM_0003320,0
ISIC_0030368,1,NV,6062,HAM_0006422,1
ISIC_0030369,4,BKL,6063,HAM_0003514,2
ISIC_0030370,1,NV,6064,HAM_0000889,0
ISIC_0030371,1,NV,6065,HAM_0005342,2
ISIC_0030372,4,BKL,6066,HAM_0000881,7
ISIC_0030373,1,NV,6067,HAM_0007362,5
ISIC_0030374,1,NV,6068,HAM_0007095,7
ISIC_0030375,3,AKIEC,6069,HAM_0007037,6
ISIC_0030376,1,NV,6070,HAM_0000053,0
ISIC_0030377,4,BKL,6071,HAM_0001983,1
ISIC_0030378,1,NV,6072,HAM_0004128,3
ISIC_0030379,1,NV,6073,HAM_0003416,7
ISIC_0030380,1,NV,6074,HAM_0002405,3
ISIC_0030381,1,NV,6075,HAM_0005702,4
ISIC_0030382,0,MEL,6076,HAM_0005640,7
ISIC_0030383,4,BKL,6077,HAM_0003996,7
ISIC_0030384,1,NV,6078,HAM_0001169,8
ISIC_0030385,1,NV,6079,HAM_0000997,0
ISIC_0030386,1,NV,6080,HAM_0003201,1
ISIC_0030387,3,AKIEC,6081,HAM_0005650,5
ISIC_0030388,1,NV,6082,HAM_0000936,5
ISIC_0030389,1,NV,6083,HAM_0005645,0
ISIC_0030390,0,MEL,6084,HAM_0000917,0
ISIC_0030391,0,MEL,6085,HAM_0000337,9
ISIC_0030392,1,NV,6086,HAM_0003395,0
ISIC_0030393,1,NV,6087,HAM_0005238,4
ISIC_0030394,4,BKL,6088,HAM_0000835,4
ISIC_0030395,1,NV,6089,HAM_0002980,1
ISIC_0030396,4,BKL,6090,HAM_0004570,2
ISIC_0030397,1,NV,6091,HAM_0005614,9
ISIC_0030398,1,NV,6092,HAM_0003834,9
ISIC_0030399,1,NV,6093,HAM_0005870,8
ISIC_0030400,1,NV,6094,HAM_0001145,1
ISIC_0030401,1,NV,6095,HAM_0002370,9
ISIC_0030402,1,NV,6096,HAM_0002019,0
ISIC_0030403,2,BCC,6097,HAM_0004027,5
ISIC_0030404,1,NV,6098,HAM_0002084,6
ISIC_0030405,1,NV,6099,HAM_0006555,2
ISIC_0030406,1,NV,6100,HAM_0007548,6
ISIC_0030407,1,NV,6101,HAM_0005550,9
ISIC_0030408,3,AKIEC,6102,HAM_0002061,5
ISIC_0030409,1,NV,6103,HAM_0001181,0
ISIC_0030410,1,NV,6104,HAM_0006553,4
ISIC_0030411,1,NV,6105,HAM_0001392,1
ISIC_0030412,1,NV,6106,HAM_0002123,1
ISIC_0030413,1,NV,6107,HAM_0006546,5
ISIC_0030414,1,NV,6108,HAM_0003717,7
ISIC_0030415,1,NV,6109,HAM_0005317,1
ISIC_0030416,1,NV,6110,HAM_0003026,6
ISIC_0030417,0,MEL,6111,HAM_0004476,0
ISIC_0030418,1,NV,6112,HAM_0005283,7
ISIC_0030419,1,NV,6113,HAM_0005063,4
ISIC_0030420,1,NV,6114,HAM_0003106,4
ISIC_0030421,1,NV,6115,HAM_0007183,8
ISIC_0030422,1,NV,6116,HAM_0005980,9
ISIC_0030423,0,MEL,6117,HAM_0005121,7
ISIC_0030424,1,NV,6118,HAM_0006452,6
ISIC_0030425,1,NV,6119,HAM_0004946,2
ISIC_0030426,1,NV,6120,HAM_0002670,1
ISIC_0030427,5,DF,6121,HAM_0004371,9
ISIC_0030428,1,NV,6122,HAM_0002508,1
ISIC_0030429,1,NV,6123,HAM_0006146,1
ISIC_0030430,1,NV,6124,HAM_0003185,5
ISIC_0030431,1,NV,6125,HAM_0005833,1
ISIC_0030432,1,NV,6126,HAM_0006735,5
ISIC_0030433,1,NV,6127,HAM_0005582,9
ISIC_0030434,1,NV,6128,HAM_0005733,9
ISIC_0030435,1,NV,6129,HAM_0002877,2
ISIC_0030436,4,BKL,6130,HAM_0004883,8
ISIC_0030437,1,NV,6131,HAM_0003746,8
ISIC_0030438,1,NV,6132,HAM_0006206,1
ISIC_0030439,1,NV,6133,HAM_0002743,1
ISIC_0030440,0,MEL,6134,HAM_0002509,7
ISIC_0030441,1,NV,6135,HAM_0000479,6
ISIC_0030442,5,DF,6136,HAM_0004756,0
ISIC_0030443,0,MEL,6137,HAM_0006722,4
ISIC_0030444,1,NV,6138,HAM_0004923,5
ISIC_0030445,0,MEL,6139,HAM_0003031,6
ISIC_0030446,2,BCC,6140,HAM_0003805,7
ISIC_0030447,1,NV,6141,HAM_0003523,3
ISIC_0030448,1,NV,6142,HAM_0005013,2
ISIC_0030449,1,NV,6143,HAM_0007071,2
ISIC_0030450,1,NV,6144,HAM_0006328,6
ISIC_0030451,1,NV,6145,HAM_0006905,1
ISIC_0030452,2,BCC,6146,HAM_0004235,5
ISIC_0030453,1,NV,6147,HAM_0003116,0
ISIC_0030454,1,NV,6148,HAM_0001267,4
ISIC_0030455,1,NV,6149,HAM_0000717,5
ISIC_0030456,1,NV,6150,HAM_0000194,0
ISIC_0030457,1,NV,6151,HAM_0006662,7
ISIC_0030458,4,BKL,6152,HAM_0004494,1
ISIC_0030459,4,BKL,6153,HAM_0003140,1
ISIC_0030460,1,NV,6154,HAM_0001696,8
ISIC_0030461,1,NV,6155,HAM_0004252,9
ISIC_0030462,1,NV,6156,HAM_0004766,0
ISIC_0030463,3,AKIEC,6157,HAM_0004655,6
ISIC_0030464,1,NV,6158,HAM_0006303,7
ISIC_0030465,4,BKL,6159,HAM_0002335,2
ISIC_0030466,1,NV,6160,HAM_0004432,4
ISIC_0030467,1,NV,6161,HAM_0004759,5
ISIC_0030468,1,NV,6162,HAM_0003703,0
ISIC_0030469,1,NV,6163,HAM_0005810,4
ISIC_0030470,1,NV,6164,HAM_0001876,9
ISIC_0030471,1,NV,6165,HAM_0002540,2
ISIC_0030472,1,NV,6166,HAM_0005161,3
ISIC_0030473,1,NV,6167,HAM_0005244,7
ISIC_0030474,1,NV,6168,HAM_0005399,4
ISIC_0030475,1,NV,6169,HAM_0006051,3
ISIC_0030476,1,NV,6170,HAM_0005372,6
ISIC_0030477,1,NV,6171,HAM_0000141,0
ISIC_0030478,1,NV,6172,HAM_0000894,0
ISIC_0030479,1,NV,6173,HAM_0007566,1
ISIC_0030480,1,NV,6174,HAM_0004468,7
ISIC_0030481,1,NV,6175,HAM_0003876,7
ISIC_0030482,1,NV,6176,HAM_0006951,0
ISIC_0030483,1,NV,6177,HAM_0006569,3
ISIC_0030484,1,NV,6178,HAM_0007274,8
ISIC_0030485,1,NV,6179,HAM_0002587,0
ISIC_0030486,0,MEL,6180,HAM_0001150,7
ISIC_0030487,3,AKIEC,6181,HAM_0000688,9
ISIC_0030488,4,BKL,6182,HAM_0005262,4
ISIC_0030489,1,NV,6183,HAM_0007447,4
ISIC_0030490,1,NV,6184,HAM_0001438,5
ISIC_0030491,3,AKIEC,6185,HAM_0002441,8
ISIC_0030492,1,NV,6186,HAM_0004043,6
ISIC_0030493,1,NV,6187,HAM_0004981,7
ISIC_0030494,1,NV,6188,HAM_0004715,7
ISIC_0030495,1,NV,6189,HAM_0003111,9
ISIC_0030496,1,NV,6190,HAM_0005808,5
ISIC_0030497,1,NV,6191,HAM_0004804,5
ISIC_0030498,1,NV,6192,HAM_0003098,8
ISIC_0030499,1,NV,6193,HAM_0001086,4
ISIC_0030500,1,NV,6194,HAM_0001836,7
ISIC_0030501,0,MEL,6195,HAM_0000887,1
ISIC_0030502,1,NV,6196,HAM_0002991,9
ISIC_0030503,1,NV,6197,HAM_0005919,7
ISIC_0030504,1,NV,6198,HAM_0005014,6
ISIC_0030505,1,NV,6199,HAM_0007190,6
ISIC_0030506,1,NV,6200,HAM_0000384,3
ISIC_0030507,0,MEL,6201,HAM_0000517,6
ISIC_0030508,1,NV,6202,HAM_0006041,2
ISIC_0030509,1,NV,6203,HAM_0000027,3
ISIC_0030510,1,NV,6204,HAM_0000895,1
ISIC_0030511,2,BCC,6205,HAM_0005599,9
ISIC_0030512,0,MEL,6206,HAM_0006833,4
ISIC_0030513,1,NV,6207,HAM_0006060,8
ISIC_0030514,2,BCC,6208,HAM_0006872,4
ISIC_0030515,1,NV,6209,HAM_0004361,6
ISIC_0030516,1,NV,6210,HAM_0003312,9
ISIC_0030517,1,NV,6211,HAM_0005093,0
ISIC_0030518,1,NV,6212,HAM_0005872,3
ISIC_0030519,1,NV,6213,HAM_0005703,4
ISIC_0030520,1,NV,6214,HAM_0003221,8
ISIC_0030521,0,MEL,6215,HAM_0006522,1
ISIC_0030522,4,BKL,6216,HAM_0001325,1
ISIC_0030523,1,NV,6217,HAM_0006362,8
ISIC_0030524,1,NV,6218,HAM_0005419,8
ISIC_0030525,1,NV,6219,HAM_0007004,9
ISIC_0030526,2,BCC,6220,HAM_0002313,1
ISIC_0030527,1,NV,6221,HAM_0006713,8
ISIC_0030528,2,BCC,6222,HAM_0000512,6
ISIC_0030529,1,NV,6223,HAM_0001459,8
ISIC_0030530,1,NV,6224,HAM_0001244,4
ISIC_0030531,1,NV,6225,HAM_0000257,3
ISIC_0030532,1,NV,6226,HAM_0002766,0
ISIC_0030533,4,BKL,6227,HAM_0003664,6
ISIC_0030534,1,NV,6228,HAM_0002647,6
ISIC_0030535,1,NV,6229,HAM_0001762,9
ISIC_0030536,1,NV,6230,HAM_0002782,7
ISIC_0030537,1,NV,6231,HAM_0003997,5
ISIC_0030538,1,NV,6232,HAM_0003630,7
ISIC_0030539,0,MEL,6233,HAM_0002182,2
ISIC_0030540,1,NV,6234,HAM_0000529,2
ISIC_0030541,1,NV,6235,HAM_0006657,2
ISIC_0030542,4,BKL,6236,HAM_0002810,1
ISIC_0030543,1,NV,6237,HAM_0001745,8
ISIC_0030544,1,NV,6238,HAM_0003562,9
ISIC_0030545,1,NV,6239,HAM_0006831,1
ISIC_0030546,1,NV,6240,HAM_0006810,5
ISIC_0030547,1,NV,6241,HAM_0006956,7
ISIC_0030548,1,NV,6242,HAM_0005412,1
ISIC_0030549,3,AKIEC,6243,HAM_0002094,1
ISIC_0030550,1,NV,6244,HAM_0000219,8
ISIC_0030551,1,NV,6245,HAM_0004445,1
ISIC_0030552,0,MEL,6246,HAM_0002897,6
ISIC_0030553,1,NV,6247,HAM_0005848,6
ISIC_0030554,1,NV,6248,HAM_0005422,8
ISIC_0030555,5,DF,6249,HAM_0004330,2
ISIC_0030556,1,NV,6250,HAM_0001771,5
ISIC_0030557,1,NV,6251,HAM_0004646,8
ISIC_0030558,1,NV,6252,HAM_0007192,9
ISIC_0030559,1,NV,6253,HAM_0004944,8
ISIC_0030560,1,NV,6254,HAM_0007424,1
ISIC_0030561,4,BKL,6255,HAM_0004377,4
ISIC_0030562,1,NV,6256,HAM_0004093,1
ISIC_0030563,1,NV,6257,HAM_0007136,5
ISIC_0030564,0,MEL,6258,HAM_0005613,2
ISIC_0030565,4,BKL,6259,HAM_0004852,9
ISIC_0030566,1,NV,6260,HAM_0002464,0
ISIC_0030567,1,NV,6261,HAM_0003609,6
ISIC_0030568,1,NV,6262,HAM_0002406,4
ISIC_0030569,1,NV,6263,HAM_0003924,5
ISIC_0030570,1,NV,6264,HAM_0004885,5
ISIC_0030571,1,NV,6265,HAM_0003190,6
ISIC_0030572,1,NV,6266,HAM_0000809,8
ISIC_0030573,1,NV,6267,HAM_0003665,2
ISIC_0030574,2,BCC,6268,HAM_0000195,5
ISIC_0030575,0,MEL,6269,HAM_0002032,3
ISIC_0030576,1,NV,6270,HAM_0004414,9
ISIC_0030577,1,NV,6271,HAM_0000281,2
ISIC_0030578,1,NV,6272,HAM_0002789,3
ISIC_0030579,5,DF,6273,HAM_0002546,4
ISIC_0030580,1,NV,6274,HAM_0006702,1
ISIC_0030581,1,NV,6275,HAM_0002916,5
ISIC_0030582,1,NV,6276,HAM_0005298,6
ISIC_0030583,4,BKL,6277,HAM_0000465,1
ISIC_0030584,1,NV,6278,HAM_0005458,6
ISIC_0030585,1,NV,6279,HAM_0005720,9
ISIC_0030586,3,AKIEC,6280,HAM_0006875,8
ISIC_0030587,1,NV,6281,HAM_0001848,4
ISIC_0030588,1,NV,6282,HAM_0002979,8
ISIC_0030589,1,NV,6283,HAM_0005829,4
ISIC_0030590,1,NV,6284,HAM_0000950,8
ISIC_0030591,3,AKIEC,6285,HAM_0000005,5
ISIC_0030592,1,NV,6286,HAM_0006154,6
ISIC_0030593,1,NV,6287,HAM_0002685,4
ISIC_0030594,2,BCC,6288,HAM_0002736,0
ISIC_0030595,1,NV,6289,HAM_0002001,4
ISIC_0030596,1,NV,6290,HAM_0006285,7
ISIC_0030597,1,NV,6291,HAM_0002661,7
ISIC_0030598,1,NV,6292,HAM_0001891,2
ISIC_0030599,1,NV,6293,HAM_0004074,7
ISIC_0030600,1,NV,6294,HAM_0007157,3
ISIC_0030601,1,NV,6295,HAM_0004488,2
ISIC_0030602,3,AKIEC,6296,HAM_0007555,3
ISIC_0030603,1,NV,6297,HAM_0006921,9
ISIC_0030604,0,MEL,6298,HAM_0002613,8
ISIC_0030605,4,BKL,6299,HAM_0001820,6
ISIC_0030606,6,VASC,6300,HAM_0002610,5
ISIC_0030607,4,BKL,6301,HAM_0005075,7
ISIC_0030608,4,BKL,6302,HAM_0007029,3
ISIC_0030609,1,NV,6303,HAM_0001813,4
ISIC_0030610,1,NV,6304,HAM_0001130,5
ISIC_0030611,1,NV,6305,HAM_0001795,1
ISIC_0030612,1,NV,6306,HAM_0000467,3
ISIC_0030613,1,NV,6307,HAM_0006298,1
ISIC_0030614,1,NV,6308,HAM_0001568,1
ISIC_0030615,1,NV,6309,HAM_0001236,4
ISIC_0030616,0,MEL,6310,HAM_0005623,3
ISIC_0030617,1,NV,6311,HAM_0006778,4
ISIC_0030618,1,NV,6312,HAM_0001379,9
ISIC_0030619,1,NV,6313,HAM_0003379,8
ISIC_0030620,1,NV,6314,HAM_0006409,7
ISIC_0030621,1,NV,6315,HAM_0001101,6
ISIC_0030622,1,NV,6316,HAM_0006134,2
ISIC_0030623,0,MEL,6317,HAM_0000871,0
ISIC_0030624,1,NV,6318,HAM_0006771,5
ISIC_0030625,1,NV,6319,HAM_0007342,0
ISIC_0030626,1,NV,6320,HAM_0001031,0
ISIC_0030627,1,NV,6321,HAM_0006202,6
ISIC_0030628,1,NV,6322,HAM_0002707,2
ISIC_0030629,1,NV,6323,HAM_0004935,1
ISIC_0030630,4,BKL,6324,HAM_0003787,5
ISIC_0030631,1,NV,6325,HAM_0000883,2
ISIC_0030632,1,NV,6326,HAM_0002811,4
ISIC_0030633,1,NV,6327,HAM_0005391,6
ISIC_0030634,1,NV,6328,HAM_0000830,4
ISIC_0030635,1,NV,6329,HAM_0003640,8
ISIC_0030636,4,BKL,6330,HAM_0001226,8
ISIC_0030637,1,NV,6331,HAM_0004173,7
ISIC_0030638,1,NV,6332,HAM_0005976,1
ISIC_0030639,1,NV,6333,HAM_0000815,1
ISIC_0030640,1,NV,6334,HAM_0007311,9
ISIC_0030641,1,NV,6335,HAM_0006079,7
ISIC_0030642,1,NV,6336,HAM_0007023,5
ISIC_0030643,1,NV,6337,HAM_0004894,2
ISIC_0030644,2,BCC,6338,HAM_0003853,9
ISIC_0030645,1,NV,6339,HAM_0003911,4
ISIC_0030646,1,NV,6340,HAM_0007074,3
ISIC_0030647,1,NV,6341,HAM_0002987,4
ISIC_0030648,1,NV,6342,HAM_0003607,2
ISIC_0030649,4,BKL,6343,HAM_0005420,5
ISIC_0030650,1,NV,6344,HAM_0000538,9
ISIC_0030651,1,NV,6345,HAM_0004374,6
ISIC_0030652,1,NV,6346,HAM_0002628,7
ISIC_0030653,0,MEL,6347,HAM_0003957,1
ISIC_0030654,1,NV,6348,HAM_0000597,3
ISIC_0030655,3,AKIEC,6349,HAM_0000356,7
ISIC_0030656,1,NV,6350,HAM_0003825,5
ISIC_0030657,1,NV,6351,HAM_0005639,9
ISIC_0030658,1,NV,6352,HAM_0002474,7
ISIC_0030659,2,BCC,6353,HAM_0001618,3
ISIC_0030660,1,NV,6354,HAM_0003128,7
ISIC_0030661,4,BKL,6355,HAM_0003847,9
ISIC_0030662,1,NV,6356,HAM_0006179,6
ISIC_0030663,1,NV,6357,HAM_0006104,2
ISIC_0030664,1,NV,6358,HAM_0007123,9
ISIC_0030665,5,DF,6359,HAM_0005359,8
ISIC_0030666,1,NV,6360,HAM_0005188,1
ISIC_0030667,1,NV,6361,HAM_0004530,1
ISIC_0030668,1,NV,6362,HAM_0006579,7
ISIC_0030669,1,NV,6363,HAM_0007244,5
ISIC_0030670,1,NV,6364,HAM_0000726,6
ISIC_0030671,1,NV,6365,HAM_0006578,9
ISIC_0030672,1,NV,6366,HAM_0007255,0
ISIC_0030673,1,NV,6367,HAM_0001144,4
ISIC_0030674,1,NV,6368,HAM_0006905,7
ISIC_0030675,1,NV,6369,HAM_0003568,4
ISIC_0030676,1,NV,6370,HAM_0005054,9
ISIC_0030677,4,BKL,6371,HAM_0004453,1
ISIC_0030678,1,NV,6372,HAM_0006591,7
ISIC_0030679,1,NV,6373,HAM_0005784,4
ISIC_0030680,1,NV,6374,HAM_0002381,9
ISIC_0030681,0,MEL,6375,HAM_0004397,3
ISIC_0030682,1,NV,6376,HAM_0002924,6
ISIC_0030683,4,BKL,6377,HAM_0001024,3
ISIC_0030684,1,NV,6378,HAM_0007328,5
ISIC_0030685,1,NV,6379,HAM_0000585,4
ISIC_0030686,1,NV,6380,HAM_0001592,7
ISIC_0030687,2,BCC,6381,HAM_0000791,6
ISIC_0030688,1,NV,6382,HAM_0003475,8
ISIC_0030689,0,MEL,6383,HAM_0000952,4
ISIC_0030690,2,BCC,6384,HAM_0004514,3
ISIC_0030691,1,NV,6385,HAM_0006081,0
ISIC_0030692,1,NV,6386,HAM_0001828,9
ISIC_0030693,1,NV,6387,HAM_0005314,3
ISIC_0030694,1,NV,6388,HAM_0002490,9
ISIC_0030695,0,MEL,6389,HAM_0004164,9
ISIC_0030696,1,NV,6390,HAM_0003796,2
ISIC_0030697,1,NV,6391,HAM_0001141,8
ISIC_0030698,4,BKL,6392,HAM_0006574,5
ISIC_0030699,1,NV,6393,HAM_0006688,5
ISIC_0030700,4,BKL,6394,HAM_0004422,9
ISIC_0030701,1,NV,6395,HAM_0005045,9
ISIC_0030702,1,NV,6396,HAM_0002246,9
ISIC_0030703,1,NV,6397,HAM_0002373,3
ISIC_0030704,1,NV,6398,HAM_0005966,7
ISIC_0030705,4,BKL,6399,HAM_0004141,6
ISIC_0030706,4,BKL,6400,HAM_0003089,4
ISIC_0030707,3,AKIEC,6401,HAM_0001890,7
ISIC_0030708,1,NV,6402,HAM_0002162,0
ISIC_0030709,1,NV,6403,HAM_0000249,6
ISIC_0030710,1,NV,6404,HAM_0007484,5
ISIC_0030711,1,NV,6405,HAM_0002418,8
ISIC_0030712,2,BCC,6406,HAM_0007248,7
ISIC_0030713,1,NV,6407,HAM_0006866,9
ISIC_0030714,3,AKIEC,6408,HAM_0003989,2
ISIC_0030715,1,NV,6409,HAM_0003339,2
ISIC_0030716,1,NV,6410,HAM_0006308,9
ISIC_0030717,1,NV,6411,HAM_0000431,6
ISIC_0030718,1,NV,6412,HAM_0005373,1
ISIC_0030719,1,NV,6413,HAM_0000633,2
ISIC_0030720,1,NV,6414,HAM_0002663,6
ISIC_0030721,4,BKL,6415,HAM_0006769,8
ISIC_0030722,6,VASC,6416,HAM_0004820,7
ISIC_0030723,4,BKL,6417,HAM_0000782,8
ISIC_0030724,1,NV,6418,HAM_0000862,7
ISIC_0030725,1,NV,6419,HAM_0000300,3
ISIC_0030726,1,NV,6420,HAM_0002255,8
ISIC_0030727,1,NV,6421,HAM_0005957,5
ISIC_0030728,1,NV,6422,HAM_0006842,2
ISIC_0030729,1,NV,6423,HAM_0003048,1
ISIC_0030730,3,AKIEC,6424,HAM_0004592,2
ISIC_0030731,4,BKL,6425,HAM_0005865,7
ISIC_0030732,1,NV,6426,HAM_0006366,6
ISIC_0030733,1,NV,6427,HAM_0006245,3
ISIC_0030734,1,NV,6428,HAM_0004692,7
ISIC_0030735,1,NV,6429,HAM_0004837,1
ISIC_0030736,1,NV,6430,HAM_0004818,3
ISIC_0030737,2,BCC,6431,HAM_0003119,3
ISIC_0030738,1,NV,6432,HAM_0004560,1
ISIC_0030739,1,NV,6433,HAM_0002678,3
ISIC_0030740,1,NV,6434,HAM_0002319,3
ISIC_0030741,1,NV,6435,HAM_0003912,3
ISIC_0030742,1,NV,6436,HAM_0000603,4
ISIC_0030743,1,NV,6437,HAM_0003513,1
ISIC_0030744,4,BKL,6438,HAM_0000847,2
ISIC_0030745,1,NV,6439,HAM_0000115,4
ISIC_0030746,2,BCC,6440,HAM_0004621,1
ISIC_0030747,0,MEL,6441,HAM_0006380,4
ISIC_0030748,1,NV,6442,HAM_0000540,3
ISIC_0030749,1,NV,6443,HAM_0006153,5
ISIC_0030750,1,NV,6444,HAM_0005277,0
ISIC_0030751,1,NV,6445,HAM_0002813,2
ISIC_0030752,1,NV,6446,HAM_0001483,9
ISIC_0030753,1,NV,6447,HAM_0005694,5
ISIC_0030754,0,MEL,6448,HAM_0007502,9
ISIC_0030755,2,BCC,6449,HAM_0001654,9
ISIC_0030756,0,MEL,6450,HAM_0003176,3
ISIC_0030757,5,DF,6451,HAM_0003290,4
ISIC_0030758,4,BKL,6452,HAM_0000519,0
ISIC_0030759,0,MEL,6453,HAM_0001353,5
ISIC_0030760,0,MEL,6454,HAM_0005624,3
ISIC_0030761,1,NV,6455,HAM_0002949,0
ISIC_0030762,1,NV,6456,HAM_0006944,2
ISIC_0030763,1,NV,6457,HAM_0002157,8
ISIC_0030764,1,NV,6458,HAM_0001074,1
ISIC_0030765,1,NV,6459,HAM_0003188,3
ISIC_0030766,2,BCC,6460,HAM_0006351,4
ISIC_0030767,2,BCC,6461,HAM_0004685,4
ISIC_0030768,4,BKL,6462,HAM_0002127,2
ISIC_0030769,1,NV,6463,HAM_0000131,2
ISIC_0030770,6,VASC,6464,HAM_0002538,4
ISIC_0030771,1,NV,6465,HAM_0001450,1
ISIC_0030772,1,NV,6466,HAM_0005086,4
ISIC_0030773,1,NV,6467,HAM_0005840,8
ISIC_0030774,1,NV,6468,HAM_0002889,8
ISIC_0030775,1,NV,6469,HAM_0006665,5
ISIC_0030776,1,NV,6470,HAM_0000543,1
ISIC_0030777,1,NV,6471,HAM_0001224,1
ISIC_0030778,2,BCC,6472,HAM_0006800,5
ISIC_0030779,1,NV,6473,HAM_0002716,3
ISIC_0030780,1,NV,6474,HAM_0007501,2
ISIC_0030781,1,NV,6475,HAM_0000592,2
ISIC_0030782,2,BCC,6476,HAM_0000451,9
ISIC_0030783,4,BKL,6477,HAM_0006513,3
ISIC_0030784,0,MEL,6478,HAM_0005078,9
ISIC_0030785,3,AKIEC,6479,HAM_0004609,4
ISIC_0030786,1,NV,6480,HAM_0000682,1
ISIC_0030787,1,NV,6481,HAM_0005066,5
ISIC_0030788,1,NV,6482,HAM_0004785,5
ISIC_0030789,4,BKL,6483,HAM_0001223,0
ISIC_0030790,1,NV,6484,HAM_0001730,7
ISIC_0030791,1,NV,6485,HAM_0002265,9
ISIC_0030792,1,NV,6486,HAM_0000759,0
ISIC_0030793,1,NV,6487,HAM_0001712,2
ISIC_0030794,3,AKIEC,6488,HAM_0002185,1
ISIC_0030795,0,MEL,6489,HAM_0003601,3
ISIC_0030796,1,NV,6490,HAM_0006793,6
ISIC_0030797,1,NV,6491,HAM_0006691,7
ISIC_0030798,0,MEL,6492,HAM_0001913,8
ISIC_0030799,1,NV,6493,HAM_0005771,5
ISIC_0030800,2,BCC,6494,HAM_0005921,8
ISIC_0030801,4,BKL,6495,HAM_0006201,4
ISIC_0030802,1,NV,6496,HAM_0004058,5
ISIC_0030803,3,AKIEC,6497,HAM_0004012,0
ISIC_0030804,1,NV,6498,HAM_0000702,1
ISIC_0030805,1,NV,6499,HAM_0003200,9
ISIC_0030806,4,BKL,6500,HAM_0005672,0
ISIC_0030807,1,NV,6501,HAM_0004799,7
ISIC_0030808,1,NV,6502,HAM_0001710,7
ISIC_0030809,1,NV,6503,HAM_0001609,4
ISIC_0030810,1,NV,6504,HAM_0004956,0
ISIC_0030811,1,NV,6505,HAM_0001156,5
ISIC_0030812,4,BKL,6506,HAM_0005558,7
ISIC_0030813,2,BCC,6507,HAM_0006465,1
ISIC_0030814,1,NV,6508,HAM_0005675,3
ISIC_0030815,1,NV,6509,HAM_0000305,9
ISIC_0030816,1,NV,6510,HAM_0002205,1
ISIC_0030817,1,NV,6511,HAM_0000073,1
ISIC_0030818,0,MEL,6512,HAM_0002838,9
ISIC_0030819,1,NV,6513,HAM_0006302,3
ISIC_0030820,1,NV,6514,HAM_0002112,5
ISIC_0030821,3,AKIEC,6515,HAM_0006604,7
ISIC_0030822,4,BKL,6516,HAM_0005869,1
ISIC_0030823,1,NV,6517,HAM_0004902,8
ISIC_0030824,0,MEL,6518,HAM_0000330,5
ISIC_0030825,3,AKIEC,6519,HAM_0004060,4
ISIC_0030826,3,AKIEC,6520,HAM_0004384,5
ISIC_0030827,3,AKIEC,6521,HAM_0001173,3
ISIC_0030828,0,MEL,6522,HAM_0001456,4
ISIC_0030829,1,NV,6523,HAM_0005859,3
ISIC_0030830,5,DF,6524,HAM_0006794,8
ISIC_0030831,1,NV,6525,HAM_0002926,5
ISIC_0030832,1,NV,6526,HAM_0003756,1
ISIC_0030833,1,NV,6527,HAM_0000976,8
ISIC_0030834,1,NV,6528,HAM_0001871,6
ISIC_0030835,4,BKL,6529,HAM_0003574,9
ISIC_0030836,1,NV,6530,HAM_0001554,5
ISIC_0030837,1,NV,6531,HAM_0007531,5
ISIC_0030838,1,NV,6532,HAM_0007017,1
ISIC_0030839,1,NV,6533,HAM_0006926,1
ISIC_0030840,1,NV,6534,HAM_0002154,8
ISIC_0030841,1,NV,6535,HAM_0000231,7
ISIC_0030842,1,NV,6536,HAM_0006855,1
ISIC_0030843,0,MEL,6537,HAM_0001069,6
ISIC_0030844,3,AKIEC,6538,HAM_0003107,6
ISIC_0030845,1,NV,6539,HAM_0000093,3
ISIC_0030846,1,NV,6540,HAM_0006242,2
ISIC_0030847,1,NV,6541,HAM_0005153,0
ISIC_0030848,1,NV,6542,HAM_0003166,6
ISIC_0030849,4,BKL,6543,HAM_0006181,3
ISIC_0030850,1,NV,6544,HAM_0005944,2
ISIC_0030851,1,NV,6545,HAM_0000077,3
ISIC_0030852,1,NV,6546,HAM_0002628,3
ISIC_0030853,1,NV,6547,HAM_0000078,0
ISIC_0030854,1,NV,6548,HAM_0003908,3
ISIC_0030855,1,NV,6549,HAM_0007610,4
ISIC_0030856,1,NV,6550,HAM_0001730,1
ISIC_0030857,1,NV,6551,HAM_0003479,7
ISIC_0030858,1,NV,6552,HAM_0001813,2
ISIC_0030859,1,NV,6553,HAM_0006822,7
ISIC_0030860,1,NV,6554,HAM_0004911,0
ISIC_0030861,1,NV,6555,HAM_0002496,4
ISIC_0030862,1,NV,6556,HAM_0006428,4
ISIC_0030863,1,NV,6557,HAM_0005070,6
ISIC_0030864,1,NV,6558,HAM_0007394,0
ISIC_0030865,1,NV,6559,HAM_0007012,1
ISIC_0030866,1,NV,6560,HAM_0001636,8
ISIC_0030867,1,NV,6561,HAM_0007578,1
ISIC_0030868,2,BCC,6562,HAM_0001693,3
ISIC_0030869,1,NV,6563,HAM_0004838,2
ISIC_0030870,5,DF,6564,HAM_0006707,2
ISIC_0030871,1,NV,6565,HAM_0004533,5
ISIC_0030872,1,NV,6566,HAM_0004580,9
ISIC_0030873,1,NV,6567,HAM_0005745,1
ISIC_0030874,1,NV,6568,HAM_0002489,7
ISIC_0030875,1,NV,6569,HAM_0001544,7
ISIC_0030876,4,BKL,6570,HAM_0005199,7
ISIC_0030877,3,AKIEC,6571,HAM_0000193,6
ISIC_0030878,1,NV,6572,HAM_0007166,2
ISIC_0030879,1,NV,6573,HAM_0002445,0
ISIC_0030880,1,NV,6574,HAM_0004803,6
ISIC_0030881,1,NV,6575,HAM_0004101,5
ISIC_0030882,6,VASC,6576,HAM_0004455,2
ISIC_0030883,0,MEL,6577,HAM_0004326,0
ISIC_0030884,1,NV,6578,HAM_0006432,4
ISIC_0030885,1,NV,6579,HAM_0000631,0
ISIC_0030886,1,NV,6580,HAM_0003334,4
ISIC_0030887,1,NV,6581,HAM_0001305,3
ISIC_0030888,1,NV,6582,HAM_0005838,2
ISIC_0030889,1,NV,6583,HAM_0002356,3
ISIC_0030890,1,NV,6584,HAM_0000406,7
ISIC_0030891,1,NV,6585,HAM_0001025,7
ISIC_0030892,1,NV,6586,HAM_0007350,7
ISIC_0030893,2,BCC,6587,HAM_0002467,4
ISIC_0030894,1,NV,6588,HAM_0003284,4
ISIC_0030895,1,NV,6589,HAM_0006647,4
ISIC_0030896,1,NV,6590,HAM_0003406,3
ISIC_0030897,1,NV,6591,HAM_0007213,3
ISIC_0030898,0,MEL,6592,HAM_0001847,4
ISIC_0030899,1,NV,6593,HAM_0004222,7
ISIC_0030900,1,NV,6594,HAM_0006262,4
ISIC_0030901,0,MEL,6595,HAM_0002131,3
ISIC_0030902,1,NV,6596,HAM_0004790,2
ISIC_0030903,1,NV,6597,HAM_0005055,6
ISIC_0030904,1,NV,6598,HAM_0000120,0
ISIC_0030905,1,NV,6599,HAM_0004280,5
ISIC_0030906,1,NV,6600,HAM_0004847,0
ISIC_0030907,1,NV,6601,HAM_0006863,5
ISIC_0030908,1,NV,6602,HAM_0004474,7
ISIC_0030909,1,NV,6603,HAM_0000258,4
ISIC_0030910,0,MEL,6604,HAM_0001598,4
ISIC_0030911,1,NV,6605,HAM_0005111,8
ISIC_0030912,1,NV,6606,HAM_0001020,0
ISIC_0030913,1,NV,6607,HAM_0002969,2
ISIC_0030914,1,NV,6608,HAM_0001406,0
ISIC_0030915,2,BCC,6609,HAM_0003043,4
ISIC_0030916,1,NV,6610,HAM_0006642,7
ISIC_0030917,1,NV,6611,HAM_0003036,1
ISIC_0030918,1,NV,6612,HAM_0001103,3
ISIC_0030919,1,NV,6613,HAM_0005008,1
ISIC_0030920,1,NV,6614,HAM_0007385,4
ISIC_0030921,1,NV,6615,HAM_0000350,0
ISIC_0030922,1,NV,6616,HAM_0005197,3
ISIC_0030923,1,NV,6617,HAM_0005750,4
ISIC_0030924,1,NV,6618,HAM_0004049,0
ISIC_0030925,0,MEL,6619,HAM_0002613,2
ISIC_0030926,4,BKL,6620,HAM_0003021,3
ISIC_0030927,1,NV,6621,HAM_0002948,7
ISIC_0030928,1,NV,6622,HAM_0002047,2
ISIC_0030929,0,MEL,6623,HAM_0003530,6
ISIC_0030930,1,NV,6624,HAM_0001975,6
ISIC_0030931,1,NV,6625,HAM_0007493,7
ISIC_0030932,0,MEL,6626,HAM_0000241,3
ISIC_0030933,1,NV,6627,HAM_0007385,4
ISIC_0030934,1,NV,6628,HAM_0004355,1
ISIC_0030935,4,BKL,6629,HAM_0000237,8
ISIC_0030936,1,NV,6630,HAM_0002066,8
ISIC_0030937,1,NV,6631,HAM_0005173,7
ISIC_0030938,1,NV,6632,HAM_0006098,0
ISIC_0030939,1,NV,6633,HAM_0004045,7
ISIC_0030940,1,NV,6634,HAM_0002189,2
ISIC_0030941,1,NV,6635,HAM_0001297,4
ISIC_0030942,1,NV,6636,HAM_0000194,6
ISIC_0030943,1,NV,6637,HAM_0000518,5
ISIC_0030944,1,NV,6638,HAM_0000858,4
ISIC_0030945,1,NV,6639,HAM_0004443,0
ISIC_0030946,1,NV,6640,HAM_0001084,7
ISIC_0030947,1,NV,6641,HAM_0001850,7
ISIC_0030948,1,NV,6642,HAM_0001255,8
ISIC_0030949,1,NV,6643,HAM_0001271,3
ISIC_0030950,0,MEL,6644,HAM_0006160,9
ISIC_0030951,0,MEL,6645,HAM_0000590,6
ISIC_0030952,1,NV,6646,HAM_0003896,4
ISIC_0030953,3,AKIEC,6647,HAM_0005924,5
ISIC_0030954,2,BCC,6648,HAM_0003115,5
ISIC_0030955,1,NV,6649,HAM_0000657,1
ISIC_0030956,6,VASC,6650,HAM_0005713,5
ISIC_0030957,1,NV,6651,HAM_0003371,5
ISIC_0030958,1,NV,6652,HAM_0005999,2
ISIC_0030959,4,BKL,6653,HAM_0003011,9
ISIC_0030960,1,NV,6654,HAM_0000836,7
ISIC_0030961,1,NV,6655,HAM_0004412,1
ISIC_0030962,1,NV,6656,HAM_0003562,9
ISIC_0030963,1,NV,6657,HAM_0002833,0
ISIC_0030964,2,BCC,6658,HAM_0007557,8
ISIC_0030965,4,BKL,6659,HAM_0006475,5
ISIC_0030966,1,NV,6660,HAM_0004802,9
ISIC_0030967,1,NV,6661,HAM_0005881,6
ISIC_0030968,1,NV,6662,HAM_0006194,7
ISIC_0030969,1,NV,6663,HAM_0003413,3
ISIC_0030970,0,MEL,6664,HAM_0003497,1
ISIC_0030971,1,NV,6665,HAM_0001700,2
ISIC_0030972,1,NV,6666,HAM_0002181,6
ISIC_0030973,1,NV,6667,HAM_0004923,0
ISIC_0030974,1,NV,6668,HAM_0005292,9
ISIC_0030975,1,NV,6669,HAM_0005767,4
ISIC_0030976,4,BKL,6670,HAM_0001722,1
ISIC_0030977,1,NV,6671,HAM_0005154,9
ISIC_0030978,1,NV,6672,HAM_0002007,0
ISIC_0030979,1,NV,6673,HAM_0003175,9
ISIC_0030980,1,NV,6674,HAM_0003303,5
ISIC_0030981,1,NV,6675,HAM_0001552,6
ISIC_0030982,1,NV,6676,HAM_0006054,7
ISIC_0030983,1,NV,6677,HAM_0004920,2
ISIC_0030984,1,NV,6678,HAM_0000317,7
ISIC_0030985,1,NV,6679,HAM_0004679,0
ISIC_0030986,3,AKIEC,6680,HAM_0004439,1
ISIC_0030987,1,NV,6681,HAM_0001254,9
ISIC_0030988,4,BKL,6682,HAM_0006723,1
ISIC_0030989,1,NV,6683,HAM_0000784,8
ISIC_0030990,1,NV,6684,HAM_0004665,0
ISIC_0030991,3,AKIEC,6685,HAM_0001453,0
ISIC_0030992,1,NV,6686,HAM_0005151,0
ISIC_0030993,1,NV,6687,HAM_0006998,4
ISIC_0030994,1,NV,6688,HAM_0001569,5
ISIC_0030995,0,MEL,6689,HAM_0002131,4
ISIC_0030996,1,NV,6690,HAM_0007222,9
ISIC_0030997,1,NV,6691,HAM_0006825,9
ISIC_0030998,4,BKL,6692,HAM_0001053,6
ISIC_0030999,1,NV,6693,HAM_0006057,5
ISIC_0031000,4,BKL,6694,HAM_0002193,3
ISIC_0031001,1,NV,6695,HAM_0002323,1
ISIC_0031002,5,DF,6696,HAM_0007051,0
ISIC_0031003,1,NV,6697,HAM_0001578,1
ISIC_0031004,1,NV,6698,HAM_0001408,0
ISIC_0031005,0,MEL,6699,HAM_0000517,0
ISIC_0031006,1,NV,6700,HAM_0001638,4
ISIC_0031007,2,BCC,6701,HAM_0000153,2
ISIC_0031008,4,BKL,6702,HAM_0000959,9
ISIC_0031009,2,BCC,6703,HAM_0001434,9
ISIC_0031010,1,NV,6704,HAM_0002910,9
ISIC_0031011,1,NV,6705,HAM_0003919,8
ISIC_0031012,3,AKIEC,6706,HAM_0005389,1
ISIC_0031013,0,MEL,6707,HAM_0005752,6
ISIC_0031014,1,NV,6708,HAM_0002675,1
ISIC_0031015,1,NV,6709,HAM_0007518,8
ISIC_0031016,4,BKL,6710,HAM_0001603,3
ISIC_0031017,4,BKL,6711,HAM_0005772,3
ISIC_0031018,1,NV,6712,HAM_0005097,0
ISIC_0031019,1,NV,6713,HAM_0000287,3
ISIC_0031020,1,NV,6714,HAM_0005515,7
ISIC_0031021,1,NV,6715,HAM_0006780,2
ISIC_0031022,1,NV,6716,HAM_0000875,9
ISIC_0031023,0,MEL,6717,HAM_0005678,2
ISIC_0031024,4,BKL,6718,HAM_0002677,1
ISIC_0031025,0,MEL,6719,HAM_0002911,7
ISIC_0031026,2,BCC,6720,HAM_0001640,8
ISIC_0031027,1,NV,6721,HAM_0006499,3
ISIC_0031028,1,NV,6722,HAM_0002941,5
ISIC_0031029,4,BKL,6723,HAM_0001601,4
ISIC_0031030,1,NV,6724,HAM_0001832,2
ISIC_0031031,1,NV,6725,HAM_0004806,7
ISIC_0031032,1,NV,6726,HAM_0001611,3
ISIC_0031033,1,NV,6727,HAM_0006767,4
ISIC_0031034,0,MEL,6728,HAM_0000888,1
ISIC_0031035,1,NV,6729,HAM_0004253,9
ISIC_0031036,1,NV,6730,HAM_0005254,4
ISIC_0031037,4,BKL,6731,HAM_0002303,4
ISIC_0031038,1,NV,6732,HAM_0007323,1
ISIC_0031039,1,NV,6733,HAM_0000778,7
ISIC_0031040,3,AKIEC,6734,HAM_0006898,7
ISIC_0031041,2,BCC,6735,HAM_0002733,3
ISIC_0031042,1,NV,6736,HAM_0005994,8
ISIC_0031043,3,AKIEC,6737,HAM_0006217,4
ISIC_0031044,3,AKIEC,6738,HAM_0006135,5
ISIC_0031045,1,NV,6739,HAM_0001454,5
ISIC_0031046,1,NV,6740,HAM_0002657,8
ISIC_0031047,1,NV,6741,HAM_0002594,0
ISIC_0031048,1,NV,6742,HAM_0002567,4
ISIC_0031049,1,NV,6743,HAM_0001688,2
ISIC_0031050,4,BKL,6744,HAM_0006868,5
ISIC_0031051,1,NV,6745,HAM_0003748,7
ISIC_0031052,1,NV,6746,HAM_0007174,9
ISIC_0031053,1,NV,6747,HAM_0001052,9
ISIC_0031054,1,NV,6748,HAM_0007347,4
ISIC_0031055,1,NV,6749,HAM_0004180,4
ISIC_0031056,2,BCC,6750,HAM_0007507,9
ISIC_0031057,2,BCC,6751,HAM_0005509,9
ISIC_0031058,1,NV,6752,HAM_0003180,9
ISIC_0031059,1,NV,6753,HAM_0002159,7
ISIC_0031060,4,BKL,6754,HAM_0005674,0
ISIC_0031061,4,BKL,6755,HAM_0004010,7
ISIC_0031062,2,BCC,6756,HAM_0001183,6
ISIC_0031063,2,BCC,6757,HAM_0003764,7
ISIC_0031064,1,NV,6758,HAM_0000798,1
ISIC_0031065,6,VASC,6759,HAM_0000109,1
ISIC_0031066,1,NV,6760,HAM_0006488,1
ISIC_0031067,1,NV,6761,HAM_0005615,6
ISIC_0031068,1,NV,6762,HAM_0003396,7
ISIC_0031069,1,NV,6763,HAM_0003122,6
ISIC_0031070,1,NV,6764,HAM_0000632,5
ISIC_0031071,1,NV,6765,HAM_0003045,3
ISIC_0031072,1,NV,6766,HAM_0003878,0
ISIC_0031073,1,NV,6767,HAM_0001800,9
ISIC_0031074,1,NV,6768,HAM_0006420,7
ISIC_0031075,1,NV,6769,HAM_0003154,9
ISIC_0031076,1,NV,6770,HAM_0001961,8
ISIC_0031077,0,MEL,6771,HAM_0005826,5
ISIC_0031078,4,BKL,6772,HAM_0003943,4
ISIC_0031079,1,NV,6773,HAM_0003387,9
ISIC_0031080,1,NV,6774,HAM_0005561,5
ISIC_0031081,1,NV,6775,HAM_0006596,1
ISIC_0031082,1,NV,6776,HAM_0001932,8
ISIC_0031083,1,NV,6777,HAM_0002439,6
ISIC_0031084,1,NV,6778,HAM_0006562,8
ISIC_0031085,1,NV,6779,HAM_0005828,9
ISIC_0031086,1,NV,6780,HAM_0004159,5
ISIC_0031087,0,MEL,6781,HAM_0004596,3
ISIC_0031088,4,BKL,6782,HAM_0001430,1
ISIC_0031089,1,NV,6783,HAM_0003467,0
ISIC_0031090,6,VASC,6784,HAM_0001719,4
ISIC_0031091,1,NV,6785,HAM_0000174,7
ISIC_0031092,1,NV,6786,HAM_0006492,2
ISIC_0031093,6,VASC,6787,HAM_0000502,6
ISIC_0031094,1,NV,6788,HAM_0005056,2
ISIC_0031095,2,BCC,6789,HAM_0005798,0
ISIC_0031096,1,NV,6790,HAM_0005773,8
ISIC_0031097,1,NV,6791,HAM_0004003,7
ISIC_0031098,1,NV,6792,HAM_0006504,5
ISIC_0031099,1,NV,6793,HAM_0004544,8
ISIC_0031100,1,NV,6794,HAM_0006178,2
ISIC_0031101,1,NV,6795,HAM_0000621,3
ISIC_0031102,1,NV,6796,HAM_0004122,4
ISIC_0031103,6,VASC,6797,HAM_0001372,3
ISIC_0031104,1,NV,6798,HAM_0000945,3
ISIC_0031105,1,NV,6799,HAM_0002566,5
ISIC_0031106,1,NV,6800,HAM_0004100,0
ISIC_0031107,1,NV,6801,HAM_0006725,5
ISIC_0031108,3,AKIEC,6802,HAM_0004809,3
ISIC_0031109,1,NV,6803,HAM_0000869,0
ISIC_0031110,1,NV,6804,HAM_0004510,1
ISIC_0031111,1,NV,6805,HAM_0000922,0
ISIC_0031112,1,NV,6806,HAM_0001924,2
ISIC_0031113,1,NV,6807,HAM_0000707,8
ISIC_0031114,1,NV,6808,HAM_0005214,5
ISIC_0031115,1,NV,6809,HAM_0000217,5
ISIC_0031116,1,NV,6810,HAM_0004217,0
ISIC_0031117,1,NV,6811,HAM_0005176,7
ISIC_0031118,0,MEL,6812,HAM_0006900,1
ISIC_0031119,3,AKIEC,6813,HAM_0004243,9
ISIC_0031120,1,NV,6814,HAM_0002014,5
ISIC_0031121,1,NV,6815,HAM_0006205,7
ISIC_0031122,2,BCC,6816,HAM_0003389,1
ISIC_0031123,5,DF,6817,HAM_0003487,3
ISIC_0031124,1,NV,6818,HAM_0002510,3
ISIC_0031125,4,BKL,6819,HAM_0004713,0
ISIC_0031126,1,NV,6820,HAM_0003434,4
ISIC_0031127,1,NV,6821,HAM_0000144,5
ISIC_0031128,1,NV,6822,HAM_0004287,7
ISIC_0031129,1,NV,6823,HAM_0006848,4
ISIC_0031130,4,BKL,6824,HAM_0006350,4
ISIC_0031131,1,NV,6825,HAM_0004443,7
ISIC_0031132,4,BKL,6826,HAM_0006064,7
ISIC_0031133,4,BKL,6827,HAM_0007395,3
ISIC_0031134,1,NV,6828,HAM_0001934,1
ISIC_0031135,1,NV,6829,HAM_0000401,5
ISIC_0031136,1,NV,6830,HAM_0001970,3
ISIC_0031137,1,NV,6831,HAM_0005774,7
ISIC_0031138,4,BKL,6832,HAM_0004908,1
ISIC_0031139,1,NV,6833,HAM_0006683,0
ISIC_0031140,2,BCC,6834,HAM_0003229,9
ISIC_0031141,1,NV,6835,HAM_0006278,2
ISIC_0031142,1,NV,6836,HAM_0006030,7
ISIC_0031143,1,NV,6837,HAM_0006853,7
ISIC_0031144,1,NV,6838,HAM_0006316,4
ISIC_0031145,1,NV,6839,HAM_0004267,6
ISIC_0031146,0,MEL,6840,HAM_0005006,5
ISIC_0031147,1,NV,6841,HAM_0003307,6
ISIC_0031148,1,NV,6842,HAM_0005091,6
ISIC_0031149,1,NV,6843,HAM_0003833,7
ISIC_0031150,4,BKL,6844,HAM_0001094,8
ISIC_0031151,1,NV,6845,HAM_0003438,9
ISIC_0031152,1,NV,6846,HAM_0007314,2
ISIC_0031153,1,NV,6847,HAM_0004861,2
ISIC_0031154,2,BCC,6848,HAM_0005371,3
ISIC_0031155,1,NV,6849,HAM_0001797,3
ISIC_0031156,1,NV,6850,HAM_0003209,5
ISIC_0031157,1,NV,6851,HAM_0003238,0
ISIC_0031158,1,NV,6852,HAM_0006709,9
ISIC_0031159,4,BKL,6853,HAM_0005772,0
ISIC_0031160,1,NV,6854,HAM_0000068,3
ISIC_0031161,1,NV,6855,HAM_0001195,1
ISIC_0031162,1,NV,6856,HAM_0003490,7
ISIC_0031163,1,NV,6857,HAM_0001031,1
ISIC_0031164,1,NV,6858,HAM_0007230,1
ISIC_0031165,1,NV,6859,HAM_0006413,1
ISIC_0031166,2,BCC,6860,HAM_0001610,1
ISIC_0031167,1,NV,6861,HAM_0000270,7
ISIC_0031168,4,BKL,6862,HAM_0001245,9
ISIC_0031169,2,BCC,6863,HAM_0001616,3
ISIC_0031170,0,MEL,6864,HAM_0003428,2
ISIC_0031171,2,BCC,6865,HAM_0000872,5
ISIC_0031172,1,NV,6866,HAM_0002165,3
ISIC_0031173,1,NV,6867,HAM_0005802,6
ISIC_0031174,1,NV,6868,HAM_0000713,1
ISIC_0031175,2,BCC,6869,HAM_0001654,2
ISIC_0031176,1,NV,6870,HAM_0003952,5
ISIC_0031177,0,MEL,6871,HAM_0005191,2
ISIC_0031178,1,NV,6872,HAM_0004935,6
ISIC_0031179,1,NV,6873,HAM_0001996,0
ISIC_0031180,1,NV,6874,HAM_0002612,3
ISIC_0031181,4,BKL,6875,HAM_0001721,6
ISIC_0031182,1,NV,6876,HAM_0004079,3
ISIC_0031183,1,NV,6877,HAM_0002292,5
ISIC_0031184,1,NV,6878,HAM_0004290,1
ISIC_0031185,1,NV,6879,HAM_0000329,6
ISIC_0031186,0,MEL,6880,HAM_0000988,1
ISIC_0031187,1,NV,6881,HAM_0006589,6
ISIC_0031188,1,NV,6882,HAM_0004475,4
ISIC_0031189,0,MEL,6883,HAM_0006214,4
ISIC_0031190,1,NV,6884,HAM_0005028,6
ISIC_0031191,3,AKIEC,6885,HAM_0005931,5
ISIC_0031192,1,NV,6886,HAM_0006932,8
ISIC_0031193,1,NV,6887,HAM_0002281,4
ISIC_0031194,1,NV,6888,HAM_0000924,0
ISIC_0031195,1,NV,6889,HAM_0007277,2
ISIC_0031196,4,BKL,6890,HAM_0000734,2
ISIC_0031197,6,VASC,6891,HAM_0006889,1
ISIC_0031198,3,AKIEC,6892,HAM_0003422,9
ISIC_0031199,1,NV,6893,HAM_0006046,2
ISIC_0031200,4,BKL,6894,HAM_0006267,2
ISIC_0031201,6,VASC,6895,HAM_0004549,8
ISIC_0031202,1,NV,6896,HAM_0007350,0
ISIC_0031203,0,MEL,6897,HAM_0004164,6
ISIC_0031204,1,NV,6898,HAM_0002628,4
ISIC_0031205,1,NV,6899,HAM_0002920,8
ISIC_0031206,1,NV,6900,HAM_0007443,6
ISIC_0031207,1,NV,6901,HAM_0001090,3
ISIC_0031208,0,MEL,6902,HAM_0001299,0
ISIC_0031209,1,NV,6903,HAM_0007069,3
ISIC_0031210,1,NV,6904,HAM_0004390,3
ISIC_0031211,3,AKIEC,6905,HAM_0004563,6
ISIC_0031212,4,BKL,6906,HAM_0001665,3
ISIC_0031213,1,NV,6907,HAM_0005225,5
ISIC_0031214,1,NV,6908,HAM_0002148,3
ISIC_0031215,6,VASC,6909,HAM_0005885,1
ISIC_0031216,1,NV,6910,HAM_0006861,8
ISIC_0031217,6,VASC,6911,HAM_0004765,0
ISIC_0031218,4,BKL,6912,HAM_0007315,5
ISIC_0031219,1,NV,6913,HAM_0004851,0
ISIC_0031220,1,NV,6914,HAM_0001028,1
ISIC_0031221,1,NV,6915,HAM_0001712,7
ISIC_0031222,1,NV,6916,HAM_0004857,5
ISIC_0031223,4,BKL,6917,HAM_0002456,6
ISIC_0031224,1,NV,6918,HAM_0000753,0
ISIC_0031225,2,BCC,6919,HAM_0000352,9
ISIC_0031226,4,BKL,6920,HAM_0002209,4
ISIC_0031227,1,NV,6921,HAM_0002252,2
ISIC_0031228,3,AKIEC,6922,HAM_0006524,6
ISIC_0031229,1,NV,6923,HAM_0004489,1
ISIC_0031230,1,NV,6924,HAM_0003077,4
ISIC_0031231,1,NV,6925,HAM_0001875,1
ISIC_0031232,1,NV,6926,HAM_0004644,7
ISIC_0031233,0,MEL,6927,HAM_0000375,8
ISIC_0031234,1,NV,6928,HAM_0006177,7
ISIC_0031235,1,NV,6929,HAM_0007055,5
ISIC_0031236,2,BCC,6930,HAM_0002744,9
ISIC_0031237,1,NV,6931,HAM_0001978,2
ISIC_0031238,1,NV,6932,HAM_0002238,5
ISIC_0031239,0,MEL,6933,HAM_0000767,7
ISIC_0031240,1,NV,6934,HAM_0004602,6
ISIC_0031241,1,NV,6935,HAM_0000404,6
ISIC_0031242,1,NV,6936,HAM_0003242,7
ISIC_0031243,2,BCC,6937,HAM_0003738,2
ISIC_0031244,1,NV,6938,HAM_0001822,5
ISIC_0031245,2,BCC,6939,HAM_0005901,2
ISIC_0031246,1,NV,6940,HAM_0003538,9
ISIC_0031247,1,NV,6941,HAM_0002698,2
ISIC_0031248,1,NV,6942,HAM_0004731,2
ISIC_0031249,1,NV,6943,HAM_0003223,7
ISIC_0031250,1,NV,6944,HAM_0005812,4
ISIC_0031251,1,NV,6945,HAM_0005012,2
ISIC_0031252,1,NV,6946,HAM_0002580,9
ISIC_0031253,4,BKL,6947,HAM_0000613,0
ISIC_0031254,1,NV,6948,HAM_0006906,2
ISIC_0031255,1,NV,6949,HAM_0005520,2
ISIC_0031256,1,NV,6950,HAM_0005065,3
ISIC_0031257,5,DF,6951,HAM_0003023,1
ISIC_0031258,2,BCC,6952,HAM_0005971,7
ISIC_0031259,1,NV,6953,HAM_0006720,3
ISIC_0031260,1,NV,6954,HAM_0001114,8
ISIC_0031261,4,BKL,6955,HAM_0004383,6
ISIC_0031262,1,NV,6956,HAM_0007602,7
ISIC_0031263,2,BCC,6957,HAM_0007289,7
ISIC_0031264,1,NV,6958,HAM_0006227,7
ISIC_0031265,1,NV,6959,HAM_0007357,3
ISIC_0031266,2,BCC,6960,HAM_0006609,7
ISIC_0031267,1,NV,6961,HAM_0006679,8
ISIC_0031268,1,NV,6962,HAM_0000928,2
ISIC_0031269,1,NV,6963,HAM_0001965,2
ISIC_0031270,6,VASC,6964,HAM_0006889,1
ISIC_0031271,5,DF,6965,HAM_0004090,3
ISIC_0031272,2,BCC,6966,HAM_0006384,7
ISIC_0031273,1,NV,6967,HAM_0006687,5
ISIC_0031274,1,NV,6968,HAM_0006305,3
ISIC_0031275,1,NV,6969,HAM_0001827,5
ISIC_0031276,6,VASC,6970,HAM_0006447,5
ISIC_0031277,4,BKL,6971,HAM_0003789,7
ISIC_0031278,1,NV,6972,HAM_0001014,9
ISIC_0031279,1,NV,6973,HAM_0006339,7
ISIC_0031280,1,NV,6974,HAM_0004843,2
ISIC_0031281,1,NV,6975,HAM_0006974,3
ISIC_0031282,1,NV,6976,HAM_0003042,2
ISIC_0031283,1,NV,6977,HAM_0000411,0
ISIC_0031284,2,BCC,6978,HAM_0002717,2
ISIC_0031285,1,NV,6979,HAM_0006025,4
ISIC_0031286,3,AKIEC,6980,HAM_0000909,4
ISIC_0031287,4,BKL,6981,HAM_0003205,4
ISIC_0031288,1,NV,6982,HAM_0005182,5
ISIC_0031289,4,BKL,6983,HAM_0002722,9
ISIC_0031290,1,NV,6984,HAM_0001872,5
ISIC_0031291,1,NV,6985,HAM_0001918,9
ISIC_0031292,3,AKIEC,6986,HAM_0007008,2
ISIC_0031293,1,NV,6987,HAM_0004418,3
ISIC_0031294,2,BCC,6988,HAM_0004365,0
ISIC_0031295,0,MEL,6989,HAM_0006832,7
ISIC_0031296,1,NV,6990,HAM_0002825,7
ISIC_0031297,1,NV,6991,HAM_0003323,1
ISIC_0031298,2,BCC,6992,HAM_0005334,6
ISIC_0031299,1,NV,6993,HAM_0003384,0
ISIC_0031300,1,NV,6994,HAM_0007626,1
ISIC_0031301,1,NV,6995,HAM_0000922,4
ISIC_0031302,1,NV,6996,HAM_0001846,5
ISIC_0031303,0,MEL,6997,HAM_0004547,1
ISIC_0031304,1,NV,6998,HAM_0001125,7
ISIC_0031305,1,NV,6999,HAM_0003655,9
ISIC_0031306,1,NV,7000,HAM_0000063,5
ISIC_0031307,1,NV,7001,HAM_0004299,3
ISIC_0031308,1,NV,7002,HAM_0002187,7
ISIC_0031309,5,DF,7003,HAM_0004103,5
ISIC_0031310,0,MEL,7004,HAM_0003497,5
ISIC_0031311,1,NV,7005,HAM_0000150,0
ISIC_0031312,1,NV,7006,HAM_0005000,1
ISIC_0031313,1,NV,7007,HAM_0004094,3
ISIC_0031314,1,NV,7008,HAM_0000204,8
ISIC_0031315,1,NV,7009,HAM_0002680,5
ISIC_0031316,1,NV,7010,HAM_0006089,8
ISIC_0031317,1,NV,7011,HAM_0004667,4
ISIC_0031318,2,BCC,7012,HAM_0001424,1
ISIC_0031319,1,NV,7013,HAM_0002845,8
ISIC_0031320,1,NV,7014,HAM_0001206,2
ISIC_0031321,4,BKL,7015,HAM_0007621,6
ISIC_0031322,1,NV,7016,HAM_0006411,9
ISIC_0031323,1,NV,7017,HAM_0000258,7
ISIC_0031324,1,NV,7018,HAM_0003628,8
ISIC_0031325,1,NV,7019,HAM_0002082,2
ISIC_0031326,4,BKL,7020,HAM_0007207,7
ISIC_0031327,1,NV,7021,HAM_0007137,4
ISIC_0031328,1,NV,7022,HAM_0000424,4
ISIC_0031329,4,BKL,7023,HAM_0000835,0
ISIC_0031330,1,NV,7024,HAM_0002495,1
ISIC_0031331,1,NV,7025,HAM_0004419,7
ISIC_0031332,1,NV,7026,HAM_0001021,0
ISIC_0031333,1,NV,7027,HAM_0004612,8
ISIC_0031334,4,BKL,7028,HAM_0006310,1
ISIC_0031335,3,AKIEC,7029,HAM_0000501,1
ISIC_0031336,1,NV,7030,HAM_0002085,2
ISIC_0031337,1,NV,7031,HAM_0006312,1
ISIC_0031338,1,NV,7032,HAM_0005996,1
ISIC_0031339,0,MEL,7033,HAM_0001744,3
ISIC_0031340,1,NV,7034,HAM_0000996,2
ISIC_0031341,1,NV,7035,HAM_0006807,4
ISIC_0031342,1,NV,7036,HAM_0004815,0
ISIC_0031343,1,NV,7037,HAM_0006505,4
ISIC_0031344,5,DF,7038,HAM_0005861,6
ISIC_0031345,4,BKL,7039,HAM_0002691,6
ISIC_0031346,6,VASC,7040,HAM_0001566,8
ISIC_0031347,1,NV,7041,HAM_0003494,2
ISIC_0031348,1,NV,7042,HAM_0003274,3
ISIC_0031349,4,BKL,7043,HAM_0002042,4
ISIC_0031350,0,MEL,7044,HAM_0003435,3
ISIC_0031351,2,BCC,7045,HAM_0006274,6
ISIC_0031352,4,BKL,7046,HAM_0004379,9
ISIC_0031353,1,NV,7047,HAM_0000168,2
ISIC_0031354,1,NV,7048,HAM_0002823,9
ISIC_0031355,1,NV,7049,HAM_0007466,9
ISIC_0031356,1,NV,7050,HAM_0003858,4
ISIC_0031357,1,NV,7051,HAM_0003289,7
ISIC_0031358,5,DF,7052,HAM_0003290,8
ISIC_0031359,1,NV,7053,HAM_0002408,1
ISIC_0031360,1,NV,7054,HAM_0000291,1
ISIC_0031361,1,NV,7055,HAM_0000345,5
ISIC_0031362,4,BKL,7056,HAM_0000105,1
ISIC_0031363,1,NV,7057,HAM_0001334,6
ISIC_0031364,1,NV,7058,HAM_0000723,2
ISIC_0031365,1,NV,7059,HAM_0006728,3
ISIC_0031366,1,NV,7060,HAM_0000014,4
ISIC_0031367,1,NV,7061,HAM_0006891,9
ISIC_0031368,0,MEL,7062,HAM_0002576,2
ISIC_0031369,0,MEL,7063,HAM_0000531,5
ISIC_0031370,1,NV,7064,HAM_0007092,7
ISIC_0031371,1,NV,7065,HAM_0001079,6
ISIC_0031372,5,DF,7066,HAM_0007418,6
ISIC_0031373,1,NV,7067,HAM_0004649,5
ISIC_0031374,1,NV,7068,HAM_0000603,7
ISIC_0031375,1,NV,7069,HAM_0000127,9
ISIC_0031376,4,BKL,7070,HAM_0005862,5
ISIC_0031377,0,MEL,7071,HAM_0000022,0
ISIC_0031378,2,BCC,7072,HAM_0002998,4
ISIC_0031379,1,NV,7073,HAM_0006241,6
ISIC_0031380,1,NV,7074,HAM_0007295,0
ISIC_0031381,3,AKIEC,7075,HAM_0002441,1
ISIC_0031382,1,NV,7076,HAM_0003954,8
ISIC_0031383,1,NV,7077,HAM_0000030,3
ISIC_0031384,2,BCC,7078,HAM_0002427,1
ISIC_0031385,1,NV,7079,HAM_0003684,4
ISIC_0031386,0,MEL,7080,HAM_0000417,8
ISIC_0031387,1,NV,7081,HAM_0004562,8
ISIC_0031388,1,NV,7082,HAM_0003463,3
ISIC_0031389,0,MEL,7083,HAM_0002591,4
ISIC_0031390,1,NV,7084,HAM_0007544,5
ISIC_0031391,1,NV,7085,HAM_0002203,7
ISIC_0031392,1,NV,7086,HAM_0007465,3
ISIC_0031393,1,NV,7087,HAM_0006247,2
ISIC_0031394,4,BKL,7088,HAM_0000050,0
ISIC_0031395,1,NV,7089,HAM_0005974,1
ISIC_0031396,4,BKL,7090,HAM_0004466,6
ISIC_0031397,1,NV,7091,HAM_0000178,0
ISIC_0031398,1,NV,7092,HAM_0005474,9
ISIC_0031399,1,NV,7093,HAM_0002746,4
ISIC_0031400,2,BCC,7094,HAM_0001331,9
ISIC_0031401,0,MEL,7095,HAM_0000593,7
ISIC_0031402,1,NV,7096,HAM_0002505,3
ISIC_0031403,1,NV,7097,HAM_0006421,7
ISIC_0031404,1,NV,7098,HAM_0006150,6
ISIC_0031405,1,NV,7099,HAM_0002333,1
ISIC_0031406,0,MEL,7100,HAM_0000060,8
ISIC_0031407,2,BCC,7101,HAM_0001575,0
ISIC_0031408,0,MEL,7102,HAM_0000201,2
ISIC_0031409,1,NV,7103,HAM_0003403,1
ISIC_0031410,0,MEL,7104,HAM_0003782,2
ISIC_0031411,1,NV,7105,HAM_0004675,6
ISIC_0031412,1,NV,7106,HAM_0002797,5
ISIC_0031413,2,BCC,7107,HAM_0004521,8
ISIC_0031414,1,NV,7108,HAM_0000400,3
ISIC_0031415,1,NV,7109,HAM_0001704,2
ISIC_0031416,1,NV,7110,HAM_0003592,3
ISIC_0031417,0,MEL,7111,HAM_0006380,4
ISIC_0031418,1,NV,7112,HAM_0002942,0
ISIC_0031419,1,NV,7113,HAM_0005923,4
ISIC_0031420,1,NV,7114,HAM_0001197,7
ISIC_0031421,3,AKIEC,7115,HAM_0004976,3
ISIC_0031422,1,NV,7116,HAM_0003375,6
ISIC_0031423,1,NV,7117,HAM_0002982,4
ISIC_0031424,4,BKL,7118,HAM_0004928,6
ISIC_0031425,1,NV,7119,HAM_0007087,3
ISIC_0031426,1,NV,7120,HAM_0006612,4
ISIC_0031427,1,NV,7121,HAM_0002279,4
ISIC_0031428,4,BKL,7122,HAM_0006277,3
ISIC_0031429,5,DF,7123,HAM_0007225,5
ISIC_0031430,3,AKIEC,7124,HAM_0005705,7
ISIC_0031431,3,AKIEC,7125,HAM_0004439,3
ISIC_0031432,1,NV,7126,HAM_0007063,3
ISIC_0031433,1,NV,7127,HAM_0007061,5
ISIC_0031434,1,NV,7128,HAM_0003425,1
ISIC_0031435,1,NV,7129,HAM_0004747,2
ISIC_0031436,4,BKL,7130,HAM_0006243,4
ISIC_0031437,1,NV,7131,HAM_0001376,2
ISIC_0031438,1,NV,7132,HAM_0005001,7
ISIC_0031439,1,NV,7133,HAM_0001779,0
ISIC_0031440,1,NV,7134,HAM_0002100,9
ISIC_0031441,1,NV,7135,HAM_0007267,0
ISIC_0031442,2,BCC,7136,HAM_0005982,6
ISIC_0031443,5,DF,7137,HAM_0000827,6
ISIC_0031444,1,NV,7138,HAM_0006892,5
ISIC_0031445,1,NV,7139,HAM_0000292,9
ISIC_0031446,1,NV,7140,HAM_0002336,4
ISIC_0031447,1,NV,7141,HAM_0000509,9
ISIC_0031448,1,NV,7142,HAM_0004486,2
ISIC_0031449,4,BKL,7143,HAM_0001536,3
ISIC_0031450,2,BCC,7144,HAM_0003373,1
ISIC_0031451,1,NV,7145,HAM_0006401,7
ISIC_0031452,1,NV,7146,HAM_0002588,6
ISIC_0031453,1,NV,7147,HAM_0000015,7
ISIC_0031454,1,NV,7148,HAM_0002408,9
ISIC_0031455,1,NV,7149,HAM_0000841,1
ISIC_0031456,1,NV,7150,HAM_0006055,9
ISIC_0031457,5,DF,7151,HAM_0007410,9
ISIC_0031458,1,NV,7152,HAM_0007561,1
ISIC_0031459,4,BKL,7153,HAM_0004494,2
ISIC_0031460,1,NV,7154,HAM_0000135,5
ISIC_0031461,1,NV,7155,HAM_0001241,3
ISIC_0031462,1,NV,7156,HAM_0002861,2
ISIC_0031463,1,NV,7157,HAM_0001263,6
ISIC_0031464,4,BKL,7158,HAM_0003943,5
ISIC_0031465,4,BKL,7159,HAM_0000821,8
ISIC_0031466,1,NV,7160,HAM_0002567,2
ISIC_0031467,1,NV,7161,HAM_0002642,0
ISIC_0031468,4,BKL,7162,HAM_0003021,1
ISIC_0031469,1,NV,7163,HAM_0003283,7
ISIC_0031470,2,BCC,7164,HAM_0001424,3
ISIC_0031471,1,NV,7165,HAM_0004154,9
ISIC_0031472,1,NV,7166,HAM_0003316,3
ISIC_0031473,1,NV,7167,HAM_0004443,3
ISIC_0031474,1,NV,7168,HAM_0000072,7
ISIC_0031475,1,NV,7169,HAM_0003045,7
ISIC_0031476,1,NV,7170,HAM_0004170,2
ISIC_0031477,1,NV,7171,HAM_0005464,1
ISIC_0031478,1,NV,7172,HAM_0004658,0
ISIC_0031479,0,MEL,7173,HAM_0000274,4
ISIC_0031480,1,NV,7174,HAM_0007256,3
ISIC_0031481,1,NV,7175,HAM_0004485,0
ISIC_0031482,1,NV,7176,HAM_0005083,3
ISIC_0031483,1,NV,7177,HAM_0002298,0
ISIC_0031484,1,NV,7178,HAM_0005930,2
ISIC_0031485,4,BKL,7179,HAM_0004641,7
ISIC_0031486,1,NV,7180,HAM_0005487,4
ISIC_0031487,1,NV,7181,HAM_0006903,4
ISIC_0031488,1,NV,7182,HAM_0001633,1
ISIC_0031489,2,BCC,7183,HAM_0003328,0
ISIC_0031490,1,NV,7184,HAM_0005685,9
ISIC_0031491,1,NV,7185,HAM_0006918,3
ISIC_0031492,1,NV,7186,HAM_0003638,8
ISIC_0031493,1,NV,7187,HAM_0007146,8
ISIC_0031494,0,MEL,7188,HAM_0007238,9
ISIC_0031495,4,BKL,7189,HAM_0004569,6
ISIC_0031496,4,BKL,7190,HAM_0001733,9
ISIC_0031497,1,NV,7191,HAM_0004774,7
ISIC_0031498,0,MEL,7192,HAM_0001953,5
ISIC_0031499,0,MEL,7193,HAM_0006722,3
ISIC_0031500,1,NV,7194,HAM_0007486,5
ISIC_0031501,1,NV,7195,HAM_0007138,3
ISIC_0031502,1,NV,7196,HAM_0001830,9
ISIC_0031503,1,NV,7197,HAM_0002808,9
ISIC_0031504,1,NV,7198,HAM_0006103,1
ISIC_0031505,1,NV,7199,HAM_0005991,3
ISIC_0031506,3,AKIEC,7200,HAM_0006902,0
ISIC_0031507,1,NV,7201,HAM_0003510,1
ISIC_0031508,1,NV,7202,HAM_0003453,5
ISIC_0031509,1,NV,7203,HAM_0000560,0
ISIC_0031510,1,NV,7204,HAM_0000525,6
ISIC_0031511,4,BKL,7205,HAM_0006601,8
ISIC_0031512,1,NV,7206,HAM_0003124,3
ISIC_0031513,2,BCC,7207,HAM_0007141,4
ISIC_0031514,1,NV,7208,HAM_0005029,5
ISIC_0031515,1,NV,7209,HAM_0003933,6
ISIC_0031516,1,NV,7210,HAM_0003499,0
ISIC_0031517,0,MEL,7211,HAM_0001202,8
ISIC_0031518,1,NV,7212,HAM_0006389,1
ISIC_0031519,4,BKL,7213,HAM_0000149,6
ISIC_0031520,2,BCC,7214,HAM_0000872,1
ISIC_0031521,1,NV,7215,HAM_0001637,5
ISIC_0031522,4,BKL,7216,HAM_0005865,9
ISIC_0031523,1,NV,7217,HAM_0000686,9
ISIC_0031524,1,NV,7218,HAM_0007206,4
ISIC_0031525,1,NV,7219,HAM_0002633,3
ISIC_0031526,2,BCC,7220,HAM_0007588,6
ISIC_0031527,2,BCC,7221,HAM_0003805,5
ISIC_0031528,4,BKL,7222,HAM_0007590,6
ISIC_0031529,0,MEL,7223,HAM_0001657,8
ISIC_0031530,1,NV,7224,HAM_0002852,7
ISIC_0031531,2,BCC,7225,HAM_0001215,9
ISIC_0031532,1,NV,7226,HAM_0004247,6
ISIC_0031533,1,NV,7227,HAM_0001013,6
ISIC_0031534,1,NV,7228,HAM_0002111,8
ISIC_0031535,1,NV,7229,HAM_0003298,4
ISIC_0031536,1,NV,7230,HAM_0007339,8
ISIC_0031537,4,BKL,7231,HAM_0003877,5
ISIC_0031538,1,NV,7232,HAM_0004868,1
ISIC_0031539,2,BCC,7233,HAM_0005302,1
ISIC_0031540,1,NV,7234,HAM_0006374,6
ISIC_0031541,1,NV,7235,HAM_0004007,2
ISIC_0031542,4,BKL,7236,HAM_0003014,3
ISIC_0031543,0,MEL,7237,HAM_0007188,0
ISIC_0031544,1,NV,7238,HAM_0001311,5
ISIC_0031545,0,MEL,7239,HAM_0007229,1
ISIC_0031546,1,NV,7240,HAM_0001192,2
ISIC_0031547,1,NV,7241,HAM_0000102,9
ISIC_0031548,1,NV,7242,HAM_0003575,6
ISIC_0031549,1,NV,7243,HAM_0001899,7
ISIC_0031550,0,MEL,7244,HAM_0002693,5
ISIC_0031551,1,NV,7245,HAM_0001674,1
ISIC_0031552,2,BCC,7246,HAM_0006588,9
ISIC_0031553,1,NV,7247,HAM_0001285,9
ISIC_0031554,0,MEL,7248,HAM_0000433,2
ISIC_0031555,1,NV,7249,HAM_0000837,2
ISIC_0031556,4,BKL,7250,HAM_0006122,6
ISIC_0031557,0,MEL,7251,HAM_0006521,8
ISIC_0031558,4,BKL,7252,HAM_0001402,6
ISIC_0031559,1,NV,7253,HAM_0006760,5
ISIC_0031560,1,NV,7254,HAM_0004663,3
ISIC_0031561,0,MEL,7255,HAM_0006744,3
ISIC_0031562,1,NV,7256,HAM_0001132,8
ISIC_0031563,1,NV,7257,HAM_0001869,9
ISIC_0031564,1,NV,7258,HAM_0005090,1
ISIC_0031565,0,MEL,7259,HAM_0000442,5
ISIC_0031566,1,NV,7260,HAM_0002422,3
ISIC_0031567,1,NV,7261,HAM_0001803,9
ISIC_0031568,1,NV,7262,HAM_0001380,7
ISIC_0031569,2,BCC,7263,HAM_0003039,1
ISIC_0031570,3,AKIEC,7264,HAM_0001178,2
ISIC_0031571,1,NV,7265,HAM_0003233,0
ISIC_0031572,1,NV,7266,HAM_0002662,3
ISIC_0031573,1,NV,7267,HAM_0006273,2
ISIC_0031574,1,NV,7268,HAM_0005928,8
ISIC_0031575,1,NV,7269,HAM_0000699,2
ISIC_0031576,1,NV,7270,HAM_0002195,3
ISIC_0031577,4,BKL,7271,HAM_0005338,4
ISIC_0031578,3,AKIEC,7272,HAM_0003157,5
ISIC_0031579,1,NV,7273,HAM_0003020,5
ISIC_0031580,4,BKL,7274,HAM_0005335,1
ISIC_0031581,1,NV,7275,HAM_0003329,7
ISIC_0031582,1,NV,7276,HAM_0006299,0
ISIC_0031583,1,NV,7277,HAM_0007374,6
ISIC_0031584,4,BKL,7278,HAM_0004341,9
ISIC_0031585,2,BCC,7279,HAM_0004219,5
ISIC_0031586,0,MEL,7280,HAM_0001671,6
ISIC_0031587,1,NV,7281,HAM_0001676,5
ISIC_0031588,1,NV,7282,HAM_0007567,5
ISIC_0031589,1,NV,7283,HAM_0002947,3
ISIC_0031590,1,NV,7284,HAM_0003786,5
ISIC_0031591,4,BKL,7285,HAM_0004249,5
ISIC_0031592,1,NV,7286,HAM_0000569,9
ISIC_0031593,4,BKL,7287,HAM_0002169,2
ISIC_0031594,1,NV,7288,HAM_0006835,8
ISIC_0031595,1,NV,7289,HAM_0006645,6
ISIC_0031596,1,NV,7290,HAM_0002794,6
ISIC_0031597,2,BCC,7291,HAM_0004627,1
ISIC_0031598,0,MEL,7292,HAM_0005381,2
ISIC_0031599,1,NV,7293,HAM_0003263,8
ISIC_0031600,4,BKL,7294,HAM_0004912,0
ISIC_0031601,4,BKL,7295,HAM_0001487,1
ISIC_0031602,1,NV,7296,HAM_0006913,7
ISIC_0031603,1,NV,7297,HAM_0002128,1
ISIC_0031604,1,NV,7298,HAM_0004792,8
ISIC_0031605,1,NV,7299,HAM_0000972,1
ISIC_0031606,1,NV,7300,HAM_0006270,1
ISIC_0031607,1,NV,7301,HAM_0002270,1
ISIC_0031608,1,NV,7302,HAM_0004816,0
ISIC_0031609,3,AKIEC,7303,HAM_0004363,9
ISIC_0031610,1,NV,7304,HAM_0004157,0
ISIC_0031611,1,NV,7305,HAM_0003710,8
ISIC_0031612,1,NV,7306,HAM_0005873,7
ISIC_0031613,1,NV,7307,HAM_0005408,5
ISIC_0031614,2,BCC,7308,HAM_0006049,2
ISIC_0031615,1,NV,7309,HAM_0000569,6
ISIC_0031616,1,NV,7310,HAM_0002071,2
ISIC_0031617,1,NV,7311,HAM_0000376,6
ISIC_0031618,1,NV,7312,HAM_0005339,8
ISIC_0031619,4,BKL,7313,HAM_0005626,6
ISIC_0031620,4,BKL,7314,HAM_0007431,6
ISIC_0031621,1,NV,7315,HAM_0000597,3
ISIC_0031622,1,NV,7316,HAM_0005886,4
ISIC_0031623,1,NV,7317,HAM_0005625,5
ISIC_0031624,4,BKL,7318,HAM_0002092,2
ISIC_0031625,1,NV,7319,HAM_0001862,9
ISIC_0031626,1,NV,7320,HAM_0007292,5
ISIC_0031627,1,NV,7321,HAM_0002210,6
ISIC_0031628,1,NV,7322,HAM_0001315,2
ISIC_0031629,1,NV,7323,HAM_0002489,1
ISIC_0031630,4,BKL,7324,HAM_0003682,6
ISIC_0031631,1,NV,7325,HAM_0003742,5
ISIC_0031632,1,NV,7326,HAM_0005072,2
ISIC_0031633,4,BKL,7327,HAM_0001466,7
ISIC_0031634,1,NV,7328,HAM_0000341,6
ISIC_0031635,1,NV,7329,HAM_0000434,2
ISIC_0031636,1,NV,7330,HAM_0003469,8
ISIC_0031637,1,NV,7331,HAM_0007159,6
ISIC_0031638,1,NV,7332,HAM_0002704,4
ISIC_0031639,4,BKL,7333,HAM_0006558,2
ISIC_0031640,2,BCC,7334,HAM_0001239,5
ISIC_0031641,1,NV,7335,HAM_0006405,2
ISIC_0031642,0,MEL,7336,HAM_0004607,3
ISIC_0031643,2,BCC,7337,HAM_0003851,1
ISIC_0031644,1,NV,7338,HAM_0005925,3
ISIC_0031645,1,NV,7339,HAM_0001037,8
ISIC_0031646,1,NV,7340,HAM_0003684,8
ISIC_0031647,1,NV,7341,HAM_0005088,7
ISIC_0031648,6,VASC,7342,HAM_0005989,3
ISIC_0031649,1,NV,7343,HAM_0003322,2
ISIC_0031650,4,BKL,7344,HAM_0003847,6
ISIC_0031651,2,BCC,7345,HAM_0006631,4
ISIC_0031652,1,NV,7346,HAM_0004789,4
ISIC_0031653,1,NV,7347,HAM_0004006,7
ISIC_0031654,1,NV,7348,HAM_0005428,0
ISIC_0031655,1,NV,7349,HAM_0003854,7
ISIC_0031656,1,NV,7350,HAM_0000471,2
ISIC_0031657,1,NV,7351,HAM_0003828,1
ISIC_0031658,1,NV,7352,HAM_0001033,7
ISIC_0031659,3,AKIEC,7353,HAM_0005264,7
ISIC_0031660,1,NV,7354,HAM_0001316,6
ISIC_0031661,1,NV,7355,HAM_0001519,1
ISIC_0031662,1,NV,7356,HAM_0006947,2
ISIC_0031663,1,NV,7357,HAM_0002946,8
ISIC_0031664,1,NV,7358,HAM_0003871,5
ISIC_0031665,1,NV,7359,HAM_0007007,5
ISIC_0031666,0,MEL,7360,HAM_0000775,5
ISIC_0031667,1,NV,7361,HAM_0000509,1
ISIC_0031668,1,NV,7362,HAM_0000698,3
ISIC_0031669,1,NV,7363,HAM_0004325,5
ISIC_0031670,0,MEL,7364,HAM_0006130,2
ISIC_0031671,1,NV,7365,HAM_0004264,6
ISIC_0031672,3,AKIEC,7366,HAM_0004439,4
ISIC_0031673,1,NV,7367,HAM_0002854,8
ISIC_0031674,1,NV,7368,HAM_0006837,6
ISIC_0031675,1,NV,7369,HAM_0006939,8
ISIC_0031676,1,NV,7370,HAM_0007553,2
ISIC_0031677,4,BKL,7371,HAM_0002683,2
ISIC_0031678,1,NV,7372,HAM_0004318,9
ISIC_0031679,1,NV,7373,HAM_0002219,5
ISIC_0031680,1,NV,7374,HAM_0003731,9
ISIC_0031681,1,NV,7375,HAM_0006069,5
ISIC_0031682,1,NV,7376,HAM_0002144,6
ISIC_0031683,1,NV,7377,HAM_0002579,5
ISIC_0031684,1,NV,7378,HAM_0001351,7
ISIC_0031685,1,NV,7379,HAM_0002054,9
ISIC_0031686,4,BKL,7380,HAM_0007261,2
ISIC_0031687,1,NV,7381,HAM_0004741,5
ISIC_0031688,1,NV,7382,HAM_0000116,9
ISIC_0031689,1,NV,7383,HAM_0001478,1
ISIC_0031690,1,NV,7384,HAM_0006809,4
ISIC_0031691,4,BKL,7385,HAM_0007010,6
ISIC_0031692,3,AKIEC,7386,HAM_0007131,1
ISIC_0031693,1,NV,7387,HAM_0007388,8
ISIC_0031694,1,NV,7388,HAM_0000523,7
ISIC_0031695,1,NV,7389,HAM_0005402,5
ISIC_0031696,1,NV,7390,HAM_0006113,7
ISIC_0031697,2,BCC,7391,HAM_0003177,7
ISIC_0031698,2,BCC,7392,HAM_0000082,2
ISIC_0031699,1,NV,7393,HAM_0003611,1
ISIC_0031700,1,NV,7394,HAM_0004127,4
ISIC_0031701,1,NV,7395,HAM_0005142,1
ISIC_0031702,4,BKL,7396,HAM_0006827,8
ISIC_0031703,1,NV,7397,HAM_0005327,0
ISIC_0031704,1,NV,7398,HAM_0002918,3
ISIC_0031705,1,NV,7399,HAM_0004747,0
ISIC_0031706,6,VASC,7400,HAM_0000934,3
ISIC_0031707,4,BKL,7401,HAM_0000383,5
ISIC_0031708,1,NV,7402,HAM_0002865,8
ISIC_0031709,0,MEL,7403,HAM_0000282,1
ISIC_0031710,1,NV,7404,HAM_0005730,7
ISIC_0031711,0,MEL,7405,HAM_0002011,2
ISIC_0031712,2,BCC,7406,HAM_0004147,2
ISIC_0031713,1,NV,7407,HAM_0006145,9
ISIC_0031714,1,NV,7408,HAM_0004307,2
ISIC_0031715,1,NV,7409,HAM_0003464,5
ISIC_0031716,4,BKL,7410,HAM_0002686,1
ISIC_0031717,1,NV,7411,HAM_0001228,0
ISIC_0031718,0,MEL,7412,HAM_0000863,1
ISIC_0031719,6,VASC,7413,HAM_0007020,3
ISIC_0031720,1,NV,7414,HAM_0003222,3
ISIC_0031721,2,BCC,7415,HAM_0006564,3
ISIC_0031722,1,NV,7416,HAM_0002805,3
ISIC_0031723,1,NV,7417,HAM_0006818,9
ISIC_0031724,1,NV,7418,HAM_0006919,1
ISIC_0031725,1,NV,7419,HAM_0006706,1
ISIC_0031726,1,NV,7420,HAM_0001037,7
ISIC_0031727,1,NV,7421,HAM_0005855,6
ISIC_0031728,2,BCC,7422,HAM_0007588,3
ISIC_0031729,1,NV,7423,HAM_0001401,6
ISIC_0031730,1,NV,7424,HAM_0003648,6
ISIC_0031731,1,NV,7425,HAM_0005355,8
ISIC_0031732,1,NV,7426,HAM_0004860,1
ISIC_0031733,1,NV,7427,HAM_0005237,1
ISIC_0031734,1,NV,7428,HAM_0000810,2
ISIC_0031735,5,DF,7429,HAM_0003290,4
ISIC_0031736,1,NV,7430,HAM_0004993,1
ISIC_0031737,1,NV,7431,HAM_0006007,6
ISIC_0031738,3,AKIEC,7432,HAM_0005766,6
ISIC_0031739,1,NV,7433,HAM_0001748,2
ISIC_0031740,1,NV,7434,HAM_0005934,1
ISIC_0031741,0,MEL,7435,HAM_0006400,7
ISIC_0031742,1,NV,7436,HAM_0001803,5
ISIC_0031743,3,AKIEC,7437,HAM_0005505,4
ISIC_0031744,1,NV,7438,HAM_0006667,3
ISIC_0031745,0,MEL,7439,HAM_0001671,1
ISIC_0031746,0,MEL,7440,HAM_0003534,3
ISIC_0031747,1,NV,7441,HAM_0003213,8
ISIC_0031748,1,NV,7442,HAM_0000269,9
ISIC_0031749,2,BCC,7443,HAM_0002791,2
ISIC_0031750,1,NV,7444,HAM_0007484,5
ISIC_0031751,1,NV,7445,HAM_0006858,2
ISIC_0031752,1,NV,7446,HAM_0007331,2
ISIC_0031753,4,BKL,7447,HAM_0001480,7
ISIC_0031754,1,NV,7448,HAM_0003940,6
ISIC_0031755,1,NV,7449,HAM_0003928,3
ISIC_0031756,1,NV,7450,HAM_0004054,8
ISIC_0031757,1,NV,7451,HAM_0004222,9
ISIC_0031758,1,NV,7452,HAM_0001007,6
ISIC_0031759,6,VASC,7453,HAM_0003925,2
ISIC_0031760,1,NV,7454,HAM_0004336,8
ISIC_0031761,4,BKL,7455,HAM_0000296,5
ISIC_0031762,2,BCC,7456,HAM_0007428,1
ISIC_0031763,1,NV,7457,HAM_0004551,9
ISIC_0031764,1,NV,7458,HAM_0003454,0
ISIC_0031765,1,NV,7459,HAM_0001489,4
ISIC_0031766,4,BKL,7460,HAM_0004945,4
ISIC_0031767,1,NV,7461,HAM_0005899,3
ISIC_0031768,1,NV,7462,HAM_0004312,8
ISIC_0031769,1,NV,7463,HAM_0006861,5
ISIC_0031770,4,BKL,7464,HAM_0006128,1
ISIC_0031771,1,NV,7465,HAM_0001582,4
ISIC_0031772,1,NV,7466,HAM_0006282,5
ISIC_0031773,1,NV,7467,HAM_0007065,7
ISIC_0031774,1,NV,7468,HAM_0002275,4
ISIC_0031775,1,NV,7469,HAM_0000946,5
ISIC_0031776,1,NV,7470,HAM_0002404,0
ISIC_0031777,1,NV,7471,HAM_0006909,5
ISIC_0031778,0,MEL,7472,HAM_0003509,5
ISIC_0031779,0,MEL,7473,HAM_0001284,1
ISIC_0031780,1,NV,7474,HAM_0005167,0
ISIC_0031781,1,NV,7475,HAM_0004263,3
ISIC_0031782,1,NV,7476,HAM_0002636,0
ISIC_0031783,4,BKL,7477,HAM_0002357,5
ISIC_0031784,0,MEL,7478,HAM_0002051,1
ISIC_0031785,1,NV,7479,HAM_0001087,6
ISIC_0031786,1,NV,7480,HAM_0000255,5
ISIC_0031787,1,NV,7481,HAM_0002478,6
ISIC_0031788,1,NV,7482,HAM_0004490,7
ISIC_0031789,2,BCC,7483,HAM_0002717,1
ISIC_0031790,1,NV,7484,HAM_0006729,2
ISIC_0031791,1,NV,7485,HAM_0004742,2
ISIC_0031792,1,NV,7486,HAM_0006961,8
ISIC_0031793,1,NV,7487,HAM_0003096,3
ISIC_0031794,1,NV,7488,HAM_0006616,3
ISIC_0031795,0,MEL,7489,HAM_0002711,1
ISIC_0031796,1,NV,7490,HAM_0000410,3
ISIC_0031797,1,NV,7491,HAM_0001064,6
ISIC_0031798,1,NV,7492,HAM_0005051,9
ISIC_0031799,5,DF,7493,HAM_0003348,2
ISIC_0031800,1,NV,7494,HAM_0003551,8
ISIC_0031801,1,NV,7495,HAM_0000990,8
ISIC_0031802,1,NV,7496,HAM_0003836,2
ISIC_0031803,1,NV,7497,HAM_0002587,0
ISIC_0031804,1,NV,7498,HAM_0005441,8
ISIC_0031805,1,NV,7499,HAM_0005023,3
ISIC_0031806,1,NV,7500,HAM_0003142,2
ISIC_0031807,1,NV,7501,HAM_0005511,6
ISIC_0031808,4,BKL,7502,HAM_0005275,4
ISIC_0031809,1,NV,7503,HAM_0004835,4
ISIC_0031810,1,NV,7504,HAM_0000544,9
ISIC_0031811,1,NV,7505,HAM_0003113,3
ISIC_0031812,4,BKL,7506,HAM_0002335,5
ISIC_0031813,1,NV,7507,HAM_0003987,9
ISIC_0031814,1,NV,7508,HAM_0003243,3
ISIC_0031815,1,NV,7509,HAM_0002760,0
ISIC_0031816,1,NV,7510,HAM_0005321,6
ISIC_0031817,1,NV,7511,HAM_0004461,2
ISIC_0031818,1,NV,7512,HAM_0001395,7
ISIC_0031819,4,BKL,7513,HAM_0005527,3
ISIC_0031820,1,NV,7514,HAM_0000161,2
ISIC_0031821,0,MEL,7515,HAM_0003957,6
ISIC_0031822,1,NV,7516,HAM_0000597,1
ISIC_0031823,3,AKIEC,7517,HAM_0006301,5
ISIC_0031824,2,BCC,7518,HAM_0001326,2
ISIC_0031825,4,BKL,7519,HAM_0004453,4
ISIC_0031826,1,NV,7520,HAM_0000387,2
ISIC_0031827,5,DF,7521,HAM_0007526,4
ISIC_0031828,1,NV,7522,HAM_0005788,0
ISIC_0031829,1,NV,7523,HAM_0006936,5
ISIC_0031830,1,NV,7524,HAM_0005340,1
ISIC_0031831,4,BKL,7525,HAM_0004448,0
ISIC_0031832,1,NV,7526,HAM_0006972,6
ISIC_0031833,1,NV,7527,HAM_0006703,2
ISIC_0031834,1,NV,7528,HAM_0004640,8
ISIC_0031835,1,NV,7529,HAM_0006289,7
ISIC_0031836,2,BCC,7530,HAM_0003600,6
ISIC_0031837,1,NV,7531,HAM_0005975,7
ISIC_0031838,1,NV,7532,HAM_0002517,5
ISIC_0031839,1,NV,7533,HAM_0001027,2
ISIC_0031840,1,NV,7534,HAM_0006991,5
ISIC_0031841,1,NV,7535,HAM_0005716,3
ISIC_0031842,1,NV,7536,HAM_0006752,0
ISIC_0031843,1,NV,7537,HAM_0001471,3
ISIC_0031844,0,MEL,7538,HAM_0000536,5
ISIC_0031845,1,NV,7539,HAM_0007203,0
ISIC_0031846,1,NV,7540,HAM_0001286,7
ISIC_0031847,1,NV,7541,HAM_0003431,4
ISIC_0031848,1,NV,7542,HAM_0001136,1
ISIC_0031849,1,NV,7543,HAM_0007401,6
ISIC_0031850,1,NV,7544,HAM_0003271,8
ISIC_0031851,4,BKL,7545,HAM_0004883,4
ISIC_0031852,3,AKIEC,7546,HAM_0004441,3
ISIC_0031853,4,BKL,7547,HAM_0003789,9
ISIC_0031854,1,NV,7548,HAM_0007593,9
ISIC_0031855,1,NV,7549,HAM_0002843,8
ISIC_0031856,1,NV,7550,HAM_0007197,8
ISIC_0031857,1,NV,7551,HAM_0000391,8
ISIC_0031858,1,NV,7552,HAM_0005192,2
ISIC_0031859,1,NV,7553,HAM_0001574,8
ISIC_0031860,1,NV,7554,HAM_0001521,1
ISIC_0031861,1,NV,7555,HAM_0000033,0
ISIC_0031862,1,NV,7556,HAM_0004446,9
ISIC_0031863,1,NV,7557,HAM_0006853,6
ISIC_0031864,1,NV,7558,HAM_0001394,3
ISIC_0031865,1,NV,7559,HAM_0001556,8
ISIC_0031866,1,NV,7560,HAM_0003423,5
ISIC_0031867,1,NV,7561,HAM_0001012,4
ISIC_0031868,1,NV,7562,HAM_0005446,9
ISIC_0031869,1,NV,7563,HAM_0005002,6
ISIC_0031870,1,NV,7564,HAM_0003028,6
ISIC_0031871,1,NV,7565,HAM_0006225,7
ISIC_0031872,4,BKL,7566,HAM_0000083,6
ISIC_0031873,1,NV,7567,HAM_0004362,1
ISIC_0031874,3,AKIEC,7568,HAM_0001922,1
ISIC_0031875,1,NV,7569,HAM_0002326,0
ISIC_0031876,4,BKL,7570,HAM_0002810,7
ISIC_0031877,1,NV,7571,HAM_0006476,9
ISIC_0031878,1,NV,7572,HAM_0004950,4
ISIC_0031879,1,NV,7573,HAM_0003065,7
ISIC_0031880,1,NV,7574,HAM_0000976,7
ISIC_0031881,1,NV,7575,HAM_0006544,7
ISIC_0031882,1,NV,7576,HAM_0005341,9
ISIC_0031883,1,NV,7577,HAM_0002946,0
ISIC_0031884,1,NV,7578,HAM_0004753,1
ISIC_0031885,1,NV,7579,HAM_0004821,4
ISIC_0031886,1,NV,7580,HAM_0006949,6
ISIC_0031887,1,NV,7581,HAM_0007426,2
ISIC_0031888,4,BKL,7582,HAM_0003398,1
ISIC_0031889,1,NV,7583,HAM_0000521,1
ISIC_0031890,0,MEL,7584,HAM_0007420,1
ISIC_0031891,1,NV,7585,HAM_0000506,3
ISIC_0031892,1,NV,7586,HAM_0006795,3
ISIC_0031893,4,BKL,7587,HAM_0003881,0
ISIC_0031894,1,NV,7588,HAM_0006613,8
ISIC_0031895,1,NV,7589,HAM_0007316,6
ISIC_0031896,1,NV,7590,HAM_0003027,6
ISIC_0031897,4,BKL,7591,HAM_0000382,8
ISIC_0031898,1,NV,7592,HAM_0001008,6
ISIC_0031899,1,NV,7593,HAM_0002437,8
ISIC_0031900,0,MEL,7594,HAM_0001113,6
ISIC_0031901,6,VASC,7595,HAM_0001920,0
ISIC_0031902,1,NV,7596,HAM_0005432,6
ISIC_0031903,4,BKL,7597,HAM_0003281,8
ISIC_0031904,1,NV,7598,HAM_0005700,7
ISIC_0031905,1,NV,7599,HAM_0003320,0
ISIC_0031906,1,NV,7600,HAM_0004893,9
ISIC_0031907,1,NV,7601,HAM_0004177,7
ISIC_0031908,0,MEL,7602,HAM_0002772,3
ISIC_0031909,1,NV,7603,HAM_0007266,9
ISIC_0031910,1,NV,7604,HAM_0002309,5
ISIC_0031911,1,NV,7605,HAM_0003753,4
ISIC_0031912,1,NV,7606,HAM_0002183,0
ISIC_0031913,1,NV,7607,HAM_0000104,6
ISIC_0031914,1,NV,7608,HAM_0002767,8
ISIC_0031915,0,MEL,7609,HAM_0000136,4
ISIC_0031916,1,NV,7610,HAM_0000938,0
ISIC_0031917,1,NV,7611,HAM_0002031,2
ISIC_0031918,3,AKIEC,7612,HAM_0003141,7
ISIC_0031919,1,NV,7613,HAM_0004681,3
ISIC_0031920,1,NV,7614,HAM_0005005,8
ISIC_0031921,1,NV,7615,HAM_0003103,1
ISIC_0031922,3,AKIEC,7616,HAM_0000020,4
ISIC_0031923,1,NV,7617,HAM_0007195,6
ISIC_0031924,1,NV,7618,HAM_0002423,0
ISIC_0031925,2,BCC,7619,HAM_0001707,8
ISIC_0031926,1,NV,7620,HAM_0007391,0
ISIC_0031927,3,AKIEC,7621,HAM_0001277,4
ISIC_0031928,1,NV,7622,HAM_0007214,3
ISIC_0031929,3,AKIEC,7623,HAM_0001499,4
ISIC_0031930,1,NV,7624,HAM_0002271,9
ISIC_0031931,0,MEL,7625,HAM_0005692,2
ISIC_0031932,1,NV,7626,HAM_0004291,6
ISIC_0031933,1,NV,7627,HAM_0001455,5
ISIC_0031934,1,NV,7628,HAM_0002003,1
ISIC_0031935,1,NV,7629,HAM_0001270,8
ISIC_0031936,1,NV,7630,HAM_0002077,4
ISIC_0031937,4,BKL,7631,HAM_0000833,9
ISIC_0031938,1,NV,7632,HAM_0004613,9
ISIC_0031939,1,NV,7633,HAM_0002028,1
ISIC_0031940,3,AKIEC,7634,HAM_0001234,3
ISIC_0031941,0,MEL,7635,HAM_0007538,7
ISIC_0031942,1,NV,7636,HAM_0003408,9
ISIC_0031943,2,BCC,7637,HAM_0000393,5
ISIC_0031944,1,NV,7638,HAM_0004162,5
ISIC_0031945,4,BKL,7639,HAM_0006652,7
ISIC_0031946,1,NV,7640,HAM_0000190,0
ISIC_0031947,1,NV,7641,HAM_0002961,2
ISIC_0031948,1,NV,7642,HAM_0001276,8
ISIC_0031949,1,NV,7643,HAM_0007412,5
ISIC_0031950,6,VASC,7644,HAM_0005158,3
ISIC_0031951,4,BKL,7645,HAM_0001292,5
ISIC_0031952,1,NV,7646,HAM_0000480,6
ISIC_0031953,0,MEL,7647,HAM_0000060,2
ISIC_0031954,1,NV,7648,HAM_0003799,2
ISIC_0031955,6,VASC,7649,HAM_0001091,0
ISIC_0031956,1,NV,7650,HAM_0001588,1
ISIC_0031957,0,MEL,7651,HAM_0004081,7
ISIC_0031958,0,MEL,7652,HAM_0006433,9
ISIC_0031959,1,NV,7653,HAM_0001088,3
ISIC_0031960,1,NV,7654,HAM_0004518,1
ISIC_0031961,4,BKL,7655,HAM_0006173,2
ISIC_0031962,1,NV,7656,HAM_0001092,5
ISIC_0031963,1,NV,7657,HAM_0005521,0
ISIC_0031964,1,NV,7658,HAM_0007181,9
ISIC_0031965,1,NV,7659,HAM_0002511,0
ISIC_0031966,1,NV,7660,HAM_0005792,0
ISIC_0031967,4,BKL,7661,HAM_0004341,8
ISIC_0031968,1,NV,7662,HAM_0003485,4
ISIC_0031969,1,NV,7663,HAM_0004528,7
ISIC_0031970,1,NV,7664,HAM_0005421,9
ISIC_0031971,2,BCC,7665,HAM_0006564,7
ISIC_0031972,0,MEL,7666,HAM_0002182,1
ISIC_0031973,1,NV,7667,HAM_0000378,7
ISIC_0031974,1,NV,7668,HAM_0000758,7
ISIC_0031975,1,NV,7669,HAM_0005060,3
ISIC_0031976,2,BCC,7670,HAM_0006851,3
ISIC_0031977,0,MEL,7671,HAM_0006828,2
ISIC_0031978,1,NV,7672,HAM_0007286,0
ISIC_0031979,1,NV,7673,HAM_0003318,8
ISIC_0031980,4,BKL,7674,HAM_0001608,1
ISIC_0031981,1,NV,7675,HAM_0004337,9
ISIC_0031982,1,NV,7676,HAM_0002345,3
ISIC_0031983,1,NV,7677,HAM_0006890,0
ISIC_0031984,1,NV,7678,HAM_0006430,6
ISIC_0031985,1,NV,7679,HAM_0000406,3
ISIC_0031986,2,BCC,7680,HAM_0000658,8
ISIC_0031987,4,BKL,7681,HAM_0001781,5
ISIC_0031988,1,NV,7682,HAM_0003904,4
ISIC_0031989,4,BKL,7683,HAM_0007100,6
ISIC_0031990,1,NV,7684,HAM_0004736,8
ISIC_0031991,1,NV,7685,HAM_0007108,2
ISIC_0031992,1,NV,7686,HAM_0006431,6
ISIC_0031993,3,AKIEC,7687,HAM_0006887,7
ISIC_0031994,1,NV,7688,HAM_0002669,0
ISIC_0031995,1,NV,7689,HAM_0006649,0
ISIC_0031996,6,VASC,7690,HAM_0003480,3
ISIC_0031997,1,NV,7691,HAM_0003250,4
ISIC_0031998,1,NV,7692,HAM_0002868,3
ISIC_0031999,0,MEL,7693,HAM_0003531,4
ISIC_0032000,1,NV,7694,HAM_0004688,9
ISIC_0032001,1,NV,7695,HAM_0003019,4
ISIC_0032002,1,NV,7696,HAM_0005130,1
ISIC_0032003,1,NV,7697,HAM_0000751,4
ISIC_0032004,1,NV,7698,HAM_0000623,0
ISIC_0032005,1,NV,7699,HAM_0000455,5
ISIC_0032006,4,BKL,7700,HAM_0003452,0
ISIC_0032007,1,NV,7701,HAM_0007477,8
ISIC_0032008,1,NV,7702,HAM_0004667,8
ISIC_0032009,1,NV,7703,HAM_0001107,6
ISIC_0032010,1,NV,7704,HAM_0000445,8
ISIC_0032011,1,NV,7705,HAM_0002433,6
ISIC_0032012,1,NV,7706,HAM_0001980,3
ISIC_0032013,4,BKL,7707,HAM_0002299,9
ISIC_0032014,3,AKIEC,7708,HAM_0007349,4
ISIC_0032015,1,NV,7709,HAM_0005643,0
ISIC_0032016,1,NV,7710,HAM_0007551,5
ISIC_0032017,0,MEL,7711,HAM_0007368,6
ISIC_0032018,1,NV,7712,HAM_0006600,4
ISIC_0032019,0,MEL,7713,HAM_0003194,5
ISIC_0032020,1,NV,7714,HAM_0007437,9
ISIC_0032021,1,NV,7715,HAM_0000335,5
ISIC_0032022,2,BCC,7716,HAM_0005417,4
ISIC_0032023,1,NV,7717,HAM_0002698,7
ISIC_0032024,4,BKL,7718,HAM_0002303,2
ISIC_0032025,1,NV,7719,HAM_0001906,3
ISIC_0032026,1,NV,7720,HAM_0002832,7
ISIC_0032027,1,NV,7721,HAM_0006145,2
ISIC_0032028,1,NV,7722,HAM_0002518,6
ISIC_0032029,1,NV,7723,HAM_0005519,6
ISIC_0032030,2,BCC,7724,HAM_0005985,9
ISIC_0032031,4,BKL,7725,HAM_0005967,1
ISIC_0032032,1,NV,7726,HAM_0000681,7
ISIC_0032033,1,NV,7727,HAM_0005943,2
ISIC_0032034,1,NV,7728,HAM_0006205,8
ISIC_0032035,1,NV,7729,HAM_0002228,0
ISIC_0032036,0,MEL,7730,HAM_0004637,7
ISIC_0032037,1,NV,7731,HAM_0002687,4
ISIC_0032038,1,NV,7732,HAM_0001998,9
ISIC_0032039,1,NV,7733,HAM_0005654,6
ISIC_0032040,4,BKL,7734,HAM_0000237,0
ISIC_0032041,1,NV,7735,HAM_0000103,8
ISIC_0032042,1,NV,7736,HAM_0002364,9
ISIC_0032043,4,BKL,7737,HAM_0005420,9
ISIC_0032044,0,MEL,7738,HAM_0004643,9
ISIC_0032045,4,BKL,7739,HAM_0001057,9
ISIC_0032046,0,MEL,7740,HAM_0005697,9
ISIC_0032047,1,NV,7741,HAM_0005568,5
ISIC_0032048,1,NV,7742,HAM_0000742,2
ISIC_0032049,1,NV,7743,HAM_0000839,5
ISIC_0032050,1,NV,7744,HAM_0002875,7
ISIC_0032051,4,BKL,7745,HAM_0001947,8
ISIC_0032052,1,NV,7746,HAM_0000669,2
ISIC_0032053,1,NV,7747,HAM_0005945,7
ISIC_0032054,1,NV,7748,HAM_0005350,0
ISIC_0032055,1,NV,7749,HAM_0007189,4
ISIC_0032056,1,NV,7750,HAM_0004306,5
ISIC_0032057,6,VASC,7751,HAM_0004862,0
ISIC_0032058,1,NV,7752,HAM_0000721,9
ISIC_0032059,1,NV,7753,HAM_0001661,9
ISIC_0032060,1,NV,7754,HAM_0005508,3
ISIC_0032061,2,BCC,7755,HAM_0004685,7
ISIC_0032062,1,NV,7756,HAM_0007366,9
ISIC_0032063,4,BKL,7757,HAM_0006630,7
ISIC_0032064,1,NV,7758,HAM_0002482,2
ISIC_0032065,1,NV,7759,HAM_0006924,3
ISIC_0032066,1,NV,7760,HAM_0002225,4
ISIC_0032067,1,NV,7761,HAM_0007442,8
ISIC_0032068,1,NV,7762,HAM_0002929,1
ISIC_0032069,1,NV,7763,HAM_0006535,4
ISIC_0032070,0,MEL,7764,HAM_0002609,4
ISIC_0032071,1,NV,7765,HAM_0006982,6
ISIC_0032072,0,MEL,7766,HAM_0004593,6
ISIC_0032073,1,NV,7767,HAM_0001794,3
ISIC_0032074,1,NV,7768,HAM_0003710,3
ISIC_0032075,1,NV,7769,HAM_0005534,8
ISIC_0032076,6,VASC,7770,HAM_0005155,6
ISIC_0032077,1,NV,7771,HAM_0004334,4
ISIC_0032078,1,NV,7772,HAM_0001088,7
ISIC_0032079,0,MEL,7773,HAM_0005555,7
ISIC_0032080,1,NV,7774,HAM_0005871,0
ISIC_0032081,0,MEL,7775,HAM_0005078,3
ISIC_0032082,1,NV,7776,HAM_0005107,4
ISIC_0032083,1,NV,7777,HAM_0005491,3
ISIC_0032084,1,NV,7778,HAM_0003067,4
ISIC_0032085,1,NV,7779,HAM_0003377,6
ISIC_0032086,1,NV,7780,HAM_0002973,4
ISIC_0032087,1,NV,7781,HAM_0001323,4
ISIC_0032088,1,NV,7782,HAM_0007045,0
ISIC_0032089,1,NV,7783,HAM_0002887,7
ISIC_0032090,1,NV,7784,HAM_0004479,4
ISIC_0032091,1,NV,7785,HAM_0003114,5
ISIC_0032092,2,BCC,7786,HAM_0005379,0
ISIC_0032093,1,NV,7787,HAM_0004005,3
ISIC_0032094,1,NV,7788,HAM_0006087,7
ISIC_0032095,0,MEL,7789,HAM_0005789,8
ISIC_0032096,1,NV,7790,HAM_0003848,7
ISIC_0032097,1,NV,7791,HAM_0003006,9
ISIC_0032098,0,MEL,7792,HAM_0006739,9
ISIC_0032099,4,BKL,7793,HAM_0002455,8
ISIC_0032100,1,NV,7794,HAM_0000101,0
ISIC_0032101,1,NV,7795,HAM_0004978,1
ISIC_0032102,1,NV,7796,HAM_0002554,1
ISIC_0032103,4,BKL,7797,HAM_0000893,7
ISIC_0032104,1,NV,7798,HAM_0001413,1
ISIC_0032105,1,NV,7799,HAM_0006102,9
ISIC_0032106,1,NV,7800,HAM_0004526,7
ISIC_0032107,1,NV,7801,HAM_0003313,4
ISIC_0032108,1,NV,7802,HAM_0004823,8
ISIC_0032109,1,NV,7803,HAM_0006947,6
ISIC_0032110,0,MEL,7804,HAM_0002834,6
ISIC_0032111,4,BKL,7805,HAM_0006064,6
ISIC_0032112,1,NV,7806,HAM_0003652,7
ISIC_0032113,4,BKL,7807,HAM_0003393,6
ISIC_0032114,5,DF,7808,HAM_0003110,0
ISIC_0032115,1,NV,7809,HAM_0000701,2
ISIC_0032116,4,BKL,7810,HAM_0003275,0
ISIC_0032117,1,NV,7811,HAM_0006336,9
ISIC_0032118,1,NV,7812,HAM_0007540,1
ISIC_0032119,1,NV,7813,HAM_0000874,8
ISIC_0032120,1,NV,7814,HAM_0000901,8
ISIC_0032121,1,NV,7815,HAM_0006000,0
ISIC_0032122,1,NV,7816,HAM_0000018,8
ISIC_0032123,4,BKL,7817,HAM_0006170,4
ISIC_0032124,4,BKL,7818,HAM_0002536,4
ISIC_0032125,1,NV,7819,HAM_0003305,5
ISIC_0032126,1,NV,7820,HAM_0000045,2
ISIC_0032127,1,NV,7821,HAM_0001595,0
ISIC_0032128,4,BKL,7822,HAM_0004884,7
ISIC_0032129,4,BKL,7823,HAM_0007571,1
ISIC_0032130,1,NV,7824,HAM_0004072,4
ISIC_0032131,1,NV,7825,HAM_0003173,6
ISIC_0032132,2,BCC,7826,HAM_0000352,6
ISIC_0032133,1,NV,7827,HAM_0007104,3
ISIC_0032134,0,MEL,7828,HAM_0002430,2
ISIC_0032135,3,AKIEC,7829,HAM_0003144,8
ISIC_0032136,1,NV,7830,HAM_0001458,0
ISIC_0032137,1,NV,7831,HAM_0006354,4
ISIC_0032138,5,DF,7832,HAM_0005492,7
ISIC_0032139,2,BCC,7833,HAM_0003738,7
ISIC_0032140,1,NV,7834,HAM_0004337,5
ISIC_0032141,1,NV,7835,HAM_0003723,9
ISIC_0032142,1,NV,7836,HAM_0000740,1
ISIC_0032143,1,NV,7837,HAM_0004796,6
ISIC_0032144,1,NV,7838,HAM_0007176,4
ISIC_0032145,1,NV,7839,HAM_0003760,9
ISIC_0032146,2,BCC,7840,HAM_0004435,2
ISIC_0032147,1,NV,7841,HAM_0006867,0
ISIC_0032148,1,NV,7842,HAM_0000521,0
ISIC_0032149,0,MEL,7843,HAM_0001964,5
ISIC_0032150,1,NV,7844,HAM_0000230,9
ISIC_0032151,1,NV,7845,HAM_0007553,7
ISIC_0032152,0,MEL,7846,HAM_0003869,7
ISIC_0032153,1,NV,7847,HAM_0001627,4
ISIC_0032154,3,AKIEC,7848,HAM_0002307,3
ISIC_0032155,1,NV,7849,HAM_0002052,8
ISIC_0032156,4,BKL,7850,HAM_0007521,2
ISIC_0032157,1,NV,7851,HAM_0000353,9
ISIC_0032158,1,NV,7852,HAM_0004318,7
ISIC_0032159,4,BKL,7853,HAM_0004632,2
ISIC_0032160,1,NV,7854,HAM_0004874,0
ISIC_0032161,1,NV,7855,HAM_0005216,7
ISIC_0032162,1,NV,7856,HAM_0001188,2
ISIC_0032163,1,NV,7857,HAM_0001427,2
ISIC_0032164,2,BCC,7858,HAM_0000807,2
ISIC_0032165,1,NV,7859,HAM_0003345,8
ISIC_0032166,1,NV,7860,HAM_0001960,4
ISIC_0032167,1,NV,7861,HAM_0000916,6
ISIC_0032168,4,BKL,7862,HAM_0006143,3
ISIC_0032169,1,NV,7863,HAM_0005044,0
ISIC_0032170,4,BKL,7864,HAM_0004543,4
ISIC_0032171,1,NV,7865,HAM_0006536,4
ISIC_0032172,1,NV,7866,HAM_0007517,4
ISIC_0032173,3,AKIEC,7867,HAM_0001694,6
ISIC_0032174,2,BCC,7868,HAM_0005559,2
ISIC_0032175,1,NV,7869,HAM_0000302,2
ISIC_0032176,1,NV,7870,HAM_0001769,1
ISIC_0032177,1,NV,7871,HAM_0002520,9
ISIC_0032178,1,NV,7872,HAM_0000651,4
ISIC_0032179,4,BKL,7873,HAM_0005903,2
ISIC_0032180,1,NV,7874,HAM_0004236,0
ISIC_0032181,1,NV,7875,HAM_0003369,9
ISIC_0032182,0,MEL,7876,HAM_0006651,0
ISIC_0032183,1,NV,7877,HAM_0007351,7
ISIC_0032184,1,NV,7878,HAM_0004866,5
ISIC_0032185,2,BCC,7879,HAM_0006111,7
ISIC_0032186,1,NV,7880,HAM_0000104,2
ISIC_0032187,0,MEL,7881,HAM_0000006,9
ISIC_0032188,1,NV,7882,HAM_0003865,1
ISIC_0032189,1,NV,7883,HAM_0006028,7
ISIC_0032190,0,MEL,7884,HAM_0006214,8
ISIC_0032191,1,NV,7885,HAM_0006618,1
ISIC_0032192,0,MEL,7886,HAM_0007070,5
ISIC_0032193,1,NV,7887,HAM_0007492,1
ISIC_0032194,2,BCC,7888,HAM_0003596,4
ISIC_0032195,1,NV,7889,HAM_0007075,5
ISIC_0032196,1,NV,7890,HAM_0002188,2
ISIC_0032197,0,MEL,7891,HAM_0003400,3
ISIC_0032198,1,NV,7892,HAM_0001093,6
ISIC_0032199,3,AKIEC,7893,HAM_0000361,9
ISIC_0032200,4,BKL,7894,HAM_0002169,1
ISIC_0032201,1,NV,7895,HAM_0000227,5
ISIC_0032202,1,NV,7896,HAM_0001170,1
ISIC_0032203,3,AKIEC,7897,HAM_0005954,2
ISIC_0032204,0,MEL,7898,HAM_0005789,4
ISIC_0032205,1,NV,7899,HAM_0001921,3
ISIC_0032206,3,AKIEC,7900,HAM_0001302,7
ISIC_0032207,0,MEL,7901,HAM_0000513,1
ISIC_0032208,1,NV,7902,HAM_0002665,4
ISIC_0032209,1,NV,7903,HAM_0001100,4
ISIC_0032210,1,NV,7904,HAM_0001227,8
ISIC_0032211,1,NV,7905,HAM_0000041,6
ISIC_0032212,1,NV,7906,HAM_0004932,8
ISIC_0032213,1,NV,7907,HAM_0003656,6
ISIC_0032214,0,MEL,7908,HAM_0007454,5
ISIC_0032215,4,BKL,7909,HAM_0002050,0
ISIC_0032216,1,NV,7910,HAM_0004123,7
ISIC_0032217,1,NV,7911,HAM_0006503,9
ISIC_0032218,1,NV,7912,HAM_0006094,3
ISIC_0032219,0,MEL,7913,HAM_0005315,7
ISIC_0032220,0,MEL,7914,HAM_0003521,4
ISIC_0032221,1,NV,7915,HAM_0000102,8
ISIC_0032222,2,BCC,7916,HAM_0001415,5
ISIC_0032223,1,NV,7917,HAM_0003059,4
ISIC_0032224,1,NV,7918,HAM_0005033,4
ISIC_0032225,2,BCC,7919,HAM_0001388,1
ISIC_0032226,1,NV,7920,HAM_0000289,8
ISIC_0032227,1,NV,7921,HAM_0000963,3
ISIC_0032228,1,NV,7922,HAM_0003984,9
ISIC_0032229,1,NV,7923,HAM_0002849,6
ISIC_0032230,4,BKL,7924,HAM_0000744,1
ISIC_0032231,1,NV,7925,HAM_0001591,0
ISIC_0032232,0,MEL,7926,HAM_0004878,6
ISIC_0032233,1,NV,7927,HAM_0006174,1
ISIC_0032234,1,NV,7928,HAM_0004721,9
ISIC_0032235,4,BKL,7929,HAM_0002268,7
ISIC_0032236,1,NV,7930,HAM_0006105,1
ISIC_0032237,1,NV,7931,HAM_0003370,7
ISIC_0032238,3,AKIEC,7932,HAM_0000688,1
ISIC_0032239,1,NV,7933,HAM_0004858,1
ISIC_0032240,6,VASC,7934,HAM_0002538,8
ISIC_0032241,1,NV,7935,HAM_0000882,3
ISIC_0032242,1,NV,7936,HAM_0003951,4
ISIC_0032243,1,NV,7937,HAM_0004701,6
ISIC_0032244,0,MEL,7938,HAM_0000152,6
ISIC_0032245,0,MEL,7939,HAM_0004979,7
ISIC_0032246,2,BCC,7940,HAM_0005509,0
ISIC_0032247,5,DF,7941,HAM_0007225,7
ISIC_0032248,0,MEL,7942,HAM_0002119,0
ISIC_0032249,4,BKL,7943,HAM_0005834,6
ISIC_0032250,1,NV,7944,HAM_0005875,0
ISIC_0032251,1,NV,7945,HAM_0001764,8
ISIC_0032252,1,NV,7946,HAM_0005895,9
ISIC_0032253,1,NV,7947,HAM_0001764,9
ISIC_0032254,1,NV,7948,HAM_0001548,0
ISIC_0032255,1,NV,7949,HAM_0005145,4
ISIC_0032256,1,NV,7950,HAM_0006424,3
ISIC_0032257,1,NV,7951,HAM_0006457,5
ISIC_0032258,0,MEL,7952,HAM_0003521,8
ISIC_0032259,1,NV,7953,HAM_0004333,5
ISIC_0032260,1,NV,7954,HAM_0005840,0
ISIC_0032261,1,NV,7955,HAM_0005025,4
ISIC_0032262,1,NV,7956,HAM_0003061,7
ISIC_0032263,1,NV,7957,HAM_0001290,0
ISIC_0032264,1,NV,7958,HAM_0006814,9
ISIC_0032265,0,MEL,7959,HAM_0002714,4
ISIC_0032266,1,NV,7960,HAM_0002289,6
ISIC_0032267,1,NV,7961,HAM_0004605,7
ISIC_0032268,1,NV,7962,HAM_0000487,4
ISIC_0032269,0,MEL,7963,HAM_0003256,7
ISIC_0032270,6,VASC,7964,HAM_0005270,8
ISIC_0032271,4,BKL,7965,HAM_0002371,5
ISIC_0032272,1,NV,7966,HAM_0005917,0
ISIC_0032273,1,NV,7967,HAM_0006283,7
ISIC_0032274,1,NV,7968,HAM_0006451,4
ISIC_0032275,1,NV,7969,HAM_0003489,4
ISIC_0032276,1,NV,7970,HAM_0005174,6
ISIC_0032277,3,AKIEC,7971,HAM_0001624,5
ISIC_0032278,1,NV,7972,HAM_0005175,5
ISIC_0032279,1,NV,7973,HAM_0004991,1
ISIC_0032280,4,BKL,7974,HAM_0002839,7
ISIC_0032281,1,NV,7975,HAM_0004174,0
ISIC_0032282,1,NV,7976,HAM_0007064,0
ISIC_0032283,4,BKL,7977,HAM_0003021,3
ISIC_0032284,1,NV,7978,HAM_0002647,4
ISIC_0032285,1,NV,7979,HAM_0006830,6
ISIC_0032286,1,NV,7980,HAM_0006959,8
ISIC_0032287,0,MEL,7981,HAM_0006223,5
ISIC_0032288,1,NV,7982,HAM_0006100,5
ISIC_0032289,1,NV,7983,HAM_0001782,2
ISIC_0032290,2,BCC,7984,HAM_0004480,0
ISIC_0032291,1,NV,7985,HAM_0000032,2
ISIC_0032292,1,NV,7986,HAM_0003685,0
ISIC_0032293,1,NV,7987,HAM_0000123,6
ISIC_0032294,1,NV,7988,HAM_0007448,4
ISIC_0032295,1,NV,7989,HAM_0006106,2
ISIC_0032296,1,NV,7990,HAM_0006151,4
ISIC_0032297,1,NV,7991,HAM_0004730,8
ISIC_0032298,1,NV,7992,HAM_0000694,0
ISIC_0032299,1,NV,7993,HAM_0002090,8
ISIC_0032300,1,NV,7994,HAM_0007278,1
ISIC_0032301,1,NV,7995,HAM_0002020,6
ISIC_0032302,2,BCC,7996,HAM_0006765,3
ISIC_0032303,4,BKL,7997,HAM_0000893,8
ISIC_0032304,4,BKL,7998,HAM_0006558,3
ISIC_0032305,1,NV,7999,HAM_0006456,6
ISIC_0032306,4,BKL,8000,HAM_0001853,1
ISIC_0032307,2,BCC,8001,HAM_0001301,4
ISIC_0032308,0,MEL,8002,HAM_0003802,0
ISIC_0032309,1,NV,8003,HAM_0006185,5
ISIC_0032310,1,NV,8004,HAM_0007014,7
ISIC_0032311,1,NV,8005,HAM_0005086,9
ISIC_0032312,1,NV,8006,HAM_0002795,5
ISIC_0032313,0,MEL,8007,HAM_0000099,9
ISIC_0032314,2,BCC,8008,HAM_0007611,5
ISIC_0032315,4,BKL,8009,HAM_0005463,4
ISIC_0032316,2,BCC,8010,HAM_0000868,5
ISIC_0032317,1,NV,8011,HAM_0001629,6
ISIC_0032318,2,BCC,8012,HAM_0006444,1
ISIC_0032319,1,NV,8013,HAM_0002352,0
ISIC_0032320,1,NV,8014,HAM_0005990,9
ISIC_0032321,1,NV,8015,HAM_0006859,6
ISIC_0032322,1,NV,8016,HAM_0004564,2
ISIC_0032323,1,NV,8017,HAM_0003070,7
ISIC_0032324,1,NV,8018,HAM_0002117,4
ISIC_0032325,4,BKL,8019,HAM_0002184,4
ISIC_0032326,1,NV,8020,HAM_0000280,8
ISIC_0032327,1,NV,8021,HAM_0004806,0
ISIC_0032328,1,NV,8022,HAM_0006469,4
ISIC_0032329,3,AKIEC,8023,HAM_0005027,6
ISIC_0032330,4,BKL,8024,HAM_0000090,4
ISIC_0032331,0,MEL,8025,HAM_0004813,0
ISIC_0032332,1,NV,8026,HAM_0004449,2
ISIC_0032333,1,NV,8027,HAM_0001083,4
ISIC_0032334,1,NV,8028,HAM_0006197,7
ISIC_0032335,4,BKL,8029,HAM_0005498,5
ISIC_0032336,1,NV,8030,HAM_0002460,7
ISIC_0032337,1,NV,8031,HAM_0002038,7
ISIC_0032338,1,NV,8032,HAM_0004024,0
ISIC_0032339,1,NV,8033,HAM_0007072,7
ISIC_0032340,1,NV,8034,HAM_0001881,1
ISIC_0032341,1,NV,8035,HAM_0003221,6
ISIC_0032342,1,NV,8036,HAM_0004410,4
ISIC_0032343,4,BKL,8037,HAM_0006071,2
ISIC_0032344,1,NV,8038,HAM_0003919,6
ISIC_0032345,1,NV,8039,HAM_0005056,0
ISIC_0032346,1,NV,8040,HAM_0001171,4
ISIC_0032347,1,NV,8041,HAM_0007585,2
ISIC_0032348,4,BKL,8042,HAM_0006294,5
ISIC_0032349,3,AKIEC,8043,HAM_0003086,0
ISIC_0032350,1,NV,8044,HAM_0007033,4
ISIC_0032351,1,NV,8045,HAM_0006963,2
ISIC_0032352,1,NV,8046,HAM_0004244,7
ISIC_0032353,1,NV,8047,HAM_0000535,6
ISIC_0032354,1,NV,8048,HAM_0001714,3
ISIC_0032355,1,NV,8049,HAM_0005888,1
ISIC_0032356,3,AKIEC,8050,HAM_0000982,1
ISIC_0032357,1,NV,8051,HAM_0007098,9
ISIC_0032358,4,BKL,8052,HAM_0006267,5
ISIC_0032359,4,BKL,8053,HAM_0002419,6
ISIC_0032360,1,NV,8054,HAM_0001622,0
ISIC_0032361,1,NV,8055,HAM_0001690,0
ISIC_0032362,1,NV,8056,HAM_0007127,4
ISIC_0032363,1,NV,8057,HAM_0007003,6
ISIC_0032364,1,NV,8058,HAM_0003677,1
ISIC_0032365,4,BKL,8059,HAM_0003206,1
ISIC_0032366,1,NV,8060,HAM_0004046,0
ISIC_0032367,1,NV,8061,HAM_0006415,0
ISIC_0032368,1,NV,8062,HAM_0001715,6
ISIC_0032369,1,NV,8063,HAM_0003079,7
ISIC_0032370,1,NV,8064,HAM_0003916,6
ISIC_0032371,3,AKIEC,8065,HAM_0006483,9
ISIC_0032372,0,MEL,8066,HAM_0000125,4
ISIC_0032373,4,BKL,8067,HAM_0001493,1
ISIC_0032374,1,NV,8068,HAM_0001279,7
ISIC_0032375,1,NV,8069,HAM_0000279,5
ISIC_0032376,1,NV,8070,HAM_0000174,3
ISIC_0032377,1,NV,8071,HAM_0000196,1
ISIC_0032378,1,NV,8072,HAM_0001342,2
ISIC_0032379,1,NV,8073,HAM_0005522,1
ISIC_0032380,1,NV,8074,HAM_0003248,7
ISIC_0032381,1,NV,8075,HAM_0004904,1
ISIC_0032382,4,BKL,8076,HAM_0001417,2
ISIC_0032383,1,NV,8077,HAM_0005333,7
ISIC_0032384,2,BCC,8078,HAM_0007009,3
ISIC_0032385,1,NV,8079,HAM_0005712,9
ISIC_0032386,1,NV,8080,HAM_0000310,8
ISIC_0032387,1,NV,8081,HAM_0005867,9
ISIC_0032388,1,NV,8082,HAM_0000378,9
ISIC_0032389,0,MEL,8083,HAM_0003102,2
ISIC_0032390,1,NV,8084,HAM_0000155,0
ISIC_0032391,1,NV,8085,HAM_0004481,4
ISIC_0032392,1,NV,8086,HAM_0000157,3
ISIC_0032393,1,NV,8087,HAM_0005200,0
ISIC_0032394,1,NV,8088,HAM_0005667,1
ISIC_0032395,4,BKL,8089,HAM_0005967,9
ISIC_0032396,0,MEL,8090,HAM_0000876,7
ISIC_0032397,3,AKIEC,8091,HAM_0005459,1
ISIC_0032398,1,NV,8092,HAM_0002555,4
ISIC_0032399,1,NV,8093,HAM_0005677,2
ISIC_0032400,0,MEL,8094,HAM_0006803,4
ISIC_0032401,1,NV,8095,HAM_0001229,0
ISIC_0032402,1,NV,8096,HAM_0003809,3
ISIC_0032403,1,NV,8097,HAM_0004032,9
ISIC_0032404,3,AKIEC,8098,HAM_0007038,9
ISIC_0032405,1,NV,8099,HAM_0001455,9
ISIC_0032406,1,NV,8100,HAM_0006304,1
ISIC_0032407,1,NV,8101,HAM_0001567,7
ISIC_0032408,0,MEL,8102,HAM_0002115,4
ISIC_0032409,6,VASC,8103,HAM_0001238,5
ISIC_0032410,5,DF,8104,HAM_0005518,0
ISIC_0032411,1,NV,8105,HAM_0000034,8
ISIC_0032412,1,NV,8106,HAM_0002234,4
ISIC_0032413,1,NV,8107,HAM_0004723,3
ISIC_0032414,2,BCC,8108,HAM_0001926,3
ISIC_0032415,2,BCC,8109,HAM_0000463,0
ISIC_0032416,1,NV,8110,HAM_0003347,4
ISIC_0032417,4,BKL,8111,HAM_0001949,4
ISIC_0032418,1,NV,8112,HAM_0004594,2
ISIC_0032419,1,NV,8113,HAM_0004879,5
ISIC_0032420,0,MEL,8114,HAM_0003055,3
ISIC_0032421,1,NV,8115,HAM_0004461,1
ISIC_0032422,3,AKIEC,8116,HAM_0004384,3
ISIC_0032423,1,NV,8117,HAM_0001014,0
ISIC_0032424,0,MEL,8118,HAM_0001819,8
ISIC_0032425,0,MEL,8119,HAM_0001349,6
ISIC_0032426,1,NV,8120,HAM_0007527,9
ISIC_0032427,1,NV,8121,HAM_0005818,3
ISIC_0032428,1,NV,8122,HAM_0004410,5
ISIC_0032429,2,BCC,8123,HAM_0005973,4
ISIC_0032430,0,MEL,8124,HAM_0006942,8
ISIC_0032431,1,NV,8125,HAM_0000234,0
ISIC_0032432,1,NV,8126,HAM_0001937,6
ISIC_0032433,0,MEL,8127,HAM_0005504,5
ISIC_0032434,1,NV,8128,HAM_0003302,9
ISIC_0032435,1,NV,8129,HAM_0002963,7
ISIC_0032436,1,NV,8130,HAM_0001207,8
ISIC_0032437,3,AKIEC,8131,HAM_0007601,1
ISIC_0032438,1,NV,8132,HAM_0007485,7
ISIC_0032439,2,BCC,8133,HAM_0005547,7
ISIC_0032440,1,NV,8134,HAM_0005570,9
ISIC_0032441,0,MEL,8135,HAM_0005328,0
ISIC_0032442,1,NV,8136,HAM_0000812,9
ISIC_0032443,1,NV,8137,HAM_0005484,6
ISIC_0032444,1,NV,8138,HAM_0000949,1
ISIC_0032445,4,BKL,8139,HAM_0006173,9
ISIC_0032446,1,NV,8140,HAM_0002483,2
ISIC_0032447,0,MEL,8141,HAM_0007343,7
ISIC_0032448,1,NV,8142,HAM_0003232,8
ISIC_0032449,1,NV,8143,HAM_0006127,8
ISIC_0032450,0,MEL,8144,HAM_0006908,6
ISIC_0032451,1,NV,8145,HAM_0000414,6
ISIC_0032452,1,NV,8146,HAM_0002739,2
ISIC_0032453,1,NV,8147,HAM_0000132,1
ISIC_0032454,1,NV,8148,HAM_0004634,9
ISIC_0032455,3,AKIEC,8149,HAM_0001337,8
ISIC_0032456,4,BKL,8150,HAM_0003015,1
ISIC_0032457,1,NV,8151,HAM_0005691,4
ISIC_0032458,1,NV,8152,HAM_0001602,1
ISIC_0032459,1,NV,8153,HAM_0003590,7
ISIC_0032460,4,BKL,8154,HAM_0006876,8
ISIC_0032461,2,BCC,8155,HAM_0001528,1
ISIC_0032462,0,MEL,8156,HAM_0001274,4
ISIC_0032463,4,BKL,8157,HAM_0003326,7
ISIC_0032464,1,NV,8158,HAM_0001865,4
ISIC_0032465,1,NV,8159,HAM_0004557,3
ISIC_0032466,0,MEL,8160,HAM_0005061,7
ISIC_0032467,1,NV,8161,HAM_0003234,5
ISIC_0032468,5,DF,8162,HAM_0005684,5
ISIC_0032469,1,NV,8163,HAM_0002892,1
ISIC_0032470,1,NV,8164,HAM_0002581,8
ISIC_0032471,1,NV,8165,HAM_0003932,4
ISIC_0032472,1,NV,8166,HAM_0002140,5
ISIC_0032473,1,NV,8167,HAM_0004631,0
ISIC_0032474,1,NV,8168,HAM_0003282,1
ISIC_0032475,1,NV,8169,HAM_0007448,7
ISIC_0032476,0,MEL,8170,HAM_0001744,5
ISIC_0032477,1,NV,8171,HAM_0000430,1
ISIC_0032478,1,NV,8172,HAM_0003254,7
ISIC_0032479,1,NV,8173,HAM_0006500,4
ISIC_0032480,1,NV,8174,HAM_0001146,4
ISIC_0032481,4,BKL,8175,HAM_0002769,1
ISIC_0032482,2,BCC,8176,HAM_0006387,6
ISIC_0032483,1,NV,8177,HAM_0004104,7
ISIC_0032484,1,NV,8178,HAM_0005506,2
ISIC_0032485,1,NV,8179,HAM_0003443,0
ISIC_0032486,4,BKL,8180,HAM_0002121,4
ISIC_0032487,1,NV,8181,HAM_0004301,5
ISIC_0032488,1,NV,8182,HAM_0002383,0
ISIC_0032489,1,NV,8183,HAM_0001327,8
ISIC_0032490,1,NV,8184,HAM_0002620,9
ISIC_0032491,1,NV,8185,HAM_0001513,9
ISIC_0032492,1,NV,8186,HAM_0004068,4
ISIC_0032493,1,NV,8187,HAM_0007011,3
ISIC_0032494,1,NV,8188,HAM_0004226,9
ISIC_0032495,1,NV,8189,HAM_0004770,0
ISIC_0032496,1,NV,8190,HAM_0005578,0
ISIC_0032497,2,BCC,8191,HAM_0001759,9
ISIC_0032498,4,BKL,8192,HAM_0001011,2
ISIC_0032499,1,NV,8193,HAM_0004250,0
ISIC_0032500,1,NV,8194,HAM_0006860,3
ISIC_0032501,1,NV,8195,HAM_0001467,3
ISIC_0032502,1,NV,8196,HAM_0006650,8
ISIC_0032503,1,NV,8197,HAM_0002487,2
ISIC_0032504,0,MEL,8198,HAM_0001791,0
ISIC_0032505,1,NV,8199,HAM_0007077,7
ISIC_0032506,1,NV,8200,HAM_0002917,9
ISIC_0032507,1,NV,8201,HAM_0004725,9
ISIC_0032508,4,BKL,8202,HAM_0000527,2
ISIC_0032509,0,MEL,8203,HAM_0003335,7
ISIC_0032510,1,NV,8204,HAM_0002601,6
ISIC_0032511,0,MEL,8205,HAM_0003620,8
ISIC_0032512,1,NV,8206,HAM_0003735,1
ISIC_0032513,4,BKL,8207,HAM_0007101,9
ISIC_0032514,4,BKL,8208,HAM_0003001,4
ISIC_0032515,1,NV,8209,HAM_0007415,8
ISIC_0032516,1,NV,8210,HAM_0006539,4
ISIC_0032517,0,MEL,8211,HAM_0004240,3
ISIC_0032518,1,NV,8212,HAM_0003744,2
ISIC_0032519,1,NV,8213,HAM_0005715,0
ISIC_0032520,1,NV,8214,HAM_0004548,1
ISIC_0032521,1,NV,8215,HAM_0005206,3
ISIC_0032522,0,MEL,8216,HAM_0005303,6
ISIC_0032523,1,NV,8217,HAM_0002755,5
ISIC_0032524,1,NV,8218,HAM_0004411,2
ISIC_0032525,1,NV,8219,HAM_0005364,1
ISIC_0032526,0,MEL,8220,HAM_0005249,4
ISIC_0032527,1,NV,8221,HAM_0007451,5
ISIC_0032528,1,NV,8222,HAM_0003945,1
ISIC_0032529,1,NV,8223,HAM_0005942,5
ISIC_0032530,1,NV,8224,HAM_0003676,1
ISIC_0032531,0,MEL,8225,HAM_0005409,5
ISIC_0032532,0,MEL,8226,HAM_0004405,6
ISIC_0032533,0,MEL,8227,HAM_0003602,5
ISIC_0032534,4,BKL,8228,HAM_0004332,3
ISIC_0032535,0,MEL,8229,HAM_0006566,9
ISIC_0032536,2,BCC,8230,HAM_0007471,0
ISIC_0032537,0,MEL,8231,HAM_0001928,3
ISIC_0032538,6,VASC,8232,HAM_0004791,5
ISIC_0032539,1,NV,8233,HAM_0004581,2
ISIC_0032540,1,NV,8234,HAM_0007541,8
ISIC_0032541,1,NV,8235,HAM_0007415,8
ISIC_0032542,1,NV,8236,HAM_0003852,1
ISIC_0032543,1,NV,8237,HAM_0002413,1
ISIC_0032544,0,MEL,8238,HAM_0000388,3
ISIC_0032545,6,VASC,8239,HAM_0004776,8
ISIC_0032546,1,NV,8240,HAM_0000547,8
ISIC_0032547,0,MEL,8241,HAM_0002993,7
ISIC_0032548,1,NV,8242,HAM_0002253,8
ISIC_0032549,1,NV,8243,HAM_0002244,2
ISIC_0032550,0,MEL,8244,HAM_0000179,6
ISIC_0032551,1,NV,8245,HAM_0003947,3
ISIC_0032552,0,MEL,8246,HAM_0001105,5
ISIC_0032553,4,BKL,8247,HAM_0000802,4
ISIC_0032554,1,NV,8248,HAM_0005641,5
ISIC_0032555,1,NV,8249,HAM_0002616,5
ISIC_0032556,4,BKL,8250,HAM_0006654,7
ISIC_0032557,6,VASC,8251,HAM_0000494,6
ISIC_0032558,1,NV,8252,HAM_0006869,8
ISIC_0032559,0,MEL,8253,HAM_0000709,4
ISIC_0032560,1,NV,8254,HAM_0003614,5
ISIC_0032561,1,NV,8255,HAM_0005194,1
ISIC_0032562,1,NV,8256,HAM_0004191,8
ISIC_0032563,1,NV,8257,HAM_0004963,2
ISIC_0032564,0,MEL,8258,HAM_0000321,6
ISIC_0032565,1,NV,8259,HAM_0007299,7
ISIC_0032566,1,NV,8260,HAM_0004574,2
ISIC_0032567,4,BKL,8261,HAM_0003927,5
ISIC_0032568,1,NV,8262,HAM_0007005,1
ISIC_0032569,0,MEL,8263,HAM_0002235,1
ISIC_0032570,4,BKL,8264,HAM_0006801,2
ISIC_0032571,1,NV,8265,HAM_0004181,3
ISIC_0032572,1,NV,8266,HAM_0003356,8
ISIC_0032573,1,NV,8267,HAM_0007541,3
ISIC_0032574,1,NV,8268,HAM_0000970,7
ISIC_0032575,1,NV,8269,HAM_0002074,4
ISIC_0032576,4,BKL,8270,HAM_0000790,1
ISIC_0032577,1,NV,8271,HAM_0003460,4
ISIC_0032578,1,NV,8272,HAM_0007460,9
ISIC_0032579,1,NV,8273,HAM_0006496,8
ISIC_0032580,1,NV,8274,HAM_0002724,6
ISIC_0032581,1,NV,8275,HAM_0006782,3
ISIC_0032582,1,NV,8276,HAM_0004038,2
ISIC_0032583,0,MEL,8277,HAM_0000006,0
ISIC_0032584,1,NV,8278,HAM_0003966,7
ISIC_0032585,1,NV,8279,HAM_0002721,7
ISIC_0032586,0,MEL,8280,HAM_0005758,5
ISIC_0032587,1,NV,8281,HAM_0003288,6
ISIC_0032588,1,NV,8282,HAM_0002600,8
ISIC_0032589,1,NV,8283,HAM_0006218,4
ISIC_0032590,1,NV,8284,HAM_0005351,2
ISIC_0032591,1,NV,8285,HAM_0004182,0
ISIC_0032592,0,MEL,8286,HAM_0006923,4
ISIC_0032593,1,NV,8287,HAM_0004118,2
ISIC_0032594,1,NV,8288,HAM_0004000,1
ISIC_0032595,1,NV,8289,HAM_0004829,0
ISIC_0032596,0,MEL,8290,HAM_0001863,0
ISIC_0032597,0,MEL,8291,HAM_0005992,2
ISIC_0032598,0,MEL,8292,HAM_0006545,8
ISIC_0032599,1,NV,8293,HAM_0003352,6
ISIC_0032600,1,NV,8294,HAM_0001930,3
ISIC_0032601,1,NV,8295,HAM_0001645,1
ISIC_0032602,0,MEL,8296,HAM_0004811,9
ISIC_0032603,0,MEL,8297,HAM_0000064,3
ISIC_0032604,0,MEL,8298,HAM_0003083,1
ISIC_0032605,1,NV,8299,HAM_0006334,6
ISIC_0032606,1,NV,8300,HAM_0004183,2
ISIC_0032607,1,NV,8301,HAM_0004071,5
ISIC_0032608,1,NV,8302,HAM_0005566,4
ISIC_0032609,1,NV,8303,HAM_0003512,9
ISIC_0032610,0,MEL,8304,HAM_0006802,9
ISIC_0032611,2,BCC,8305,HAM_0003072,1
ISIC_0032612,1,NV,8306,HAM_0000402,1
ISIC_0032613,5,DF,8307,HAM_0005584,8
ISIC_0032614,6,VASC,8308,HAM_0006946,1
ISIC_0032615,1,NV,8309,HAM_0001808,5
ISIC_0032616,1,NV,8310,HAM_0007376,6
ISIC_0032617,0,MEL,8311,HAM_0006101,7
ISIC_0032618,4,BKL,8312,HAM_0007101,0
ISIC_0032619,1,NV,8313,HAM_0006883,7
ISIC_0032620,1,NV,8314,HAM_0003106,2
ISIC_0032621,1,NV,8315,HAM_0005760,8
ISIC_0032622,0,MEL,8316,HAM_0000002,4
ISIC_0032623,1,NV,8317,HAM_0001484,4
ISIC_0032624,0,MEL,8318,HAM_0004129,3
ISIC_0032625,1,NV,8319,HAM_0007348,0
ISIC_0032626,0,MEL,8320,HAM_0005953,6
ISIC_0032627,1,NV,8321,HAM_0003969,1
ISIC_0032628,1,NV,8322,HAM_0007483,1
ISIC_0032629,0,MEL,8323,HAM_0000483,7
ISIC_0032630,0,MEL,8324,HAM_0003759,9
ISIC_0032631,1,NV,8325,HAM_0001834,7
ISIC_0032632,1,NV,8326,HAM_0006230,8
ISIC_0032633,1,NV,8327,HAM_0007462,9
ISIC_0032634,1,NV,8328,HAM_0004184,1
ISIC_0032635,1,NV,8329,HAM_0004185,0
ISIC_0032636,4,BKL,8330,HAM_0001772,1
ISIC_0032637,0,MEL,8331,HAM_0002956,8
ISIC_0032638,0,MEL,8332,HAM_0005711,9
ISIC_0032639,1,NV,8333,HAM_0003018,8
ISIC_0032640,1,NV,8334,HAM_0002878,4
ISIC_0032641,1,NV,8335,HAM_0006147,8
ISIC_0032642,5,DF,8336,HAM_0002909,6
ISIC_0032643,4,BKL,8337,HAM_0004142,0
ISIC_0032644,1,NV,8338,HAM_0003966,5
ISIC_0032645,0,MEL,8339,HAM_0002488,9
ISIC_0032646,1,NV,8340,HAM_0001076,4
ISIC_0032647,1,NV,8341,HAM_0003814,8
ISIC_0032648,1,NV,8342,HAM_0003106,3
ISIC_0032649,1,NV,8343,HAM_0006567,1
ISIC_0032650,1,NV,8344,HAM_0002908,0
ISIC_0032651,1,NV,8345,HAM_0004714,0
ISIC_0032652,2,BCC,8346,HAM_0004083,5
ISIC_0032653,0,MEL,8347,HAM_0002841,2
ISIC_0032654,4,BKL,8348,HAM_0000790,6
ISIC_0032655,4,BKL,8349,HAM_0003807,5
ISIC_0032656,0,MEL,8350,HAM_0006923,5
ISIC_0032657,1,NV,8351,HAM_0002431,9
ISIC_0032658,1,NV,8352,HAM_0005717,3
ISIC_0032659,1,NV,8353,HAM_0006700,2
ISIC_0032660,2,BCC,8354,HAM_0002565,5
ISIC_0032661,1,NV,8355,HAM_0003606,8
ISIC_0032662,0,MEL,8356,HAM_0003386,7
ISIC_0032663,1,NV,8357,HAM_0000468,1
ISIC_0032664,1,NV,8358,HAM_0000294,9
ISIC_0032665,4,BKL,8359,HAM_0002928,4
ISIC_0032666,1,NV,8360,HAM_0002574,2
ISIC_0032667,1,NV,8361,HAM_0003352,7
ISIC_0032668,1,NV,8362,HAM_0006080,1
ISIC_0032669,1,NV,8363,HAM_0007259,2
ISIC_0032670,1,NV,8364,HAM_0005601,8
ISIC_0032671,1,NV,8365,HAM_0004574,9
ISIC_0032672,0,MEL,8366,HAM_0006517,0
ISIC_0032673,1,NV,8367,HAM_0003441,4
ISIC_0032674,1,NV,8368,HAM_0005206,7
ISIC_0032675,4,BKL,8369,HAM_0004091,4
ISIC_0032676,1,NV,8370,HAM_0002641,5
ISIC_0032677,1,NV,8371,HAM_0006799,8
ISIC_0032678,1,NV,8372,HAM_0004344,8
ISIC_0032679,1,NV,8373,HAM_0005942,3
ISIC_0032680,1,NV,8374,HAM_0001358,1
ISIC_0032681,4,BKL,8375,HAM_0000208,3
ISIC_0032682,1,NV,8376,HAM_0002425,0
ISIC_0032683,1,NV,8377,HAM_0005383,0
ISIC_0032684,0,MEL,8378,HAM_0003566,3
ISIC_0032685,0,MEL,8379,HAM_0005608,8
ISIC_0032686,1,NV,8380,HAM_0004581,1
ISIC_0032687,0,MEL,8381,HAM_0001344,9
ISIC_0032688,4,BKL,8382,HAM_0006801,1
ISIC_0032689,1,NV,8383,HAM_0007367,3
ISIC_0032690,0,MEL,8384,HAM_0000706,1
ISIC_0032691,1,NV,8385,HAM_0007541,8
ISIC_0032692,6,VASC,8386,HAM_0000940,2
ISIC_0032693,1,NV,8387,HAM_0006700,0
ISIC_0032694,4,BKL,8388,HAM_0000208,2
ISIC_0032695,0,MEL,8389,HAM_0004853,4
ISIC_0032696,2,BCC,8390,HAM_0000993,1
ISIC_0032697,1,NV,8391,HAM_0002027,3
ISIC_0032698,0,MEL,8392,HAM_0001686,6
ISIC_0032699,0,MEL,8393,HAM_0001465,6
ISIC_0032700,1,NV,8394,HAM_0005190,5
ISIC_0032701,1,NV,8395,HAM_0005814,2
ISIC_0032702,1,NV,8396,HAM_0004814,3
ISIC_0032703,1,NV,8397,HAM_0003447,6
ISIC_0032704,1,NV,8398,HAM_0002890,6
ISIC_0032705,1,NV,8399,HAM_0007367,4
ISIC_0032706,1,NV,8400,HAM_0000412,7
ISIC_0032707,1,NV,8401,HAM_0007124,4
ISIC_0032708,1,NV,8402,HAM_0003130,9
ISIC_0032709,0,MEL,8403,HAM_0004284,6
ISIC_0032710,1,NV,8404,HAM_0003507,6
ISIC_0032711,1,NV,8405,HAM_0006869,7
ISIC_0032712,1,NV,8406,HAM_0006353,7
ISIC_0032713,1,NV,8407,HAM_0005209,4
ISIC_0032714,1,NV,8408,HAM_0003346,5
ISIC_0032715,6,VASC,8409,HAM_0006852,7
ISIC_0032716,0,MEL,8410,HAM_0000553,3
ISIC_0032717,1,NV,8411,HAM_0005363,6
ISIC_0032718,0,MEL,8412,HAM_0003202,6
ISIC_0032719,4,BKL,8413,HAM_0006673,8
ISIC_0032720,1,NV,8414,HAM_0006295,4
ISIC_0032721,1,NV,8415,HAM_0001916,0
ISIC_0032722,0,MEL,8416,HAM_0005368,8
ISIC_0032723,0,MEL,8417,HAM_0005992,7
ISIC_0032724,0,MEL,8418,HAM_0004811,6
ISIC_0032725,4,BKL,8419,HAM_0007384,7
ISIC_0032726,0,MEL,8420,HAM_0007180,2
ISIC_0032727,2,BCC,8421,HAM_0004848,5
ISIC_0032728,1,NV,8422,HAM_0004550,3
ISIC_0032729,1,NV,8423,HAM_0004716,1
ISIC_0032730,0,MEL,8424,HAM_0004284,5
ISIC_0032731,1,NV,8425,HAM_0007552,2
ISIC_0032732,4,BKL,8426,HAM_0005299,6
ISIC_0032733,0,MEL,8427,HAM_0000321,6
ISIC_0032734,1,NV,8428,HAM_0006700,8
ISIC_0032735,1,NV,8429,HAM_0004503,2
ISIC_0032736,0,MEL,8430,HAM_0003202,2
ISIC_0032737,1,NV,8431,HAM_0006014,1
ISIC_0032738,1,NV,8432,HAM_0007191,8
ISIC_0032739,1,NV,8433,HAM_0001790,3
ISIC_0032740,4,BKL,8434,HAM_0001561,0
ISIC_0032741,2,BCC,8435,HAM_0005478,4
ISIC_0032742,1,NV,8436,HAM_0000579,1
ISIC_0032743,1,NV,8437,HAM_0001692,0
ISIC_0032744,1,NV,8438,HAM_0002607,5
ISIC_0032745,6,VASC,8439,HAM_0000494,5
ISIC_0032746,1,NV,8440,HAM_0005566,8
ISIC_0032747,1,NV,8441,HAM_0001040,1
ISIC_0032748,1,NV,8442,HAM_0001613,4
ISIC_0032749,1,NV,8443,HAM_0004145,2
ISIC_0032750,0,MEL,8444,HAM_0007163,7
ISIC_0032751,0,MEL,8445,HAM_0005992,2
ISIC_0032752,1,NV,8446,HAM_0007052,0
ISIC_0032753,1,NV,8447,HAM_0002016,1
ISIC_0032754,1,NV,8448,HAM_0003346,2
ISIC_0032755,1,NV,8449,HAM_0004149,1
ISIC_0032756,4,BKL,8450,HAM_0003927,8
ISIC_0032757,4,BKL,8451,HAM_0000527,9
ISIC_0032758,1,NV,8452,HAM_0006329,7
ISIC_0032759,1,NV,8453,HAM_0004186,6
ISIC_0032760,1,NV,8454,HAM_0004226,9
ISIC_0032761,1,NV,8455,HAM_0001740,7
ISIC_0032762,1,NV,8456,HAM_0004000,4
ISIC_0032763,4,BKL,8457,HAM_0006528,3
ISIC_0032764,1,NV,8458,HAM_0007596,6
ISIC_0032765,1,NV,8459,HAM_0003254,7
ISIC_0032766,0,MEL,8460,HAM_0005274,8
ISIC_0032767,1,NV,8461,HAM_0006520,5
ISIC_0032768,2,BCC,8462,HAM_0001138,1
ISIC_0032769,1,NV,8463,HAM_0004444,0
ISIC_0032770,1,NV,8464,HAM_0003137,8
ISIC_0032771,1,NV,8465,HAM_0000407,7
ISIC_0032772,1,NV,8466,HAM_0005496,6
ISIC_0032773,4,BKL,8467,HAM_0000571,4
ISIC_0032774,0,MEL,8468,HAM_0000048,1
ISIC_0032775,6,VASC,8469,HAM_0003862,9
ISIC_0032776,4,BKL,8470,HAM_0001954,9
ISIC_0032777,2,BCC,8471,HAM_0002243,0
ISIC_0032778,4,BKL,8472,HAM_0005299,7
ISIC_0032779,1,NV,8473,HAM_0006334,8
ISIC_0032780,1,NV,8474,HAM_0006615,0
ISIC_0032781,1,NV,8475,HAM_0001040,3
ISIC_0032782,0,MEL,8476,HAM_0005303,1
ISIC_0032783,1,NV,8477,HAM_0006391,0
ISIC_0032784,1,NV,8478,HAM_0003507,0
ISIC_0032785,1,NV,8479,HAM_0004963,2
ISIC_0032786,1,NV,8480,HAM_0002139,8
ISIC_0032787,1,NV,8481,HAM_0001935,7
ISIC_0032788,1,NV,8482,HAM_0003623,9
ISIC_0032789,1,NV,8483,HAM_0004430,7
ISIC_0032790,0,MEL,8484,HAM_0004754,6
ISIC_0032791,1,NV,8485,HAM_0001930,8
ISIC_0032792,1,NV,8486,HAM_0006121,6
ISIC_0032793,1,NV,8487,HAM_0002074,8
ISIC_0032794,1,NV,8488,HAM_0003133,9
ISIC_0032795,1,NV,8489,HAM_0005961,9
ISIC_0032796,1,NV,8490,HAM_0003968,9
ISIC_0032797,0,MEL,8491,HAM_0001863,9
ISIC_0032798,1,NV,8492,HAM_0002602,4
ISIC_0032799,2,BCC,8493,HAM_0002526,7
ISIC_0032800,1,NV,8494,HAM_0003817,6
ISIC_0032801,1,NV,8495,HAM_0003133,6
ISIC_0032802,1,NV,8496,HAM_0003947,2
ISIC_0032803,1,NV,8497,HAM_0005571,7
ISIC_0032804,4,BKL,8498,HAM_0006026,6
ISIC_0032805,1,NV,8499,HAM_0002016,8
ISIC_0032806,0,MEL,8500,HAM_0005970,0
ISIC_0032807,0,MEL,8501,HAM_0002488,2
ISIC_0032808,2,BCC,8502,HAM_0007335,6
ISIC_0032809,1,NV,8503,HAM_0006078,6
ISIC_0032810,0,MEL,8504,HAM_0001863,5
ISIC_0032811,1,NV,8505,HAM_0002574,5
ISIC_0032812,0,MEL,8506,HAM_0005748,2
ISIC_0032813,1,NV,8507,HAM_0002582,2
ISIC_0032814,1,NV,8508,HAM_0001366,4
ISIC_0032815,1,NV,8509,HAM_0004615,0
ISIC_0032816,2,BCC,8510,HAM_0000879,2
ISIC_0032817,1,NV,8511,HAM_0006372,6
ISIC_0032818,1,NV,8512,HAM_0003193,5
ISIC_0032819,1,NV,8513,HAM_0001720,1
ISIC_0032820,1,NV,8514,HAM_0006372,6
ISIC_0032821,1,NV,8515,HAM_0006391,9
ISIC_0032822,1,NV,8516,HAM_0001246,9
ISIC_0032823,0,MEL,8517,HAM_0006886,2
ISIC_0032824,1,NV,8518,HAM_0004590,8
ISIC_0032825,1,NV,8519,HAM_0005571,8
ISIC_0032826,4,BKL,8520,HAM_0000581,4
ISIC_0032827,4,BKL,8521,HAM_0006003,1
ISIC_0032828,1,NV,8522,HAM_0005308,1
ISIC_0032829,4,BKL,8523,HAM_0003845,5
ISIC_0032830,1,NV,8524,HAM_0003002,9
ISIC_0032831,1,NV,8525,HAM_0001321,8
ISIC_0032832,1,NV,8526,HAM_0004548,9
ISIC_0032833,0,MEL,8527,HAM_0005893,9
ISIC_0032834,2,BCC,8528,HAM_0005396,7
ISIC_0032835,4,BKL,8529,HAM_0004788,7
ISIC_0032836,0,MEL,8530,HAM_0003073,5
ISIC_0032837,1,NV,8531,HAM_0002425,0
ISIC_0032838,1,NV,8532,HAM_0001264,8
ISIC_0032839,6,VASC,8533,HAM_0002498,2
ISIC_0032840,0,MEL,8534,HAM_0003679,6
ISIC_0032841,0,MEL,8535,HAM_0003280,3
ISIC_0032842,4,BKL,8536,HAM_0007101,8
ISIC_0032843,4,BKL,8537,HAM_0005749,0
ISIC_0032844,0,MEL,8538,HAM_0000388,5
ISIC_0032845,0,MEL,8539,HAM_0006376,3
ISIC_0032846,1,NV,8540,HAM_0006675,7
ISIC_0032847,0,MEL,8541,HAM_0002004,1
ISIC_0032848,1,NV,8542,HAM_0002596,3
ISIC_0032849,1,NV,8543,HAM_0006231,7
ISIC_0032850,2,BCC,8544,HAM_0007248,5
ISIC_0032851,1,NV,8545,HAM_0001908,8
ISIC_0032852,1,NV,8546,HAM_0002164,2
ISIC_0032853,1,NV,8547,HAM_0004773,1
ISIC_0032854,3,AKIEC,8548,HAM_0000239,4
ISIC_0032855,1,NV,8549,HAM_0006121,3
ISIC_0032856,0,MEL,8550,HAM_0001863,9
ISIC_0032857,2,BCC,8551,HAM_0003887,2
ISIC_0032858,1,NV,8552,HAM_0007148,6
ISIC_0032859,1,NV,8553,HAM_0005961,9
ISIC_0032860,1,NV,8554,HAM_0005331,2
ISIC_0032861,1,NV,8555,HAM_0006615,4
ISIC_0032862,0,MEL,8556,HAM_0000176,3
ISIC_0032863,4,BKL,8557,HAM_0004975,9
ISIC_0032864,1,NV,8558,HAM_0001218,2
ISIC_0032865,1,NV,8559,HAM_0007519,0
ISIC_0032866,6,VASC,8560,HAM_0006946,0
ISIC_0032867,6,VASC,8561,HAM_0004776,5
ISIC_0032868,1,NV,8562,HAM_0004572,5
ISIC_0032869,0,MEL,8563,HAM_0003495,9
ISIC_0032870,0,MEL,8564,HAM_0007245,7
ISIC_0032871,1,NV,8565,HAM_0005374,9
ISIC_0032872,0,MEL,8566,HAM_0001570,1
ISIC_0032873,0,MEL,8567,HAM_0003174,9
ISIC_0032874,1,NV,8568,HAM_0001790,4
ISIC_0032875,0,MEL,8569,HAM_0003625,9
ISIC_0032876,4,BKL,8570,HAM_0001309,7
ISIC_0032877,4,BKL,8571,HAM_0003770,6
ISIC_0032878,1,NV,8572,HAM_0001645,0
ISIC_0032879,0,MEL,8573,HAM_0004984,3
ISIC_0032880,1,NV,8574,HAM_0001930,9
ISIC_0032881,1,NV,8575,HAM_0004585,2
ISIC_0032882,1,NV,8576,HAM_0003193,6
ISIC_0032883,4,BKL,8577,HAM_0002327,6
ISIC_0032884,1,NV,8578,HAM_0001739,2
ISIC_0032885,1,NV,8579,HAM_0003713,6
ISIC_0032886,1,NV,8580,HAM_0006782,5
ISIC_0032887,0,MEL,8581,HAM_0006802,8
ISIC_0032888,0,MEL,8582,HAM_0002939,3
ISIC_0032889,1,NV,8583,HAM_0005263,9
ISIC_0032890,6,VASC,8584,HAM_0003480,9
ISIC_0032891,1,NV,8585,HAM_0006080,9
ISIC_0032892,0,MEL,8586,HAM_0003354,1
ISIC_0032893,1,NV,8587,HAM_0005383,3
ISIC_0032894,2,BCC,8588,HAM_0000823,7
ISIC_0032895,1,NV,8589,HAM_0003259,4
ISIC_0032896,1,NV,8590,HAM_0004063,5
ISIC_0032897,3,AKIEC,8591,HAM_0000462,4
ISIC_0032898,4,BKL,8592,HAM_0007341,5
ISIC_0032899,1,NV,8593,HAM_0002721,6
ISIC_0032900,1,NV,8594,HAM_0003811,6
ISIC_0032901,1,NV,8595,HAM_0005106,0
ISIC_0032902,1,NV,8596,HAM_0005248,1
ISIC_0032903,0,MEL,8597,HAM_0005608,4
ISIC_0032904,1,NV,8598,HAM_0006284,7
ISIC_0032905,1,NV,8599,HAM_0003614,5
ISIC_0032906,2,BCC,8600,HAM_0003887,0
ISIC_0032907,1,NV,8601,HAM_0003681,7
ISIC_0032908,1,NV,8602,HAM_0006666,6
ISIC_0032909,1,NV,8603,HAM_0001943,6
ISIC_0032910,1,NV,8604,HAM_0006882,6
ISIC_0032911,1,NV,8605,HAM_0002329,4
ISIC_0032912,1,NV,8606,HAM_0003357,9
ISIC_0032913,0,MEL,8607,HAM_0004881,6
ISIC_0032914,1,NV,8608,HAM_0002136,8
ISIC_0032915,0,MEL,8609,HAM_0001524,8
ISIC_0032916,1,NV,8610,HAM_0002030,9
ISIC_0032917,0,MEL,8611,HAM_0002342,8
ISIC_0032918,0,MEL,8612,HAM_0000706,7
ISIC_0032919,6,VASC,8613,HAM_0006946,6
ISIC_0032920,1,NV,8614,HAM_0005198,8
ISIC_0032921,0,MEL,8615,HAM_0004927,7
ISIC_0032922,0,MEL,8616,HAM_0006426,2
ISIC_0032923,1,NV,8617,HAM_0005353,1
ISIC_0032924,1,NV,8618,HAM_0002363,9
ISIC_0032925,0,MEL,8619,HAM_0002342,1
ISIC_0032926,1,NV,8620,HAM_0001948,9
ISIC_0032927,0,MEL,8621,HAM_0001734,5
ISIC_0032928,1,NV,8622,HAM_0002501,1
ISIC_0032929,4,BKL,8623,HAM_0003321,3
ISIC_0032930,1,NV,8624,HAM_0000488,3
ISIC_0032931,1,NV,8625,HAM_0002553,5
ISIC_0032932,6,VASC,8626,HAM_0002498,7
ISIC_0032933,1,NV,8627,HAM_0002595,3
ISIC_0032934,1,NV,8628,HAM_0007169,8
ISIC_0032935,1,NV,8629,HAM_0004016,3
ISIC_0032936,0,MEL,8630,HAM_0002552,5
ISIC_0032937,1,NV,8631,HAM_0006379,2
ISIC_0032938,0,MEL,8632,HAM_0004687,3
ISIC_0032939,1,NV,8633,HAM_0003358,6
ISIC_0032940,0,MEL,8634,HAM_0005628,5
ISIC_0032941,5,DF,8635,HAM_0001785,5
ISIC_0032942,1,NV,8636,HAM_0007483,8
ISIC_0032943,1,NV,8637,HAM_0002417,6
ISIC_0032944,1,NV,8638,HAM_0005083,5
ISIC_0032945,1,NV,8639,HAM_0003696,6
ISIC_0032946,1,NV,8640,HAM_0003649,1
ISIC_0032947,3,AKIEC,8641,HAM_0006442,0
ISIC_0032948,1,NV,8642,HAM_0005248,5
ISIC_0032949,4,BKL,8643,HAM_0006085,3
ISIC_0032950,1,NV,8644,HAM_0001097,9
ISIC_0032951,1,NV,8645,HAM_0001046,0
ISIC_0032952,1,NV,8646,HAM_0003310,2
ISIC_0032953,1,NV,8647,HAM_0005116,7
ISIC_0032954,1,NV,8648,HAM_0000704,7
ISIC_0032955,0,MEL,8649,HAM_0000064,1
ISIC_0032956,1,NV,8650,HAM_0004187,9
ISIC_0032957,1,NV,8651,HAM_0004272,1
ISIC_0032958,0,MEL,8652,HAM_0006824,8
ISIC_0032959,2,BCC,8653,HAM_0003427,7
ISIC_0032960,0,MEL,8654,HAM_0000169,0
ISIC_0032961,1,NV,8655,HAM_0000579,9
ISIC_0032962,1,NV,8656,HAM_0007216,0
ISIC_0032963,4,BKL,8657,HAM_0003321,0
ISIC_0032964,1,NV,8658,HAM_0007451,9
ISIC_0032965,0,MEL,8659,HAM_0005483,0
ISIC_0032966,1,NV,8660,HAM_0004076,6
ISIC_0032967,4,BKL,8661,HAM_0000754,7
ISIC_0032968,0,MEL,8662,HAM_0001272,7
ISIC_0032969,1,NV,8663,HAM_0000676,0
ISIC_0032970,0,MEL,8664,HAM_0005409,0
ISIC_0032971,1,NV,8665,HAM_0003824,5
ISIC_0032972,4,BKL,8666,HAM_0000344,8
ISIC_0032973,1,NV,8667,HAM_0002502,8
ISIC_0032974,1,NV,8668,HAM_0002135,2
ISIC_0032975,0,MEL,8669,HAM_0001647,5
ISIC_0032976,0,MEL,8670,HAM_0006330,6
ISIC_0032977,1,NV,8671,HAM_0007444,5
ISIC_0032978,4,BKL,8672,HAM_0000779,5
ISIC_0032979,1,NV,8673,HAM_0003359,2
ISIC_0032980,1,NV,8674,HAM_0001133,4
ISIC_0032981,0,MEL,8675,HAM_0004949,8
ISIC_0032982,0,MEL,8676,HAM_0002841,5
ISIC_0032983,4,BKL,8677,HAM_0002008,6
ISIC_0032984,0,MEL,8678,HAM_0005636,5
ISIC_0032985,0,MEL,8679,HAM_0002552,8
ISIC_0032986,1,NV,8680,HAM_0002519,2
ISIC_0032987,0,MEL,8681,HAM_0001155,7
ISIC_0032988,0,MEL,8682,HAM_0006540,8
ISIC_0032989,1,NV,8683,HAM_0005135,9
ISIC_0032990,1,NV,8684,HAM_0004038,8
ISIC_0032991,2,BCC,8685,HAM_0004849,4
ISIC_0032992,1,NV,8686,HAM_0002923,5
ISIC_0032993,0,MEL,8687,HAM_0002956,7
ISIC_0032994,1,NV,8688,HAM_0000772,2
ISIC_0032995,1,NV,8689,HAM_0003346,9
ISIC_0032996,1,NV,8690,HAM_0004188,5
ISIC_0032997,4,BKL,8691,HAM_0003162,7
ISIC_0032998,1,NV,8692,HAM_0005265,7
ISIC_0032999,1,NV,8693,HAM_0007259,4
ISIC_0033000,3,AKIEC,8694,HAM_0006442,1
ISIC_0033001,2,BCC,8695,HAM_0000263,4
ISIC_0033002,1,NV,8696,HAM_0001511,2
ISIC_0033003,1,NV,8697,HAM_0002750,6
ISIC_0033004,0,MEL,8698,HAM_0003602,7
ISIC_0033005,5,DF,8699,HAM_0000349,3
ISIC_0033006,1,NV,8700,HAM_0003744,4
ISIC_0033007,1,NV,8701,HAM_0006550,0
ISIC_0033008,1,NV,8702,HAM_0005115,0
ISIC_0033009,1,NV,8703,HAM_0002501,5
ISIC_0033010,1,NV,8704,HAM_0004099,4
ISIC_0033011,1,NV,8705,HAM_0006459,8
ISIC_0033012,2,BCC,8706,HAM_0000795,2
ISIC_0033013,1,NV,8707,HAM_0006078,5
ISIC_0033014,1,NV,8708,HAM_0006539,2
ISIC_0033015,1,NV,8709,HAM_0006396,0
ISIC_0033016,1,NV,8710,HAM_0005135,6
ISIC_0033017,0,MEL,8711,HAM_0002732,8
ISIC_0033018,1,NV,8712,HAM_0007415,7
ISIC_0033019,2,BCC,8713,HAM_0002243,0
ISIC_0033020,2,BCC,8714,HAM_0001138,6
ISIC_0033021,1,NV,8715,HAM_0002325,5
ISIC_0033022,4,BKL,8716,HAM_0006003,6
ISIC_0033023,0,MEL,8717,HAM_0004011,0
ISIC_0033024,0,MEL,8718,HAM_0006184,4
ISIC_0033025,1,NV,8719,HAM_0003236,1
ISIC_0033026,1,NV,8720,HAM_0003057,3
ISIC_0033027,0,MEL,8721,HAM_0001174,2
ISIC_0033028,1,NV,8722,HAM_0001139,1
ISIC_0033029,0,MEL,8723,HAM_0004302,8
ISIC_0033030,1,NV,8724,HAM_0002431,5
ISIC_0033031,6,VASC,8725,HAM_0003862,0
ISIC_0033032,1,NV,8726,HAM_0003505,0
ISIC_0033033,1,NV,8727,HAM_0001405,2
ISIC_0033034,0,MEL,8728,HAM_0007032,9
ISIC_0033035,1,NV,8729,HAM_0005364,0
ISIC_0033036,1,NV,8730,HAM_0004189,5
ISIC_0033037,0,MEL,8731,HAM_0004109,6
ISIC_0033038,0,MEL,8732,HAM_0003466,2
ISIC_0033039,1,NV,8733,HAM_0004190,1
ISIC_0033040,1,NV,8734,HAM_0007478,4
ISIC_0033041,4,BKL,8735,HAM_0002040,5
ISIC_0033042,0,MEL,8736,HAM_0002149,3
ISIC_0033043,1,NV,8737,HAM_0006232,8
ISIC_0033044,1,NV,8738,HAM_0001509,9
ISIC_0033045,1,NV,8739,HAM_0002597,0
ISIC_0033046,1,NV,8740,HAM_0007367,9
ISIC_0033047,0,MEL,8741,HAM_0002824,9
ISIC_0033048,1,NV,8742,HAM_0001615,1
ISIC_0033049,1,NV,8743,HAM_0001948,7
ISIC_0033050,0,MEL,8744,HAM_0003439,3
ISIC_0033051,0,MEL,8745,HAM_0001506,4
ISIC_0033052,1,NV,8746,HAM_0004038,6
ISIC_0033053,1,NV,8747,HAM_0003236,4
ISIC_0033054,2,BCC,8748,HAM_0002664,6
ISIC_0033055,0,MEL,8749,HAM_0001344,1
ISIC_0033056,4,BKL,8750,HAM_0002894,3
ISIC_0033057,1,NV,8751,HAM_0001264,8
ISIC_0033058,1,NV,8752,HAM_0002363,9
ISIC_0033059,1,NV,8753,HAM_0001400,3
ISIC_0033060,4,BKL,8754,HAM_0004406,3
ISIC_0033061,0,MEL,8755,HAM_0001506,1
ISIC_0033062,1,NV,8756,HAM_0002759,6
ISIC_0033063,0,MEL,8757,HAM_0005280,7
ISIC_0033064,1,NV,8758,HAM_0001209,4
ISIC_0033065,1,NV,8759,HAM_0001619,7
ISIC_0033066,1,NV,8760,HAM_0004192,3
ISIC_0033067,1,NV,8761,HAM_0001935,5
ISIC_0033068,0,MEL,8762,HAM_0002671,0
ISIC_0033069,1,NV,8763,HAM_0004503,9
ISIC_0033070,1,NV,8764,HAM_0006491,8
ISIC_0033071,1,NV,8765,HAM_0004963,8
ISIC_0033072,1,NV,8766,HAM_0004193,1
ISIC_0033073,0,MEL,8767,HAM_0000176,0
ISIC_0033074,0,MEL,8768,HAM_0005368,5
ISIC_0033075,1,NV,8769,HAM_0002170,7
ISIC_0033076,1,NV,8770,HAM_0004716,6
ISIC_0033077,1,NV,8771,HAM_0007433,8
ISIC_0033078,1,NV,8772,HAM_0004854,0
ISIC_0033079,4,BKL,8773,HAM_0007402,5
ISIC_0033080,1,NV,8774,HAM_0001667,1
ISIC_0033081,0,MEL,8775,HAM_0007583,3
ISIC_0033082,1,NV,8776,HAM_0002876,1
ISIC_0033083,1,NV,8777,HAM_0003803,5
ISIC_0033084,3,AKIEC,8778,HAM_0002867,1
ISIC_0033085,1,NV,8779,HAM_0003181,8
ISIC_0033086,1,NV,8780,HAM_0006295,1
ISIC_0033087,1,NV,8781,HAM_0000578,2
ISIC_0033088,4,BKL,8782,HAM_0003927,0
ISIC_0033089,0,MEL,8783,HAM_0000880,7
ISIC_0033090,1,NV,8784,HAM_0001870,1
ISIC_0033091,1,NV,8785,HAM_0003824,2
ISIC_0033092,6,VASC,8786,HAM_0000494,3
ISIC_0033093,1,NV,8787,HAM_0006799,6
ISIC_0033094,1,NV,8788,HAM_0004615,8
ISIC_0033095,1,NV,8789,HAM_0004392,7
ISIC_0033096,1,NV,8790,HAM_0006158,5
ISIC_0033097,1,NV,8791,HAM_0003993,2
ISIC_0033098,1,NV,8792,HAM_0004071,7
ISIC_0033099,0,MEL,8793,HAM_0003700,3
ISIC_0033100,1,NV,8794,HAM_0000313,0
ISIC_0033101,1,NV,8795,HAM_0004194,2
ISIC_0033102,1,NV,8796,HAM_0004375,7
ISIC_0033103,0,MEL,8797,HAM_0000097,2
ISIC_0033104,1,NV,8798,HAM_0006496,7
ISIC_0033105,1,NV,8799,HAM_0003356,9
ISIC_0033106,1,NV,8800,HAM_0002253,5
ISIC_0033107,1,NV,8801,HAM_0004814,9
ISIC_0033108,1,NV,8802,HAM_0004444,8
ISIC_0033109,1,NV,8803,HAM_0002519,2
ISIC_0033110,1,NV,8804,HAM_0005814,4
ISIC_0033111,1,NV,8805,HAM_0006628,0
ISIC_0033112,1,NV,8806,HAM_0005686,2
ISIC_0033113,1,NV,8807,HAM_0001400,6
ISIC_0033114,0,MEL,8808,HAM_0000709,9
ISIC_0033115,1,NV,8809,HAM_0007348,1
ISIC_0033116,1,NV,8810,HAM_0001905,5
ISIC_0033117,0,MEL,8811,HAM_0005483,6
ISIC_0033118,1,NV,8812,HAM_0003777,0
ISIC_0033119,1,NV,8813,HAM_0005942,0
ISIC_0033120,0,MEL,8814,HAM_0007558,5
ISIC_0033121,1,NV,8815,HAM_0001824,2
ISIC_0033122,0,MEL,8816,HAM_0004620,1
ISIC_0033123,6,VASC,8817,HAM_0005989,6
ISIC_0033124,4,BKL,8818,HAM_0002372,4
ISIC_0033125,0,MEL,8819,HAM_0001863,3
ISIC_0033126,1,NV,8820,HAM_0007005,0
ISIC_0033127,4,BKL,8821,HAM_0006085,5
ISIC_0033128,1,NV,8822,HAM_0007348,4
ISIC_0033129,0,MEL,8823,HAM_0004811,1
ISIC_0033130,4,BKL,8824,HAM_0002928,6
ISIC_0033131,1,NV,8825,HAM_0001870,8
ISIC_0033132,1,NV,8826,HAM_0004387,5
ISIC_0033133,1,NV,8827,HAM_0003803,0
ISIC_0033134,1,NV,8828,HAM_0001943,2
ISIC_0033135,6,VASC,8829,HAM_0004791,5
ISIC_0033136,1,NV,8830,HAM_0007494,4
ISIC_0033137,1,NV,8831,HAM_0005116,9
ISIC_0033138,1,NV,8832,HAM_0004550,4
ISIC_0033139,1,NV,8833,HAM_0005316,1
ISIC_0033140,1,NV,8834,HAM_0003360,4
ISIC_0033141,0,MEL,8835,HAM_0005274,0
ISIC_0033142,1,NV,8836,HAM_0003447,9
ISIC_0033143,1,NV,8837,HAM_0002599,8
ISIC_0033144,1,NV,8838,HAM_0003774,7
ISIC_0033145,1,NV,8839,HAM_0001912,8
ISIC_0033146,2,BCC,8840,HAM_0003690,7
ISIC_0033147,1,NV,8841,HAM_0004000,2
ISIC_0033148,1,NV,8842,HAM_0002519,8
ISIC_0033149,1,NV,8843,HAM_0007433,6
ISIC_0033150,1,NV,8844,HAM_0002367,5
ISIC_0033151,3,AKIEC,8845,HAM_0004282,9
ISIC_0033152,0,MEL,8846,HAM_0001135,0
ISIC_0033153,1,NV,8847,HAM_0003649,4
ISIC_0033154,0,MEL,8848,HAM_0005336,2
ISIC_0033155,1,NV,8849,HAM_0003512,5
ISIC_0033156,4,BKL,8850,HAM_0000571,3
ISIC_0033157,1,NV,8851,HAM_0002574,5
ISIC_0033158,6,VASC,8852,HAM_0004776,0
ISIC_0033159,1,NV,8853,HAM_0002755,7
ISIC_0033160,1,NV,8854,HAM_0001740,4
ISIC_0033161,1,NV,8855,HAM_0003968,5
ISIC_0033162,1,NV,8856,HAM_0004615,3
ISIC_0033163,1,NV,8857,HAM_0004221,5
ISIC_0033164,1,NV,8858,HAM_0006353,3
ISIC_0033165,1,NV,8859,HAM_0002009,7
ISIC_0033166,0,MEL,8860,HAM_0005249,2
ISIC_0033167,1,NV,8861,HAM_0006813,6
ISIC_0033168,1,NV,8862,HAM_0003447,2
ISIC_0033169,4,BKL,8863,HAM_0002792,6
ISIC_0033170,1,NV,8864,HAM_0001358,0
ISIC_0033171,0,MEL,8865,HAM_0003566,5
ISIC_0033172,1,NV,8866,HAM_0001692,5
ISIC_0033173,1,NV,8867,HAM_0003813,5
ISIC_0033174,0,MEL,8868,HAM_0006321,6
ISIC_0033175,0,MEL,8869,HAM_0003556,4
ISIC_0033176,1,NV,8870,HAM_0001490,7
ISIC_0033177,1,NV,8871,HAM_0006295,4
ISIC_0033178,0,MEL,8872,HAM_0001570,9
ISIC_0033179,1,NV,8873,HAM_0002898,1
ISIC_0033180,0,MEL,8874,HAM_0005010,4
ISIC_0033181,1,NV,8875,HAM_0003097,4
ISIC_0033182,1,NV,8876,HAM_0003418,1
ISIC_0033183,0,MEL,8877,HAM_0000321,6
ISIC_0033184,4,BKL,8878,HAM_0004332,1
ISIC_0033185,4,BKL,8879,HAM_0004113,8
ISIC_0033186,0,MEL,8880,HAM_0000095,8
ISIC_0033187,1,NV,8881,HAM_0003034,8
ISIC_0033188,1,NV,8882,HAM_0001935,0
ISIC_0033189,1,NV,8883,HAM_0006496,1
ISIC_0033190,1,NV,8884,HAM_0004670,2
ISIC_0033191,1,NV,8885,HAM_0001175,7
ISIC_0033192,0,MEL,8886,HAM_0005336,3
ISIC_0033193,0,MEL,8887,HAM_0001863,1
ISIC_0033194,1,NV,8888,HAM_0003634,0
ISIC_0033195,4,BKL,8889,HAM_0000802,8
ISIC_0033196,0,MEL,8890,HAM_0002841,8
ISIC_0033197,1,NV,8891,HAM_0004589,9
ISIC_0033198,0,MEL,8892,HAM_0004754,9
ISIC_0033199,4,BKL,8893,HAM_0006673,1
ISIC_0033200,4,BKL,8894,HAM_0004555,9
ISIC_0033201,4,BKL,8895,HAM_0006663,1
ISIC_0033202,1,NV,8896,HAM_0004872,0
ISIC_0033203,2,BCC,8897,HAM_0000879,9
ISIC_0033204,0,MEL,8898,HAM_0006886,0
ISIC_0033205,2,BCC,8899,HAM_0001138,5
ISIC_0033206,0,MEL,8900,HAM_0004284,5
ISIC_0033207,1,NV,8901,HAM_0006869,5
ISIC_0033208,1,NV,8902,HAM_0004345,0
ISIC_0033209,0,MEL,8903,HAM_0001465,2
ISIC_0033210,1,NV,8904,HAM_0006857,1
ISIC_0033211,1,NV,8905,HAM_0005062,4
ISIC_0033212,4,BKL,8906,HAM_0001385,0
ISIC_0033213,1,NV,8907,HAM_0001824,1
ISIC_0033214,1,NV,8908,HAM_0005513,2
ISIC_0033215,1,NV,8909,HAM_0007494,9
ISIC_0033216,0,MEL,8910,HAM_0000611,5
ISIC_0033217,0,MEL,8911,HAM_0005141,2
ISIC_0033218,2,BCC,8912,HAM_0002664,2
ISIC_0033219,1,NV,8913,HAM_0006857,6
ISIC_0033220,1,NV,8914,HAM_0006372,1
ISIC_0033221,1,NV,8915,HAM_0005887,1
ISIC_0033222,1,NV,8916,HAM_0000547,0
ISIC_0033223,1,NV,8917,HAM_0007596,3
ISIC_0033224,1,NV,8918,HAM_0001883,0
ISIC_0033225,1,NV,8919,HAM_0001106,8
ISIC_0033226,0,MEL,8920,HAM_0000799,8
ISIC_0033227,1,NV,8921,HAM_0006634,5
ISIC_0033228,1,NV,8922,HAM_0002606,7
ISIC_0033229,1,NV,8923,HAM_0005513,1
ISIC_0033230,6,VASC,8924,HAM_0007097,7
ISIC_0033231,1,NV,8925,HAM_0005364,3
ISIC_0033232,0,MEL,8926,HAM_0002552,7
ISIC_0033233,1,NV,8927,HAM_0003137,0
ISIC_0033234,1,NV,8928,HAM_0003361,3
ISIC_0033235,4,BKL,8929,HAM_0001858,5
ISIC_0033236,1,NV,8930,HAM_0007259,3
ISIC_0033237,1,NV,8931,HAM_0001040,2
ISIC_0033238,0,MEL,8932,HAM_0007574,9
ISIC_0033239,0,MEL,8933,HAM_0006321,4
ISIC_0033240,0,MEL,8934,HAM_0005303,4
ISIC_0033241,0,MEL,8935,HAM_0006545,0
ISIC_0033242,1,NV,8936,HAM_0006883,2
ISIC_0033243,1,NV,8937,HAM_0003106,3
ISIC_0033244,1,NV,8938,HAM_0000970,9
ISIC_0033245,0,MEL,8939,HAM_0004754,5
ISIC_0033246,4,BKL,8940,HAM_0005749,2
ISIC_0033247,1,NV,8941,HAM_0005263,5
ISIC_0033248,2,BCC,8942,HAM_0002397,6
ISIC_0033249,1,NV,8943,HAM_0003676,9
ISIC_0033250,1,NV,8944,HAM_0006610,2
ISIC_0033251,1,NV,8945,HAM_0001651,5
ISIC_0033252,4,BKL,8946,HAM_0006801,4
ISIC_0033253,1,NV,8947,HAM_0002434,4
ISIC_0033254,6,VASC,8948,HAM_0005878,4
ISIC_0033255,1,NV,8949,HAM_0005513,2
ISIC_0033256,5,DF,8950,HAM_0005584,4
ISIC_0033257,2,BCC,8951,HAM_0003046,7
ISIC_0033258,0,MEL,8952,HAM_0004011,3
ISIC_0033259,1,NV,8953,HAM_0003535,3
ISIC_0033260,4,BKL,8954,HAM_0004142,2
ISIC_0033261,0,MEL,8955,HAM_0005274,8
ISIC_0033262,4,BKL,8956,HAM_0005258,0
ISIC_0033263,1,NV,8957,HAM_0005759,7
ISIC_0033264,4,BKL,8958,HAM_0004255,1
ISIC_0033265,1,NV,8959,HAM_0005820,0
ISIC_0033266,1,NV,8960,HAM_0005566,4
ISIC_0033267,0,MEL,8961,HAM_0007086,6
ISIC_0033268,0,MEL,8962,HAM_0007163,8
ISIC_0033269,0,MEL,8963,HAM_0006189,6
ISIC_0033270,4,BKL,8964,HAM_0001772,2
ISIC_0033271,2,BCC,8965,HAM_0000823,6
ISIC_0033272,0,MEL,8966,HAM_0007180,0
ISIC_0033273,1,NV,8967,HAM_0001777,8
ISIC_0033274,0,MEL,8968,HAM_0006330,4
ISIC_0033275,0,MEL,8969,HAM_0003280,3
ISIC_0033276,1,NV,8970,HAM_0000304,9
ISIC_0033277,1,NV,8971,HAM_0004588,4
ISIC_0033278,0,MEL,8972,HAM_0003983,8
ISIC_0033279,0,MEL,8973,HAM_0006802,8
ISIC_0033280,4,BKL,8974,HAM_0001385,7
ISIC_0033281,1,NV,8975,HAM_0002448,2
ISIC_0033282,1,NV,8976,HAM_0004716,3
ISIC_0033283,1,NV,8977,HAM_0001246,7
ISIC_0033284,4,BKL,8978,HAM_0003978,8
ISIC_0033285,1,NV,8979,HAM_0002448,7
ISIC_0033286,0,MEL,8980,HAM_0005758,3
ISIC_0033287,0,MEL,8981,HAM_0001928,9
ISIC_0033288,1,NV,8982,HAM_0000578,6
ISIC_0033289,1,NV,8983,HAM_0002890,0
ISIC_0033290,1,NV,8984,HAM_0006233,2
ISIC_0033291,1,NV,8985,HAM_0003713,4
ISIC_0033292,1,NV,8986,HAM_0000313,7
ISIC_0033293,1,NV,8987,HAM_0001801,1
ISIC_0033294,1,NV,8988,HAM_0002431,0
ISIC_0033295,3,AKIEC,8989,HAM_0006442,4
ISIC_0033296,1,NV,8990,HAM_0005539,3
ISIC_0033297,1,NV,8991,HAM_0000407,7
ISIC_0033298,1,NV,8992,HAM_0005433,7
ISIC_0033299,0,MEL,8993,HAM_0000107,2
ISIC_0033300,0,MEL,8994,HAM_0003700,0
ISIC_0033301,2,BCC,8995,HAM_0005478,0
ISIC_0033302,0,MEL,8996,HAM_0005040,9
ISIC_0033303,1,NV,8997,HAM_0005740,4
ISIC_0033304,0,MEL,8998,HAM_0004998,5
ISIC_0033305,4,BKL,8999,HAM_0003218,5
ISIC_0033306,4,BKL,9000,HAM_0000805,2
ISIC_0033307,4,BKL,9001,HAM_0000332,0
ISIC_0033308,1,NV,9002,HAM_0004706,0
ISIC_0033309,1,NV,9003,HAM_0002136,5
ISIC_0033310,0,MEL,9004,HAM_0000119,9
ISIC_0033311,1,NV,9005,HAM_0005190,6
ISIC_0033312,0,MEL,9006,HAM_0007117,4
ISIC_0033313,1,NV,9007,HAM_0003362,5
ISIC_0033314,1,NV,9008,HAM_0001437,1
ISIC_0033315,1,NV,9009,HAM_0006516,7
ISIC_0033316,1,NV,9010,HAM_0000304,2
ISIC_0033317,0,MEL,9011,HAM_0000662,7
ISIC_0033318,1,NV,9012,HAM_0001808,6
ISIC_0033319,1,NV,9013,HAM_0005972,1
ISIC_0033320,0,MEL,9014,HAM_0005249,8
ISIC_0033321,4,BKL,9015,HAM_0001354,4
ISIC_0033322,4,BKL,9016,HAM_0006085,3
ISIC_0033323,0,MEL,9017,HAM_0005608,1
ISIC_0033324,0,MEL,9018,HAM_0004304,4
ISIC_0033325,0,MEL,9019,HAM_0005777,0
ISIC_0033326,1,NV,9020,HAM_0001692,0
ISIC_0033327,1,NV,9021,HAM_0005374,1
ISIC_0033328,1,NV,9022,HAM_0005760,9
ISIC_0033329,1,NV,9023,HAM_0004586,5
ISIC_0033330,1,NV,9024,HAM_0005156,9
ISIC_0033331,1,NV,9025,HAM_0005995,2
ISIC_0033332,1,NV,9026,HAM_0001118,6
ISIC_0033333,0,MEL,9027,HAM_0006445,9
ISIC_0033334,1,NV,9028,HAM_0004272,5
ISIC_0033335,1,NV,9029,HAM_0005313,0
ISIC_0033336,0,MEL,9030,HAM_0003506,0
ISIC_0033337,0,MEL,9031,HAM_0005581,3
ISIC_0033338,1,NV,9032,HAM_0006925,9
ISIC_0033339,1,NV,9033,HAM_0000316,4
ISIC_0033340,1,NV,9034,HAM_0005887,8
ISIC_0033341,1,NV,9035,HAM_0006234,0
ISIC_0033342,1,NV,9036,HAM_0005820,9
ISIC_0033343,1,NV,9037,HAM_0003003,6
ISIC_0033344,0,MEL,9038,HAM_0006540,5
ISIC_0033345,1,NV,9039,HAM_0006147,0
ISIC_0033346,1,NV,9040,HAM_0004165,6
ISIC_0033347,1,NV,9041,HAM_0006080,5
ISIC_0033348,1,NV,9042,HAM_0001615,7
ISIC_0033349,6,VASC,9043,HAM_0006946,6
ISIC_0033350,1,NV,9044,HAM_0004099,0
ISIC_0033351,1,NV,9045,HAM_0001870,8
ISIC_0033352,1,NV,9046,HAM_0003803,3
ISIC_0033353,1,NV,9047,HAM_0001000,3
ISIC_0033354,2,BCC,9048,HAM_0003887,9
ISIC_0033355,1,NV,9049,HAM_0004392,5
ISIC_0033356,1,NV,9050,HAM_0005213,6
ISIC_0033357,1,NV,9051,HAM_0004882,7
ISIC_0033358,3,AKIEC,9052,HAM_0004282,3
ISIC_0033359,1,NV,9053,HAM_0001246,0
ISIC_0033360,1,NV,9054,HAM_0001883,3
ISIC_0033361,4,BKL,9055,HAM_0002040,9
ISIC_0033362,0,MEL,9056,HAM_0007234,4
ISIC_0033363,1,NV,9057,HAM_0002363,8
ISIC_0033364,1,NV,9058,HAM_0000214,8
ISIC_0033365,1,NV,9059,HAM_0006634,3
ISIC_0033366,2,BCC,9060,HAM_0000879,0
ISIC_0033367,1,NV,9061,HAM_0006158,1
ISIC_0033368,0,MEL,9062,HAM_0005809,1
ISIC_0033369,0,MEL,9063,HAM_0007343,2
ISIC_0033370,1,NV,9064,HAM_0001484,4
ISIC_0033371,1,NV,9065,HAM_0000704,3
ISIC_0033372,2,BCC,9066,HAM_0001749,8
ISIC_0033373,1,NV,9067,HAM_0004176,7
ISIC_0033374,1,NV,9068,HAM_0006766,8
ISIC_0033375,1,NV,9069,HAM_0001147,1
ISIC_0033376,1,NV,9070,HAM_0004411,3
ISIC_0033377,0,MEL,9071,HAM_0004056,1
ISIC_0033378,4,BKL,9072,HAM_0007625,4
ISIC_0033379,4,BKL,9073,HAM_0002008,3
ISIC_0033380,1,NV,9074,HAM_0000262,7
ISIC_0033381,1,NV,9075,HAM_0003363,6
ISIC_0033382,1,NV,9076,HAM_0005573,7
ISIC_0033383,1,NV,9077,HAM_0004195,7
ISIC_0033384,1,NV,9078,HAM_0003002,7
ISIC_0033385,1,NV,9079,HAM_0001321,4
ISIC_0033386,1,NV,9080,HAM_0002750,0
ISIC_0033387,0,MEL,9081,HAM_0001105,7
ISIC_0033388,1,NV,9082,HAM_0002501,2
ISIC_0033389,1,NV,9083,HAM_0000268,6
ISIC_0033390,1,NV,9084,HAM_0001405,2
ISIC_0033391,4,BKL,9085,HAM_0001186,9
ISIC_0033392,0,MEL,9086,HAM_0003174,3
ISIC_0033393,0,MEL,9087,HAM_0002617,5
ISIC_0033394,0,MEL,9088,HAM_0004844,8
ISIC_0033395,1,NV,9089,HAM_0004392,2
ISIC_0033396,1,NV,9090,HAM_0004367,3
ISIC_0033397,4,BKL,9091,HAM_0001384,2
ISIC_0033398,1,NV,9092,HAM_0000970,4
ISIC_0033399,0,MEL,9093,HAM_0003759,0
ISIC_0033400,4,BKL,9094,HAM_0005258,2
ISIC_0033401,4,BKL,9095,HAM_0005898,0
ISIC_0033402,1,NV,9096,HAM_0001651,1
ISIC_0033403,1,NV,9097,HAM_0003535,7
ISIC_0033404,1,NV,9098,HAM_0006623,9
ISIC_0033405,0,MEL,9099,HAM_0003506,1
ISIC_0033406,1,NV,9100,HAM_0006550,0
ISIC_0033407,1,NV,9101,HAM_0001994,9
ISIC_0033408,1,NV,9102,HAM_0007475,8
ISIC_0033409,1,NV,9103,HAM_0005539,4
ISIC_0033410,4,BKL,9104,HAM_0007384,6
ISIC_0033411,1,NV,9105,HAM_0005573,8
ISIC_0033412,1,NV,9106,HAM_0005185,6
ISIC_0033413,3,AKIEC,9107,HAM_0002615,0
ISIC_0033414,4,BKL,9108,HAM_0001384,7
ISIC_0033415,0,MEL,9109,HAM_0004927,2
ISIC_0033416,0,MEL,9110,HAM_0003386,1
ISIC_0033417,1,NV,9111,HAM_0007301,3
ISIC_0033418,1,NV,9112,HAM_0000675,4
ISIC_0033419,1,NV,9113,HAM_0006182,0
ISIC_0033420,1,NV,9114,HAM_0003606,3
ISIC_0033421,1,NV,9115,HAM_0004196,6
ISIC_0033422,5,DF,9116,HAM_0003597,4
ISIC_0033423,1,NV,9117,HAM_0006516,2
ISIC_0033424,0,MEL,9118,HAM_0000079,7
ISIC_0033425,1,NV,9119,HAM_0002502,5
ISIC_0033426,0,MEL,9120,HAM_0001143,1
ISIC_0033427,1,NV,9121,HAM_0001641,2
ISIC_0033428,0,MEL,9122,HAM_0003083,4
ISIC_0033429,0,MEL,9123,HAM_0003625,5
ISIC_0033430,1,NV,9124,HAM_0002009,3
ISIC_0033431,0,MEL,9125,HAM_0000206,1
ISIC_0033432,0,MEL,9126,HAM_0005893,0
ISIC_0033433,1,NV,9127,HAM_0007169,5
ISIC_0033434,1,NV,9128,HAM_0001839,9
ISIC_0033435,1,NV,9129,HAM_0006637,6
ISIC_0033436,1,NV,9130,HAM_0007184,8
ISIC_0033437,4,BKL,9131,HAM_0000802,8
ISIC_0033438,4,BKL,9132,HAM_0002008,1
ISIC_0033439,1,NV,9133,HAM_0006567,9
ISIC_0033440,0,MEL,9134,HAM_0000392,4
ISIC_0033441,1,NV,9135,HAM_0005601,9
ISIC_0033442,1,NV,9136,HAM_0002417,7
ISIC_0033443,1,NV,9137,HAM_0004118,0
ISIC_0033444,0,MEL,9138,HAM_0003073,4
ISIC_0033445,1,NV,9139,HAM_0000765,8
ISIC_0033446,4,BKL,9140,HAM_0004555,3
ISIC_0033447,1,NV,9141,HAM_0007265,1
ISIC_0033448,1,NV,9142,HAM_0002257,5
ISIC_0033449,4,BKL,9143,HAM_0003659,4
ISIC_0033450,6,VASC,9144,HAM_0005878,6
ISIC_0033451,1,NV,9145,HAM_0003424,6
ISIC_0033452,0,MEL,9146,HAM_0003386,2
ISIC_0033453,4,BKL,9147,HAM_0004458,4
ISIC_0033454,0,MEL,9148,HAM_0005021,1
ISIC_0033455,1,NV,9149,HAM_0006559,9
ISIC_0033456,3,AKIEC,9150,HAM_0002615,0
ISIC_0033457,1,NV,9151,HAM_0005434,8
ISIC_0033458,6,VASC,9152,HAM_0003862,2
ISIC_0033459,1,NV,9153,HAM_0003507,4
ISIC_0033460,4,BKL,9154,HAM_0005847,9
ISIC_0033461,1,NV,9155,HAM_0000294,1
ISIC_0033462,1,NV,9156,HAM_0001175,2
ISIC_0033463,1,NV,9157,HAM_0007533,4
ISIC_0033464,1,NV,9158,HAM_0000650,4
ISIC_0033465,4,BKL,9159,HAM_0000112,0
ISIC_0033466,4,BKL,9160,HAM_0005299,0
ISIC_0033467,1,NV,9161,HAM_0004197,8
ISIC_0033468,2,BCC,9162,HAM_0000795,8
ISIC_0033469,0,MEL,9163,HAM_0006437,5
ISIC_0033470,0,MEL,9164,HAM_0003421,1
ISIC_0033471,1,NV,9165,HAM_0001321,0
ISIC_0033472,1,NV,9166,HAM_0003352,8
ISIC_0033473,0,MEL,9167,HAM_0000322,7
ISIC_0033474,1,NV,9168,HAM_0003364,1
ISIC_0033475,1,NV,9169,HAM_0006857,5
ISIC_0033476,0,MEL,9170,HAM_0002824,2
ISIC_0033477,0,MEL,9171,HAM_0007021,2
ISIC_0033478,1,NV,9172,HAM_0006623,7
ISIC_0033479,0,MEL,9173,HAM_0004321,3
ISIC_0033480,4,BKL,9174,HAM_0004788,8
ISIC_0033481,1,NV,9175,HAM_0004198,1
ISIC_0033482,4,BKL,9176,HAM_0006663,4
ISIC_0033483,2,BCC,9177,HAM_0007471,0
ISIC_0033484,1,NV,9178,HAM_0000556,1
ISIC_0033485,0,MEL,9179,HAM_0003556,0
ISIC_0033486,4,BKL,9180,HAM_0006018,6
ISIC_0033487,0,MEL,9181,HAM_0005673,6
ISIC_0033488,4,BKL,9182,HAM_0007341,7
ISIC_0033489,1,NV,9183,HAM_0003755,6
ISIC_0033490,4,BKL,9184,HAM_0000983,8
ISIC_0033491,4,BKL,9185,HAM_0007427,4
ISIC_0033492,1,NV,9186,HAM_0002253,1
ISIC_0033493,1,NV,9187,HAM_0006550,9
ISIC_0033494,3,AKIEC,9188,HAM_0002615,4
ISIC_0033495,1,NV,9189,HAM_0003968,5
ISIC_0033496,0,MEL,9190,HAM_0001734,4
ISIC_0033497,1,NV,9191,HAM_0001697,6
ISIC_0033498,0,MEL,9192,HAM_0002051,9
ISIC_0033499,2,BCC,9193,HAM_0003072,4
ISIC_0033500,0,MEL,9194,HAM_0004405,4
ISIC_0033501,1,NV,9195,HAM_0006799,1
ISIC_0033502,1,NV,9196,HAM_0003003,6
ISIC_0033503,1,NV,9197,HAM_0006520,1
ISIC_0033504,2,BCC,9198,HAM_0002565,7
ISIC_0033505,4,BKL,9199,HAM_0005386,0
ISIC_0033506,1,NV,9200,HAM_0003542,5
ISIC_0033507,4,BKL,9201,HAM_0006281,6
ISIC_0033508,1,NV,9202,HAM_0004581,3
ISIC_0033509,4,BKL,9203,HAM_0000208,6
ISIC_0033510,1,NV,9204,HAM_0000547,1
ISIC_0033511,1,NV,9205,HAM_0006147,2
ISIC_0033512,1,NV,9206,HAM_0003623,7
ISIC_0033513,1,NV,9207,HAM_0001683,7
ISIC_0033514,1,NV,9208,HAM_0005185,2
ISIC_0033515,1,NV,9209,HAM_0002402,1
ISIC_0033516,1,NV,9210,HAM_0005083,5
ISIC_0033517,1,NV,9211,HAM_0001683,3
ISIC_0033518,0,MEL,9212,HAM_0002952,3
ISIC_0033519,1,NV,9213,HAM_0001908,4
ISIC_0033520,0,MEL,9214,HAM_0006462,6
ISIC_0033521,1,NV,9215,HAM_0001484,6
ISIC_0033522,0,MEL,9216,HAM_0004321,0
ISIC_0033523,4,BKL,9217,HAM_0003770,7
ISIC_0033524,0,MEL,9218,HAM_0003495,4
ISIC_0033525,1,NV,9219,HAM_0003018,2
ISIC_0033526,0,MEL,9220,HAM_0003439,9
ISIC_0033527,1,NV,9221,HAM_0003259,6
ISIC_0033528,4,BKL,9222,HAM_0000080,7
ISIC_0033529,4,BKL,9223,HAM_0003162,2
ISIC_0033530,1,NV,9224,HAM_0006191,7
ISIC_0033531,4,BKL,9225,HAM_0006026,1
ISIC_0033532,1,NV,9226,HAM_0005209,1
ISIC_0033533,0,MEL,9227,HAM_0001974,5
ISIC_0033534,0,MEL,9228,HAM_0005953,1
ISIC_0033535,1,NV,9229,HAM_0003017,7
ISIC_0033536,3,AKIEC,9230,HAM_0002867,9
ISIC_0033537,1,NV,9231,HAM_0001916,0
ISIC_0033538,0,MEL,9232,HAM_0006824,9
ISIC_0033539,4,BKL,9233,HAM_0001728,4
ISIC_0033540,1,NV,9234,HAM_0000556,8
ISIC_0033541,1,NV,9235,HAM_0005601,4
ISIC_0033542,1,NV,9236,HAM_0001613,0
ISIC_0033543,1,NV,9237,HAM_0000181,9
ISIC_0033544,1,NV,9238,HAM_0003947,0
ISIC_0033545,0,MEL,9239,HAM_0007558,7
ISIC_0033546,0,MEL,9240,HAM_0000055,1
ISIC_0033547,1,NV,9241,HAM_0001400,4
ISIC_0033548,1,NV,9242,HAM_0003744,9
ISIC_0033549,1,NV,9243,HAM_0005351,6
ISIC_0033550,3,AKIEC,9244,HAM_0002867,4
ISIC_0033551,2,BCC,9245,HAM_0004083,7
ISIC_0033552,1,NV,9246,HAM_0003424,3
ISIC_0033553,4,BKL,9247,HAM_0005898,0
ISIC_0033554,5,DF,9248,HAM_0007396,7
ISIC_0033555,1,NV,9249,HAM_0003143,4
ISIC_0033556,1,NV,9250,HAM_0004199,3
ISIC_0033557,1,NV,9251,HAM_0004424,5
ISIC_0033558,1,NV,9252,HAM_0005740,9
ISIC_0033559,0,MEL,9253,HAM_0006426,7
ISIC_0033560,0,MEL,9254,HAM_0003421,2
ISIC_0033561,1,NV,9255,HAM_0004708,8
ISIC_0033562,0,MEL,9256,HAM_0000880,8
ISIC_0033563,1,NV,9257,HAM_0003505,5
ISIC_0033564,1,NV,9258,HAM_0003969,5
ISIC_0033565,6,VASC,9259,HAM_0005989,0
ISIC_0033566,1,NV,9260,HAM_0006873,1
ISIC_0033567,1,NV,9261,HAM_0004200,6
ISIC_0033568,0,MEL,9262,HAM_0005627,8
ISIC_0033569,0,MEL,9263,HAM_0006566,9
ISIC_0033570,0,MEL,9264,HAM_0003679,1
ISIC_0033571,2,BCC,9265,HAM_0004083,6
ISIC_0033572,1,NV,9266,HAM_0003208,9
ISIC_0033573,0,MEL,9267,HAM_0006435,2
ISIC_0033574,1,NV,9268,HAM_0003130,1
ISIC_0033575,2,BCC,9269,HAM_0000823,3
ISIC_0033576,4,BKL,9270,HAM_0004442,6
ISIC_0033577,1,NV,9271,HAM_0004346,3
ISIC_0033578,0,MEL,9272,HAM_0004571,0
ISIC_0033579,2,BCC,9273,HAM_0000394,9
ISIC_0033580,1,NV,9274,HAM_0001437,6
ISIC_0033581,4,BKL,9275,HAM_0001855,0
ISIC_0033582,4,BKL,9276,HAM_0004442,4
ISIC_0033583,4,BKL,9277,HAM_0000112,2
ISIC_0033584,1,NV,9278,HAM_0003777,1
ISIC_0033585,1,NV,9279,HAM_0005972,3
ISIC_0033586,0,MEL,9280,HAM_0000799,0
ISIC_0033587,4,BKL,9281,HAM_0004091,3
ISIC_0033588,1,NV,9282,HAM_0003774,7
ISIC_0033589,1,NV,9283,HAM_0006925,7
ISIC_0033590,1,NV,9284,HAM_0005740,3
ISIC_0033591,6,VASC,9285,HAM_0004791,8
ISIC_0033592,4,BKL,9286,HAM_0003743,3
ISIC_0033593,0,MEL,9287,HAM_0003225,6
ISIC_0033594,0,MEL,9288,HAM_0005581,1
ISIC_0033595,0,MEL,9289,HAM_0005280,9
ISIC_0033596,1,NV,9290,HAM_0003208,6
ISIC_0033597,1,NV,9291,HAM_0005439,3
ISIC_0033598,1,NV,9292,HAM_0005496,9
ISIC_0033599,1,NV,9293,HAM_0006418,2
ISIC_0033600,1,NV,9294,HAM_0003542,5
ISIC_0033601,4,BKL,9295,HAM_0003845,5
ISIC_0033602,1,NV,9296,HAM_0004201,8
ISIC_0033603,0,MEL,9297,HAM_0005010,3
ISIC_0033604,1,NV,9298,HAM_0000772,3
ISIC_0033605,1,NV,9299,HAM_0003884,1
ISIC_0033606,4,BKL,9300,HAM_0002327,8
ISIC_0033607,0,MEL,9301,HAM_0005627,4
ISIC_0033608,6,VASC,9302,HAM_0000940,0
ISIC_0033609,2,BCC,9303,HAM_0002243,2
ISIC_0033610,1,NV,9304,HAM_0000313,4
ISIC_0033611,0,MEL,9305,HAM_0000799,2
ISIC_0033612,0,MEL,9306,HAM_0007583,7
ISIC_0033613,4,BKL,9307,HAM_0006938,0
ISIC_0033614,1,NV,9308,HAM_0007333,4
ISIC_0033615,1,NV,9309,HAM_0001106,3
ISIC_0033616,0,MEL,9310,HAM_0003700,0
ISIC_0033617,1,NV,9311,HAM_0005062,9
ISIC_0033618,1,NV,9312,HAM_0005135,9
ISIC_0033619,0,MEL,9313,HAM_0005748,4
ISIC_0033620,4,BKL,9314,HAM_0003807,6
ISIC_0033621,1,NV,9315,HAM_0001889,0
ISIC_0033622,1,NV,9316,HAM_0003818,0
ISIC_0033623,1,NV,9317,HAM_0004202,2
ISIC_0033624,0,MEL,9318,HAM_0007574,7
ISIC_0033625,1,NV,9319,HAM_0005300,0
ISIC_0033626,5,DF,9320,HAM_0006371,1
ISIC_0033627,1,NV,9321,HAM_0001076,6
ISIC_0033628,1,NV,9322,HAM_0004508,6
ISIC_0033629,4,BKL,9323,HAM_0001309,8
ISIC_0033630,0,MEL,9324,HAM_0004984,1
ISIC_0033631,4,BKL,9325,HAM_0000948,9
ISIC_0033632,1,NV,9326,HAM_0003418,3
ISIC_0033633,1,NV,9327,HAM_0005265,0
ISIC_0033634,1,NV,9328,HAM_0001905,0
ISIC_0033635,4,BKL,9329,HAM_0001837,9
ISIC_0033636,0,MEL,9330,HAM_0005500,9
ISIC_0033637,1,NV,9331,HAM_0006873,0
ISIC_0033638,0,MEL,9332,HAM_0005040,5
ISIC_0033639,1,NV,9333,HAM_0007265,5
ISIC_0033640,1,NV,9334,HAM_0002386,2
ISIC_0033641,1,NV,9335,HAM_0003259,1
ISIC_0033642,4,BKL,9336,HAM_0006018,8
ISIC_0033643,0,MEL,9337,HAM_0000483,6
ISIC_0033644,0,MEL,9338,HAM_0002993,7
ISIC_0033645,1,NV,9339,HAM_0006191,0
ISIC_0033646,4,BKL,9340,HAM_0003743,8
ISIC_0033647,1,NV,9341,HAM_0004203,6
ISIC_0033648,1,NV,9342,HAM_0005571,1
ISIC_0033649,1,NV,9343,HAM_0001683,9
ISIC_0033650,1,NV,9344,HAM_0001218,4
ISIC_0033651,0,MEL,9345,HAM_0004998,4
ISIC_0033652,1,NV,9346,HAM_0005363,5
ISIC_0033653,0,MEL,9347,HAM_0004859,2
ISIC_0033654,0,MEL,9348,HAM_0002004,5
ISIC_0033655,0,MEL,9349,HAM_0007343,1
ISIC_0033656,1,NV,9350,HAM_0002604,6
ISIC_0033657,1,NV,9351,HAM_0006491,9
ISIC_0033658,1,NV,9352,HAM_0007367,4
ISIC_0033659,4,BKL,9353,HAM_0003050,4
ISIC_0033660,4,BKL,9354,HAM_0007427,8
ISIC_0033661,1,NV,9355,HAM_0003097,5
ISIC_0033662,0,MEL,9356,HAM_0006376,2
ISIC_0033663,0,MEL,9357,HAM_0004240,8
ISIC_0033664,1,NV,9358,HAM_0007444,8
ISIC_0033665,1,NV,9359,HAM_0002582,2
ISIC_0033666,2,BCC,9360,HAM_0002664,7
ISIC_0033667,1,NV,9361,HAM_0004814,3
ISIC_0033668,0,MEL,9362,HAM_0000706,4
ISIC_0033669,1,NV,9363,HAM_0006182,2
ISIC_0033670,0,MEL,9364,HAM_0003225,3
ISIC_0033671,1,NV,9365,HAM_0007562,7
ISIC_0033672,1,NV,9366,HAM_0006675,3
ISIC_0033673,1,NV,9367,HAM_0005198,5
ISIC_0033674,1,NV,9368,HAM_0001358,1
ISIC_0033675,5,DF,9369,HAM_0002909,7
ISIC_0033676,4,BKL,9370,HAM_0003659,4
ISIC_0033677,4,BKL,9371,HAM_0005258,7
ISIC_0033678,0,MEL,9372,HAM_0001412,5
ISIC_0033679,0,MEL,9373,HAM_0003983,8
ISIC_0033680,1,NV,9374,HAM_0001641,2
ISIC_0033681,1,NV,9375,HAM_0006235,3
ISIC_0033682,1,NV,9376,HAM_0003365,2
ISIC_0033683,1,NV,9377,HAM_0001511,5
ISIC_0033684,1,NV,9378,HAM_0003441,9
ISIC_0033685,4,BKL,9379,HAM_0000372,7
ISIC_0033686,1,NV,9380,HAM_0002494,9
ISIC_0033687,0,MEL,9381,HAM_0007117,7
ISIC_0033688,1,NV,9382,HAM_0004424,8
ISIC_0033689,1,NV,9383,HAM_0005995,6
ISIC_0033690,1,NV,9384,HAM_0004347,2
ISIC_0033691,4,BKL,9385,HAM_0006654,0
ISIC_0033692,1,NV,9386,HAM_0002724,2
ISIC_0033693,4,BKL,9387,HAM_0004258,9
ISIC_0033694,1,NV,9388,HAM_0000855,8
ISIC_0033695,5,DF,9389,HAM_0000349,0
ISIC_0033696,0,MEL,9390,HAM_0000176,4
ISIC_0033697,1,NV,9391,HAM_0002603,7
ISIC_0033698,1,NV,9392,HAM_0002367,4
ISIC_0033699,1,NV,9393,HAM_0004714,3
ISIC_0033700,0,MEL,9394,HAM_0000179,2
ISIC_0033701,4,BKL,9395,HAM_0004245,0
ISIC_0033702,1,NV,9396,HAM_0003884,7
ISIC_0033703,1,NV,9397,HAM_0005594,9
ISIC_0033704,0,MEL,9398,HAM_0001280,9
ISIC_0033705,3,AKIEC,9399,HAM_0001576,6
ISIC_0033706,1,NV,9400,HAM_0003993,3
ISIC_0033707,1,NV,9401,HAM_0002874,3
ISIC_0033708,0,MEL,9402,HAM_0000169,2
ISIC_0033709,4,BKL,9403,HAM_0000087,2
ISIC_0033710,0,MEL,9404,HAM_0004304,5
ISIC_0033711,1,NV,9405,HAM_0007562,4
ISIC_0033712,1,NV,9406,HAM_0000407,7
ISIC_0033713,0,MEL,9407,HAM_0004620,4
ISIC_0033714,1,NV,9408,HAM_0003542,7
ISIC_0033715,1,NV,9409,HAM_0006980,8
ISIC_0033716,4,BKL,9410,HAM_0006938,1
ISIC_0033717,0,MEL,9411,HAM_0006445,3
ISIC_0033718,1,NV,9412,HAM_0003801,0
ISIC_0033719,1,NV,9413,HAM_0001708,9
ISIC_0033720,2,BCC,9414,HAM_0005396,5
ISIC_0033721,1,NV,9415,HAM_0002898,8
ISIC_0033722,4,BKL,9416,HAM_0006438,3
ISIC_0033723,1,NV,9417,HAM_0004367,9
ISIC_0033724,1,NV,9418,HAM_0005052,7
ISIC_0033725,0,MEL,9419,HAM_0001928,3
ISIC_0033726,1,NV,9420,HAM_0007519,9
ISIC_0033727,1,NV,9421,HAM_0002206,4
ISIC_0033728,0,MEL,9422,HAM_0005256,9
ISIC_0033729,1,NV,9423,HAM_0000439,4
ISIC_0033730,0,MEL,9424,HAM_0001647,6
ISIC_0033731,1,NV,9425,HAM_0003966,1
ISIC_0033732,4,BKL,9426,HAM_0004142,6
ISIC_0033733,1,NV,9427,HAM_0002037,0
ISIC_0033734,1,NV,9428,HAM_0001994,3
ISIC_0033735,1,NV,9429,HAM_0001433,0
ISIC_0033736,4,BKL,9430,HAM_0007625,9
ISIC_0033737,1,NV,9431,HAM_0004303,1
ISIC_0033738,1,NV,9432,HAM_0004145,9
ISIC_0033739,1,NV,9433,HAM_0004296,0
ISIC_0033740,1,NV,9434,HAM_0005997,5
ISIC_0033741,1,NV,9435,HAM_0006236,2
ISIC_0033742,1,NV,9436,HAM_0006628,8
ISIC_0033743,1,NV,9437,HAM_0001026,9
ISIC_0033744,4,BKL,9438,HAM_0003050,8
ISIC_0033745,1,NV,9439,HAM_0005686,8
ISIC_0033746,1,NV,9440,HAM_0002135,0
ISIC_0033747,2,BCC,9441,HAM_0001243,6
ISIC_0033748,1,NV,9442,HAM_0000747,2
ISIC_0033749,6,VASC,9443,HAM_0001852,9
ISIC_0033750,4,BKL,9444,HAM_0002660,1
ISIC_0033751,1,NV,9445,HAM_0005257,2
ISIC_0033752,0,MEL,9446,HAM_0000079,9
ISIC_0033753,1,NV,9447,HAM_0004167,3
ISIC_0033754,0,MEL,9448,HAM_0004687,3
ISIC_0033755,1,NV,9449,HAM_0005300,4
ISIC_0033756,1,NV,9450,HAM_0002030,6
ISIC_0033757,1,NV,9451,HAM_0007533,1
ISIC_0033758,4,BKL,9452,HAM_0007341,7
ISIC_0033759,1,NV,9453,HAM_0002923,5
ISIC_0033760,1,NV,9454,HAM_0003681,7
ISIC_0033761,4,BKL,9455,HAM_0005386,1
ISIC_0033762,6,VASC,9456,HAM_0007097,1
ISIC_0033763,1,NV,9457,HAM_0001218,6
ISIC_0033764,1,NV,9458,HAM_0007299,6
ISIC_0033765,1,NV,9459,HAM_0003366,5
ISIC_0033766,1,NV,9460,HAM_0005115,2
ISIC_0033767,1,NV,9461,HAM_0005300,5
ISIC_0033768,1,NV,9462,HAM_0000639,1
ISIC_0033769,1,NV,9463,HAM_0006284,5
ISIC_0033770,4,BKL,9464,HAM_0001385,3
ISIC_0033771,1,NV,9465,HAM_0002015,5
ISIC_0033772,1,NV,9466,HAM_0004204,1
ISIC_0033773,0,MEL,9467,HAM_0004109,3
ISIC_0033774,1,NV,9468,HAM_0003057,4
ISIC_0033775,1,NV,9469,HAM_0004708,1
ISIC_0033776,4,BKL,9470,HAM_0002894,5
ISIC_0033777,1,NV,9471,HAM_0004854,0
ISIC_0033778,4,BKL,9472,HAM_0004975,9
ISIC_0033779,0,MEL,9473,HAM_0005711,0
ISIC_0033780,5,DF,9474,HAM_0006371,6
ISIC_0033781,1,NV,9475,HAM_0001211,7
ISIC_0033782,1,NV,9476,HAM_0003935,5
ISIC_0033783,4,BKL,9477,HAM_0004258,8
ISIC_0033784,4,BKL,9478,HAM_0000332,6
ISIC_0033785,4,BKL,9479,HAM_0004332,4
ISIC_0033786,1,NV,9480,HAM_0005052,5
ISIC_0033787,1,NV,9481,HAM_0006418,7
ISIC_0033788,1,NV,9482,HAM_0002139,9
ISIC_0033789,1,NV,9483,HAM_0006182,5
ISIC_0033790,5,DF,9484,HAM_0002909,0
ISIC_0033791,4,BKL,9485,HAM_0006281,0
ISIC_0033792,1,NV,9486,HAM_0004043,3
ISIC_0033793,1,NV,9487,HAM_0003143,0
ISIC_0033794,1,NV,9488,HAM_0007052,5
ISIC_0033795,1,NV,9489,HAM_0006520,7
ISIC_0033796,1,NV,9490,HAM_0004411,9
ISIC_0033797,1,NV,9491,HAM_0004205,0
ISIC_0033798,1,NV,9492,HAM_0006539,9
ISIC_0033799,1,NV,9493,HAM_0001912,7
ISIC_0033800,1,NV,9494,HAM_0003735,9
ISIC_0033801,0,MEL,9495,HAM_0000611,5
ISIC_0033802,0,MEL,9496,HAM_0003625,4
ISIC_0033803,1,NV,9497,HAM_0005331,1
ISIC_0033804,0,MEL,9498,HAM_0000611,9
ISIC_0033805,0,MEL,9499,HAM_0005040,3
ISIC_0033806,0,MEL,9500,HAM_0004881,5
ISIC_0033807,0,MEL,9501,HAM_0001974,6
ISIC_0033808,5,DF,9502,HAM_0003081,7
ISIC_0033809,1,NV,9503,HAM_0003998,6
ISIC_0033810,5,DF,9504,HAM_0007396,4
ISIC_0033811,3,AKIEC,9505,HAM_0004282,0
ISIC_0033812,0,MEL,9506,HAM_0004859,5
ISIC_0033813,0,MEL,9507,HAM_0000423,0
ISIC_0033814,0,MEL,9508,HAM_0002086,6
ISIC_0033815,1,NV,9509,HAM_0005759,9
ISIC_0033816,1,NV,9510,HAM_0006675,4
ISIC_0033817,6,VASC,9511,HAM_0001249,9
ISIC_0033818,1,NV,9512,HAM_0002208,6
ISIC_0033819,0,MEL,9513,HAM_0000388,4
ISIC_0033820,0,MEL,9514,HAM_0002086,9
ISIC_0033821,1,NV,9515,HAM_0004387,8
ISIC_0033822,1,NV,9516,HAM_0000432,0
ISIC_0033823,1,NV,9517,HAM_0000704,2
ISIC_0033824,1,NV,9518,HAM_0003288,9
ISIC_0033825,1,NV,9519,HAM_0007552,8
ISIC_0033826,1,NV,9520,HAM_0004206,0
ISIC_0033827,1,NV,9521,HAM_0001697,7
ISIC_0033828,4,BKL,9522,HAM_0001954,1
ISIC_0033829,4,BKL,9523,HAM_0006074,1
ISIC_0033830,1,NV,9524,HAM_0003288,1
ISIC_0033831,0,MEL,9525,HAM_0007343,3
ISIC_0033832,1,NV,9526,HAM_0005383,0
ISIC_0033833,1,NV,9527,HAM_0000165,9
ISIC_0033834,0,MEL,9528,HAM_0001412,2
ISIC_0033835,1,NV,9529,HAM_0002325,5
ISIC_0033836,1,NV,9530,HAM_0001405,2
ISIC_0033837,1,NV,9531,HAM_0000402,1
ISIC_0033838,1,NV,9532,HAM_0005539,0
ISIC_0033839,1,NV,9533,HAM_0005194,7
ISIC_0033840,1,NV,9534,HAM_0004503,7
ISIC_0033841,1,NV,9535,HAM_0000822,3
ISIC_0033842,1,NV,9536,HAM_0005353,3
ISIC_0033843,0,MEL,9537,HAM_0002952,1
ISIC_0033844,6,VASC,9538,HAM_0003480,1
ISIC_0033845,1,NV,9539,HAM_0001739,4
ISIC_0033846,1,NV,9540,HAM_0006516,2
ISIC_0033847,5,DF,9541,HAM_0003081,2
ISIC_0033848,0,MEL,9542,HAM_0000002,3
ISIC_0033849,1,NV,9543,HAM_0006615,6
ISIC_0033850,1,NV,9544,HAM_0004574,6
ISIC_0033851,1,NV,9545,HAM_0005489,8
ISIC_0033852,1,NV,9546,HAM_0004708,0
ISIC_0033853,4,BKL,9547,HAM_0004458,0
ISIC_0033854,4,BKL,9548,HAM_0004246,1
ISIC_0033855,4,BKL,9549,HAM_0006157,5
ISIC_0033856,0,MEL,9550,HAM_0002377,3
ISIC_0033857,1,NV,9551,HAM_0007552,4
ISIC_0033858,1,NV,9552,HAM_0004207,6
ISIC_0033859,1,NV,9553,HAM_0001192,4
ISIC_0033860,5,DF,9554,HAM_0003081,9
ISIC_0033861,1,NV,9555,HAM_0004599,6
ISIC_0033862,1,NV,9556,HAM_0001808,5
ISIC_0033863,0,MEL,9557,HAM_0007086,9
ISIC_0033864,1,NV,9558,HAM_0004076,7
ISIC_0033865,4,BKL,9559,HAM_0000080,1
ISIC_0033866,3,AKIEC,9560,HAM_0000239,5
ISIC_0033867,1,NV,9561,HAM_0004872,8
ISIC_0033868,4,BKL,9562,HAM_0001837,3
ISIC_0033869,3,AKIEC,9563,HAM_0000462,1
ISIC_0033870,1,NV,9564,HAM_0001615,6
ISIC_0033871,0,MEL,9565,HAM_0000064,5
ISIC_0033872,0,MEL,9566,HAM_0006101,0
ISIC_0033873,1,NV,9567,HAM_0002598,7
ISIC_0033874,0,MEL,9568,HAM_0002732,0
ISIC_0033875,1,NV,9569,HAM_0004582,4
ISIC_0033876,1,NV,9570,HAM_0005185,0
ISIC_0033877,1,NV,9571,HAM_0004237,3
ISIC_0033878,0,MEL,9572,HAM_0003351,2
ISIC_0033879,1,NV,9573,HAM_0000007,5
ISIC_0033880,1,NV,9574,HAM_0004149,5
ISIC_0033881,0,MEL,9575,HAM_0005545,1
ISIC_0033882,1,NV,9576,HAM_0006644,1
ISIC_0033883,0,MEL,9577,HAM_0004949,2
ISIC_0033884,4,BKL,9578,HAM_0004245,3
ISIC_0033885,0,MEL,9579,HAM_0005737,3
ISIC_0033886,0,MEL,9580,HAM_0003556,2
ISIC_0033887,1,NV,9581,HAM_0004221,3
ISIC_0033888,1,NV,9582,HAM_0006925,7
ISIC_0033889,1,NV,9583,HAM_0005062,6
ISIC_0033890,1,NV,9584,HAM_0003365,6
ISIC_0033891,5,DF,9585,HAM_0007396,3
ISIC_0033892,1,NV,9586,HAM_0004208,6
ISIC_0033893,0,MEL,9587,HAM_0001280,6
ISIC_0033894,1,NV,9588,HAM_0000676,0
ISIC_0033895,1,NV,9589,HAM_0004348,4
ISIC_0033896,1,NV,9590,HAM_0004349,1
ISIC_0033897,1,NV,9591,HAM_0000855,5
ISIC_0033898,1,NV,9592,HAM_0003812,3
ISIC_0033899,4,BKL,9593,HAM_0003743,5
ISIC_0033900,4,BKL,9594,HAM_0002040,3
ISIC_0033901,0,MEL,9595,HAM_0002342,2
ISIC_0033902,0,MEL,9596,HAM_0000048,1
ISIC_0033903,1,NV,9597,HAM_0003367,9
ISIC_0033904,1,NV,9598,HAM_0005820,6
ISIC_0033905,0,MEL,9599,HAM_0000042,1
ISIC_0033906,1,NV,9600,HAM_0005433,8
ISIC_0033907,1,NV,9601,HAM_0005316,0
ISIC_0033908,4,BKL,9602,HAM_0003978,6
ISIC_0033909,1,NV,9603,HAM_0001801,2
ISIC_0033910,4,BKL,9604,HAM_0006654,7
ISIC_0033911,0,MEL,9605,HAM_0005711,1
ISIC_0033912,1,NV,9606,HAM_0002874,9
ISIC_0033913,4,BKL,9607,HAM_0001855,3
ISIC_0033914,1,NV,9608,HAM_0003801,2
ISIC_0033915,1,NV,9609,HAM_0004714,3
ISIC_0033916,1,NV,9610,HAM_0005641,7
ISIC_0033917,1,NV,9611,HAM_0004548,7
ISIC_0033918,1,NV,9612,HAM_0005263,4
ISIC_0033919,1,NV,9613,HAM_0002386,3
ISIC_0033920,1,NV,9614,HAM_0006980,5
ISIC_0033921,1,NV,9615,HAM_0005351,2
ISIC_0033922,1,NV,9616,HAM_0004444,3
ISIC_0033923,1,NV,9617,HAM_0001994,8
ISIC_0033924,4,BKL,9618,HAM_0006026,0
ISIC_0033925,0,MEL,9619,HAM_0000206,9
ISIC_0033926,1,NV,9620,HAM_0004043,6
ISIC_0033927,1,NV,9621,HAM_0002386,5
ISIC_0033928,1,NV,9622,HAM_0006396,2
ISIC_0033929,1,NV,9623,HAM_0001509,5
ISIC_0033930,1,NV,9624,HAM_0001740,4
ISIC_0033931,0,MEL,9625,HAM_0005490,9
ISIC_0033932,1,NV,9626,HAM_0004303,6
ISIC_0033933,1,NV,9627,HAM_0007265,0
ISIC_0033934,1,NV,9628,HAM_0007299,0
ISIC_0033935,1,NV,9629,HAM_0004118,6
ISIC_0033936,1,NV,9630,HAM_0000216,1
ISIC_0033937,1,NV,9631,HAM_0006813,1
ISIC_0033938,0,MEL,9632,HAM_0003280,5
ISIC_0033939,1,NV,9633,HAM_0006329,0
ISIC_0033940,1,NV,9634,HAM_0002208,6
ISIC_0033941,1,NV,9635,HAM_0002434,0
ISIC_0033942,0,MEL,9636,HAM_0000322,2
ISIC_0033943,1,NV,9637,HAM_0001839,3
ISIC_0033944,1,NV,9638,HAM_0005363,3
ISIC_0033945,4,BKL,9639,HAM_0007427,2
ISIC_0033946,0,MEL,9640,HAM_0007343,9
ISIC_0033947,0,MEL,9641,HAM_0005545,9
ISIC_0033948,1,NV,9642,HAM_0001641,7
ISIC_0033949,4,BKL,9643,HAM_0003728,3
ISIC_0033950,1,NV,9644,HAM_0006334,9
ISIC_0033951,1,NV,9645,HAM_0007433,9
ISIC_0033952,4,BKL,9646,HAM_0000516,0
ISIC_0033953,0,MEL,9647,HAM_0006886,9
ISIC_0033954,1,NV,9648,HAM_0002015,7
ISIC_0033955,1,NV,9649,HAM_0000432,3
ISIC_0033956,0,MEL,9650,HAM_0000662,5
ISIC_0033957,0,MEL,9651,HAM_0002617,1
ISIC_0033958,1,NV,9652,HAM_0005206,5
ISIC_0033959,1,NV,9653,HAM_0002136,2
ISIC_0033960,1,NV,9654,HAM_0003535,1
ISIC_0033961,1,NV,9655,HAM_0003884,4
ISIC_0033962,0,MEL,9656,HAM_0005010,0
ISIC_0033963,1,NV,9657,HAM_0003143,7
ISIC_0033964,1,NV,9658,HAM_0001046,7
ISIC_0033965,1,NV,9659,HAM_0007148,8
ISIC_0033966,1,NV,9660,HAM_0001673,1
ISIC_0033967,0,MEL,9661,HAM_0001506,8
ISIC_0033968,0,MEL,9662,HAM_0002939,9
ISIC_0033969,6,VASC,9663,HAM_0000940,0
ISIC_0033970,1,NV,9664,HAM_0004350,2
ISIC_0033971,1,NV,9665,HAM_0007451,8
ISIC_0033972,1,NV,9666,HAM_0006158,0
ISIC_0033973,4,BKL,9667,HAM_0005386,9
ISIC_0033974,1,NV,9668,HAM_0002434,1
ISIC_0033975,0,MEL,9669,HAM_0003983,7
ISIC_0033976,1,NV,9670,HAM_0003181,7
ISIC_0033977,0,MEL,9671,HAM_0004129,6
ISIC_0033978,1,NV,9672,HAM_0003801,0
ISIC_0033979,2,BCC,9673,HAM_0004848,4
ISIC_0033980,0,MEL,9674,HAM_0003602,6
ISIC_0033981,0,MEL,9675,HAM_0000042,3
ISIC_0033982,1,NV,9676,HAM_0006643,9
ISIC_0033983,1,NV,9677,HAM_0006042,2
ISIC_0033984,1,NV,9678,HAM_0002878,3
ISIC_0033985,0,MEL,9679,HAM_0006321,7
ISIC_0033986,0,MEL,9680,HAM_0003602,3
ISIC_0033987,4,BKL,9681,HAM_0006148,2
ISIC_0033988,1,NV,9682,HAM_0005961,9
ISIC_0033989,1,NV,9683,HAM_0007444,9
ISIC_0033990,1,NV,9684,HAM_0006379,1
ISIC_0033991,6,VASC,9685,HAM_0006852,9
ISIC_0033992,1,NV,9686,HAM_0006980,6
ISIC_0033993,1,NV,9687,HAM_0001948,8
ISIC_0033994,1,NV,9688,HAM_0004149,3
ISIC_0033995,0,MEL,9689,HAM_0005673,0
ISIC_0033996,1,NV,9690,HAM_0004172,1
ISIC_0033997,1,NV,9691,HAM_0006353,6
ISIC_0033998,1,NV,9692,HAM_0005213,3
ISIC_0033999,0,MEL,9693,HAM_0002377,4
ISIC_0034000,0,MEL,9694,HAM_0001793,5
ISIC_0034001,1,NV,9695,HAM_0003614,7
ISIC_0034002,0,MEL,9696,HAM_0004129,4
ISIC_0034003,4,BKL,9697,HAM_0007402,4
ISIC_0034004,1,NV,9698,HAM_0003097,5
ISIC_0034005,0,MEL,9699,HAM_0006763,6
ISIC_0034006,0,MEL,9700,HAM_0000709,3
ISIC_0034007,4,BKL,9701,HAM_0005131,0
ISIC_0034008,1,NV,9702,HAM_0006610,3
ISIC_0034009,1,NV,9703,HAM_0002915,4
ISIC_0034010,1,NV,9704,HAM_0001720,4
ISIC_0034011,4,BKL,9705,HAM_0006938,1
ISIC_0034012,0,MEL,9706,HAM_0006011,0
ISIC_0034013,1,NV,9707,HAM_0000855,4
ISIC_0034014,1,NV,9708,HAM_0003993,3
ISIC_0034015,2,BCC,9709,HAM_0003216,2
ISIC_0034016,1,NV,9710,HAM_0006637,2
ISIC_0034017,1,NV,9711,HAM_0000067,7
ISIC_0034018,1,NV,9712,HAM_0002569,3
ISIC_0034019,1,NV,9713,HAM_0000627,2
ISIC_0034020,1,NV,9714,HAM_0002206,9
ISIC_0034021,1,NV,9715,HAM_0005496,3
ISIC_0034022,0,MEL,9716,HAM_0002732,6
ISIC_0034023,1,NV,9717,HAM_0003634,1
ISIC_0034024,4,BKL,9718,HAM_0002008,6
ISIC_0034025,1,NV,9719,HAM_0003418,4
ISIC_0034026,2,BCC,9720,HAM_0006586,0
ISIC_0034027,1,NV,9721,HAM_0005059,0
ISIC_0034028,0,MEL,9722,HAM_0006462,9
ISIC_0034029,1,NV,9723,HAM_0002208,9
ISIC_0034030,1,NV,9724,HAM_0003181,4
ISIC_0034031,4,BKL,9725,HAM_0002372,6
ISIC_0034032,1,NV,9726,HAM_0002170,6
ISIC_0034033,1,NV,9727,HAM_0005312,7
ISIC_0034034,0,MEL,9728,HAM_0005141,7
ISIC_0034035,1,NV,9729,HAM_0002015,7
ISIC_0034036,0,MEL,9730,HAM_0003843,0
ISIC_0034037,4,BKL,9731,HAM_0001309,9
ISIC_0034038,1,NV,9732,HAM_0006491,3
ISIC_0034039,1,NV,9733,HAM_0000402,0
ISIC_0034040,4,BKL,9734,HAM_0003808,5
ISIC_0034041,1,NV,9735,HAM_0005496,2
ISIC_0034042,1,NV,9736,HAM_0004829,8
ISIC_0034043,1,NV,9737,HAM_0006625,1
ISIC_0034044,1,NV,9738,HAM_0000747,6
ISIC_0034045,1,NV,9739,HAM_0002282,1
ISIC_0034046,0,MEL,9740,HAM_0000179,3
ISIC_0034047,2,BCC,9741,HAM_0002559,9
ISIC_0034048,0,MEL,9742,HAM_0000042,9
ISIC_0034049,0,MEL,9743,HAM_0007589,2
ISIC_0034050,0,MEL,9744,HAM_0002723,7
ISIC_0034051,0,MEL,9745,HAM_0004056,2
ISIC_0034052,0,MEL,9746,HAM_0003566,6
ISIC_0034053,1,NV,9747,HAM_0001442,2
ISIC_0034054,1,NV,9748,HAM_0000675,6
ISIC_0034055,1,NV,9749,HAM_0004854,0
ISIC_0034056,1,NV,9750,HAM_0006559,5
ISIC_0034057,4,BKL,9751,HAM_0005442,8
ISIC_0034058,2,BCC,9752,HAM_0000263,6
ISIC_0034059,0,MEL,9753,HAM_0005280,9
ISIC_0034060,1,NV,9754,HAM_0001511,4
ISIC_0034061,0,MEL,9755,HAM_0000553,7
ISIC_0034062,0,MEL,9756,HAM_0004914,0
ISIC_0034063,1,NV,9757,HAM_0002596,3
ISIC_0034064,0,MEL,9758,HAM_0002235,8
ISIC_0034065,0,MEL,9759,HAM_0005748,8
ISIC_0034066,2,BCC,9760,HAM_0001749,0
ISIC_0034067,1,NV,9761,HAM_0004024,6
ISIC_0034068,0,MEL,9762,HAM_0003335,3
ISIC_0034069,1,NV,9763,HAM_0003441,7
ISIC_0034070,4,BKL,9764,HAM_0000087,7
ISIC_0034071,0,MEL,9765,HAM_0006435,8
ISIC_0034072,1,NV,9766,HAM_0006237,3
ISIC_0034073,1,NV,9767,HAM_0001889,5
ISIC_0034074,0,MEL,9768,HAM_0001465,1
ISIC_0034075,1,NV,9769,HAM_0004209,3
ISIC_0034076,0,MEL,9770,HAM_0006517,9
ISIC_0034077,1,NV,9771,HAM_0002641,2
ISIC_0034078,1,NV,9772,HAM_0003193,7
ISIC_0034079,1,NV,9773,HAM_0005374,7
ISIC_0034080,1,NV,9774,HAM_0000421,4
ISIC_0034081,1,NV,9775,HAM_0004210,5
ISIC_0034082,1,NV,9776,HAM_0004211,7
ISIC_0034083,1,NV,9777,HAM_0000304,0
ISIC_0034084,1,NV,9778,HAM_0001777,9
ISIC_0034085,0,MEL,9779,HAM_0007117,6
ISIC_0034086,1,NV,9780,HAM_0003460,9
ISIC_0034087,0,MEL,9781,HAM_0005368,9
ISIC_0034088,1,NV,9782,HAM_0006666,7
ISIC_0034089,0,MEL,9783,HAM_0007574,1
ISIC_0034090,1,NV,9784,HAM_0005715,6
ISIC_0034091,1,NV,9785,HAM_0004145,5
ISIC_0034092,0,MEL,9786,HAM_0007021,5
ISIC_0034093,2,BCC,9787,HAM_0003220,2
ISIC_0034094,0,MEL,9788,HAM_0003421,2
ISIC_0034095,2,BCC,9789,HAM_0000394,3
ISIC_0034096,1,NV,9790,HAM_0005573,0
ISIC_0034097,1,NV,9791,HAM_0002915,8
ISIC_0034098,1,NV,9792,HAM_0002876,5
ISIC_0034099,1,NV,9793,HAM_0007005,0
ISIC_0034100,0,MEL,9794,HAM_0004571,5
ISIC_0034101,0,MEL,9795,HAM_0004853,5
ISIC_0034102,1,NV,9796,HAM_0003713,5
ISIC_0034103,4,BKL,9797,HAM_0002327,2
ISIC_0034104,0,MEL,9798,HAM_0002993,1
ISIC_0034105,1,NV,9799,HAM_0004550,3
ISIC_0034106,0,MEL,9800,HAM_0000097,2
ISIC_0034107,0,MEL,9801,HAM_0005809,5
ISIC_0034108,1,NV,9802,HAM_0005997,2
ISIC_0034109,1,NV,9803,HAM_0006567,7
ISIC_0034110,1,NV,9804,HAM_0000268,4
ISIC_0034111,1,NV,9805,HAM_0002641,3
ISIC_0034112,1,NV,9806,HAM_0000579,8
ISIC_0034113,4,BKL,9807,HAM_0001384,5
ISIC_0034114,1,NV,9808,HAM_0004212,3
ISIC_0034115,4,BKL,9809,HAM_0000581,2
ISIC_0034116,1,NV,9810,HAM_0001889,9
ISIC_0034117,0,MEL,9811,HAM_0004927,1
ISIC_0034118,0,MEL,9812,HAM_0002824,0
ISIC_0034119,2,BCC,9813,HAM_0003046,9
ISIC_0034120,0,MEL,9814,HAM_0006445,6
ISIC_0034121,1,NV,9815,HAM_0000216,2
ISIC_0034122,1,NV,9816,HAM_0002448,7
ISIC_0034123,2,BCC,9817,HAM_0006586,3
ISIC_0034124,1,NV,9818,HAM_0004599,9
ISIC_0034125,4,BKL,9819,HAM_0004406,7
ISIC_0034126,4,BKL,9820,HAM_0004458,5
ISIC_0034127,1,NV,9821,HAM_0006628,0
ISIC_0034128,1,NV,9822,HAM_0004226,9
ISIC_0034129,1,NV,9823,HAM_0001667,2
ISIC_0034130,1,NV,9824,HAM_0007172,2
ISIC_0034131,1,NV,9825,HAM_0005106,2
ISIC_0034132,0,MEL,9826,HAM_0003466,4
ISIC_0034133,1,NV,9827,HAM_0004829,6
ISIC_0034134,0,MEL,9828,HAM_0006184,6
ISIC_0034135,5,DF,9829,HAM_0006371,1
ISIC_0034136,1,NV,9830,HAM_0002750,2
ISIC_0034137,1,NV,9831,HAM_0000439,5
ISIC_0034138,1,NV,9832,HAM_0003824,8
ISIC_0034139,1,NV,9833,HAM_0006391,1
ISIC_0034140,0,MEL,9834,HAM_0005636,3
ISIC_0034141,0,MEL,9835,HAM_0000483,4
ISIC_0034142,4,BKL,9836,HAM_0000309,0
ISIC_0034143,2,BCC,9837,HAM_0000394,0
ISIC_0034144,1,NV,9838,HAM_0002923,3
ISIC_0034145,0,MEL,9839,HAM_0004949,2
ISIC_0034146,1,NV,9840,HAM_0001046,7
ISIC_0034147,1,NV,9841,HAM_0005263,4
ISIC_0034148,1,NV,9842,HAM_0004773,7
ISIC_0034149,1,NV,9843,HAM_0003735,7
ISIC_0034150,0,MEL,9844,HAM_0006011,1
ISIC_0034151,4,BKL,9845,HAM_0006238,8
ISIC_0034152,1,NV,9846,HAM_0004296,5
ISIC_0034153,1,NV,9847,HAM_0000067,4
ISIC_0034154,1,NV,9848,HAM_0003561,8
ISIC_0034155,2,BCC,9849,HAM_0003690,2
ISIC_0034156,1,NV,9850,HAM_0001097,1
ISIC_0034157,1,NV,9851,HAM_0002721,0
ISIC_0034158,1,NV,9852,HAM_0001824,2
ISIC_0034159,0,MEL,9853,HAM_0000553,2
ISIC_0034160,2,BCC,9854,HAM_0006572,2
ISIC_0034161,2,BCC,9855,HAM_0001243,4
ISIC_0034162,0,MEL,9856,HAM_0000006,7
ISIC_0034163,1,NV,9857,HAM_0005263,3
ISIC_0034164,1,NV,9858,HAM_0002605,0
ISIC_0034165,4,BKL,9859,HAM_0004113,3
ISIC_0034166,1,NV,9860,HAM_0004063,2
ISIC_0034167,4,BKL,9861,HAM_0003728,8
ISIC_0034168,4,BKL,9862,HAM_0004975,7
ISIC_0034169,5,DF,9863,HAM_0001785,7
ISIC_0034170,0,MEL,9864,HAM_0004914,7
ISIC_0034171,1,NV,9865,HAM_0004172,4
ISIC_0034172,0,MEL,9866,HAM_0002617,6
ISIC_0034173,0,MEL,9867,HAM_0005021,6
ISIC_0034174,1,NV,9868,HAM_0006042,3
ISIC_0034175,4,BKL,9869,HAM_0003770,3
ISIC_0034176,1,NV,9870,HAM_0001777,4
ISIC_0034177,1,NV,9871,HAM_0006239,8
ISIC_0034178,1,NV,9872,HAM_0004882,7
ISIC_0034179,1,NV,9873,HAM_0001133,1
ISIC_0034180,0,MEL,9874,HAM_0007086,6
ISIC_0034181,1,NV,9875,HAM_0004587,8
ISIC_0034182,1,NV,9876,HAM_0002908,9
ISIC_0034183,0,MEL,9877,HAM_0003073,3
ISIC_0034184,1,NV,9878,HAM_0003137,1
ISIC_0034185,1,NV,9879,HAM_0000181,2
ISIC_0034186,4,BKL,9880,HAM_0000825,7
ISIC_0034187,1,NV,9881,HAM_0002476,3
ISIC_0034188,0,MEL,9882,HAM_0003506,9
ISIC_0034189,4,BKL,9883,HAM_0000805,0
ISIC_0034190,1,NV,9884,HAM_0003325,4
ISIC_0034191,1,NV,9885,HAM_0001708,5
ISIC_0034192,1,NV,9886,HAM_0005995,9
ISIC_0034193,1,NV,9887,HAM_0004351,1
ISIC_0034194,1,NV,9888,HAM_0005759,2
ISIC_0034195,1,NV,9889,HAM_0003300,5
ISIC_0034196,6,VASC,9890,HAM_0001852,3
ISIC_0034197,4,BKL,9891,HAM_0005442,7
ISIC_0034198,1,NV,9892,HAM_0007367,7
ISIC_0034199,1,NV,9893,HAM_0005265,6
ISIC_0034200,1,NV,9894,HAM_0004583,5
ISIC_0034201,4,BKL,9895,HAM_0000527,3
ISIC_0034202,0,MEL,9896,HAM_0007032,3
ISIC_0034203,1,NV,9897,HAM_0005190,0
ISIC_0034204,1,NV,9898,HAM_0001651,9
ISIC_0034205,0,MEL,9899,HAM_0007583,0
ISIC_0034206,1,NV,9900,HAM_0001133,7
ISIC_0034207,1,NV,9901,HAM_0007475,7
ISIC_0034208,0,MEL,9902,HAM_0005777,4
ISIC_0034209,1,NV,9903,HAM_0001547,8
ISIC_0034210,1,NV,9904,HAM_0005433,5
ISIC_0034211,0,MEL,9905,HAM_0007558,6
ISIC_0034212,1,NV,9906,HAM_0003755,7
ISIC_0034213,1,NV,9907,HAM_0005194,4
ISIC_0034214,6,VASC,9908,HAM_0007097,2
ISIC_0034215,1,NV,9909,HAM_0004088,6
ISIC_0034216,0,MEL,9910,HAM_0003843,9
ISIC_0034217,1,NV,9911,HAM_0003310,4
ISIC_0034218,0,MEL,9912,HAM_0002671,7
ISIC_0034219,1,NV,9913,HAM_0004165,0
ISIC_0034220,1,NV,9914,HAM_0002502,5
ISIC_0034221,4,BKL,9915,HAM_0007427,1
ISIC_0034222,0,MEL,9916,HAM_0002235,3
ISIC_0034223,2,BCC,9917,HAM_0003216,2
ISIC_0034224,1,NV,9918,HAM_0003852,6
ISIC_0034225,1,NV,9919,HAM_0002030,3
ISIC_0034226,1,NV,9920,HAM_0001905,4
ISIC_0034227,1,NV,9921,HAM_0003505,6
ISIC_0034228,1,NV,9922,HAM_0004213,7
ISIC_0034229,1,NV,9923,HAM_0005689,5
ISIC_0034230,1,NV,9924,HAM_0001264,1
ISIC_0034231,1,NV,9925,HAM_0005312,6
ISIC_0034232,1,NV,9926,HAM_0000216,1
ISIC_0034233,0,MEL,9927,HAM_0004844,7
ISIC_0034234,1,NV,9928,HAM_0004706,9
ISIC_0034235,4,BKL,9929,HAM_0005131,0
ISIC_0034236,0,MEL,9930,HAM_0005893,2
ISIC_0034237,1,NV,9931,HAM_0002170,1
ISIC_0034238,1,NV,9932,HAM_0002712,5
ISIC_0034239,0,MEL,9933,HAM_0004578,1
ISIC_0034240,1,NV,9934,HAM_0002367,3
ISIC_0034241,1,NV,9935,HAM_0004773,9
ISIC_0034242,0,MEL,9936,HAM_0005483,0
ISIC_0034243,0,MEL,9937,HAM_0002723,4
ISIC_0034244,1,NV,9938,HAM_0006121,4
ISIC_0034245,1,NV,9939,HAM_0005594,9
ISIC_0034246,0,MEL,9940,HAM_0000002,8
ISIC_0034247,1,NV,9941,HAM_0006559,6
ISIC_0034248,1,NV,9942,HAM_0004214,4
ISIC_0034249,1,NV,9943,HAM_0004584,3
ISIC_0034250,1,NV,9944,HAM_0004352,3
ISIC_0034251,1,NV,9945,HAM_0002898,0
ISIC_0034252,4,BKL,9946,HAM_0006074,6
ISIC_0034253,0,MEL,9947,HAM_0006097,0
ISIC_0034254,1,NV,9948,HAM_0002616,1
ISIC_0034255,2,BCC,9949,HAM_0005396,0
ISIC_0034256,0,MEL,9950,HAM_0005636,6
ISIC_0034257,1,NV,9951,HAM_0005905,6
ISIC_0034258,1,NV,9952,HAM_0003634,8
ISIC_0034259,4,BKL,9953,HAM_0004555,5
ISIC_0034260,1,NV,9954,HAM_0004705,4
ISIC_0034261,1,NV,9955,HAM_0002759,8
ISIC_0034262,0,MEL,9956,HAM_0000097,4
ISIC_0034263,0,MEL,9957,HAM_0002671,0
ISIC_0034264,1,NV,9958,HAM_0005248,6
ISIC_0034265,1,NV,9959,HAM_0005122,8
ISIC_0034266,1,NV,9960,HAM_0004120,9
ISIC_0034267,1,NV,9961,HAM_0005116,9
ISIC_0034268,1,NV,9962,HAM_0006666,4
ISIC_0034269,0,MEL,9963,HAM_0000662,1
ISIC_0034270,1,NV,9964,HAM_0003368,1
ISIC_0034271,1,NV,9965,HAM_0000443,6
ISIC_0034272,1,NV,9966,HAM_0002329,9
ISIC_0034273,1,NV,9967,HAM_0002016,8
ISIC_0034274,1,NV,9968,HAM_0004706,1
ISIC_0034275,0,MEL,9969,HAM_0000392,9
ISIC_0034276,2,BCC,9970,HAM_0003046,6
ISIC_0034277,1,NV,9971,HAM_0005263,5
ISIC_0034278,1,NV,9972,HAM_0004375,8
ISIC_0034279,1,NV,9973,HAM_0000556,7
ISIC_0034280,4,BKL,9974,HAM_0007427,7
ISIC_0034281,1,NV,9975,HAM_0004296,8
ISIC_0034282,1,NV,9976,HAM_0004882,6
ISIC_0034283,4,BKL,9977,HAM_0007281,4
ISIC_0034284,0,MEL,9978,HAM_0004240,5
ISIC_0034285,1,NV,9979,HAM_0001673,3
ISIC_0034286,1,NV,9980,HAM_0004176,5
ISIC_0034287,0,MEL,9981,HAM_0004578,8
ISIC_0034288,1,NV,9982,HAM_0003606,1
ISIC_0034289,0,MEL,9983,HAM_0006545,5
ISIC_0034290,1,NV,9984,HAM_0002009,2
ISIC_0034291,4,BKL,9985,HAM_0006528,1
ISIC_0034292,1,NV,9986,HAM_0007475,1
ISIC_0034293,1,NV,9987,HAM_0004099,8
ISIC_0034294,0,MEL,9988,HAM_0007032,4
ISIC_0034295,1,NV,9989,HAM_0001509,8
ISIC_0034296,4,BKL,9990,HAM_0006528,2
ISIC_0034297,1,NV,9991,HAM_0001547,6
ISIC_0034298,1,NV,9992,HAM_0007462,7
ISIC_0034299,2,BCC,9993,HAM_0007335,4
ISIC_0034300,1,NV,9994,HAM_0003512,0
ISIC_0034301,1,NV,9995,HAM_0001943,9
ISIC_0034302,1,NV,9996,HAM_0004215,4
ISIC_0034303,4,BKL,9997,HAM_0002372,7
ISIC_0034304,1,NV,9998,HAM_0002257,8
ISIC_0034305,1,NV,9999,HAM_0002915,1
ISIC_0034306,2,BCC,10000,HAM_0002526,6
ISIC_0034307,1,NV,10001,HAM_0000439,9
ISIC_0034308,1,NV,10002,HAM_0004272,9
ISIC_0034309,1,NV,10003,HAM_0003810,6
ISIC_0034310,1,NV,10004,HAM_0003424,3
ISIC_0034311,1,NV,10005,HAM_0007124,9
ISIC_0034312,1,NV,10006,HAM_0004216,2
ISIC_0034313,0,MEL,10007,HAM_0003679,0
ISIC_0034314,1,NV,10008,HAM_0006042,5
ISIC_0034315,4,BKL,10009,HAM_0000754,7
ISIC_0034316,0,MEL,10010,HAM_0004304,2
ISIC_0034317,0,MEL,10011,HAM_0006376,9
ISIC_0034318,4,BKL,10012,HAM_0000344,9
ISIC_0034319,1,NV,10013,HAM_0000747,4
ISIC_0034320,1,NV,10014,HAM_0002244,3
